Macht	мощь, сила, могущество, власть
wachsen	расти, вырастать, смазывать, натирать
interessiert	заинтересованный
links	лево
Hochzeit	свадьба, время расцвета
Gericht	суд, блюдо
Weihnachten	рождество, Рождество Христово
entfernt	далёкий, дальний
Verbrechen	преступление
Ehemann	муж, супруг
leihen	одалживать
betrügen	обманывать, изменить
rechts	правый
Koffer	чемодан
lächerlich	смешной, забавный
Absicht	намерение, умысел
besorgt	озабоченный
regnen	дождь идти
kehren	поворачивать, повернуть
Neuigkeit	новость
üben	упражняться
Flughafen	аэродром, аэропорт
Richter	судья, Книга Судей Израилевых
Zufall	случайность
Rechnung	счёт
verursachen	послужить причиной (чего-л.); вызывать, возбуждать (напр., спор, гнев)
stürzen	падать, сбрасывать, сталкивать, переворачивать
Kuss	поцелуй
merkwürdig	странный, необычайный; поразительный, удивительный, диковинный
Scherz	шутка, шалость
Brille	очки
bereuen	сожалеть
schmutzig	грязный, чумазый
einschlafen	засыпать
gemein	общий, простой, вульгарный, подлый
Freitag	пятница
Vorstellung	представление (кого-л. кому-л.); знакомство
ablehnen	отклонить, отказаться
Falle	ловушка
löschen	гасить, тушить, удалять
vernünftig	разумный, рассудительный, здравомыслящий, последовательный
empfehlen	рекомендовать, советовать, передать ( привет ), предлагать ( свой услуга )
Bär	медведь, мишка, медведица
Hof	двор, ферма, Хоф
peinlich	неловкий
Bürgermeister	бургомистр, мэр
versichern	страховать, страховаться
schalten	включать
Träne	слеза
empfangen	получать, принимать, приветствовать
mitteilen	сообщить
Treppe	лестница, крыльцо
vertraut	близкий, интимный
Gewissen	совесть
Huhn	курица, курятина
kündigen	расторгать, отменять
Sünde	грех
Gewehr	винтовка, ружьё
anfassen	касаться, прикасаться, трогать
vorwärts	вперёд
Hintern	зад, задница
rühren	шевелить, замешивать, трогать, растрогать
anhören	слушать, послушать, прослушать, выслушать
heim	дом
scheiden	разводиться, удаляться
ausdrücken	выражать
verwirrt	растерянный
herstellen	производить, изготавливать, устанавливать
neugierig	любопытный
Pfund	фунт
beliebt	популярный
regeln	регулировать (тж. тех.); управлять; регламентировать
begraben	хоронить
schwul	голубой, гомосексуальный, гейский
Akte	дело
zeichnen	рисовать, чертить, отмечать, отметить
befürchten	бояться, опасаться
räumen	очищать, убирать
vorbeikommen	заглянуть
hervorragend	выдающийся, замечательный
Braut	невеста
Stoff	вещество, материал, материя, ткань
bedrohen	грозить, угрожать
aufregend	волнующий, захватывающий
Lärm	шум
Gedächtnis	память
Mitternacht	полночь
Knopf	пуговица, клавиша, кнопка
Knast	тюрьма, сук, сучок
lehnen	наклонять, прислонять
aussprechen	произносить, выговаривать, выговориться, высказаться
erfreut	обрадованный, довольный
verzweifelt	отчаявшийся; в отчаянии
bedienen	прислуживать, управлять
verschieben	сдвигать / сдвинуть, передвигать / передвинуть, переместить, отложить / откладывать
auszeichnen	отмечать; делать отметки (напр., на деревьях); выделять (что-л. каким-л. шрифтом)
Teller	тарелка
ordentlich	аккуратный, порядочный
zerbrechen	ломаться, ломать
Sitzung	заседание
Kilo	кило
Beerdigung	похороны
Sendung	трансляция, эфир, передача, посылка
Magen	желудок
festnehmen	арестовывать
Gnade	прощение, помилование
dauernd	продолжительный, длительный; непрерывный, постоянный; прочный
Ehefrau	жена, супруга
beschuldigen	обвинять (кого-л. в чём-л.)
aussetzen	отпускать, выпускать, прекращать, прерывать
großzügig	великодушный, щедрый
einnehmen	принять (лекарство)
segnen	благословлять
höflich	вежливый, учтивый
Dienstag	вторник
erholen	отдыхать
aussteigen	выходить, сходить, катапультироваться, выбрасываться
Leitung	управление, руководство, газопровод, водопровод
verlegen	засунуть не туда, укладывать, переносить, переводить
Gepäck	багаж, кладь, полкажа, выкладка
Hafen	гавань, порт, Хафен
heulen	выть
wiegen	взвешивать, весить
losgehen	уходить, отправляться
befreundet	дружный, в дружбе
Miete	наём, найм, арендная плата, квартирная плата
nebenan	рядом, по соседству
stattfinden	состояться, иметь место
reizend	прелестный, очаровательный
begeistert	восторженный
Seil	канат
gelangen	добираться, достигать
ertrinken	утопать
vertragen	терпеть, выносить, переносить
Staub	пыль
Kerze	свеча, свечка
vertreten	представлять (напр., какую-л. страну), быть представителем (кого-л., чего-л.); защищать (чьи-л. интересы)
Scheidung	развод, расторжение брака
beteiligen	участвовать
wegwerfen	выбрасывать, отбрасывать
Kopfschmerz	головная боль
auseinander	врозь
zittern	дрожать, трястись
Teppich	ковёр
widmen	посвящать (что-л. кому-л., чему-л.)
vertreiben	отгонять
bewaffnet	вооружённый
schüchtern	нерешительный, робкий, стеснительный, застенчивый
Gemüse	овощ, зелень
Gebet	молитва
Handtuch	полотенце
Mitleid	сострадание, сочувствие
Zaun	забор, изгородь, ограда
bescheiden	скромный
Küste	побережье, берег, морской берег
Spaziergang	прогулка
Amt	пост, должность, правительственное учреждение, государственный орган
reinlegen	разг. надувать, одурачивать; подводить, ставить в дурацкое положение
Verdächtige	подозреваемая, подозреваемые
daheim	дома, у себя
Schachtel	коробка, пачка
Geisel	заложник
Sitz	сидение, место, местоположение, резиденция
Krone	корона, коронка, крона
übertreiben	преувеличивать, перегибать палку
gehorchen	слушаться, повиноваться
Verabredung	условие, уговор, соглашение, договорённость
beeinflussen	повлиять, влиять, оказывать влияние
Fahrzeug	транспортное средство
Zwerg	гном, карлик
aufräumen	убрать, покончить
einziehen	втягивать
mieten	арендовать, снимать
verhandeln	договариваться, вести разбирательство (в суде), разбирать вопросы
Getränk	напиток
Führerschein	водительское удостоверение, водительские права
frühstücken	завтракать
Kleinigkeit	мелочь , umg. фигня
umdrehen	перевернуть, развернуться
Turm	башня, ладья
innen	изнутри, внутри
vierte	четвёртый
ausleihen	одолжить, одалживать
Enkel	внук, потомок
Gemälde	картина
Gegenwart	настоящее, присутствие
Ärztin	женщина-врач, врачиха
kleiden	одевать (кого-л.)
kürzlich	недавно
ausdenken	выдумывать, придумывать
sehnen	скучать, тосковать
erschöpft	истощённый, утомлённый, измождённый
belästigen	докучать, надоедать (кому-л. чем-л.), обременить, беспокоить (кого-л. чем-л.)
beachten	замечать, учитывать
absichtlich	намереный, умышленный
ehren	почитать
Aufzug	лифт, акт
beunruhigen	беспокоить, тревожить
Ratschlag	совет
ernähren	питать, кормить; вскармливать
Verspätung	задержка
Esel	осёл, ишак
finanziell	финансовый, денежный
zustoßen	захлопнуть (дверь)
verleihen	дать на время
Atem	дыхание, дух
ausbrechen	сбежать
widerlich	отвратительный, омерзительный, невыносимый
regieren	управлять, править
bevorzugen	предпочитать
Buchstabe	буква
Angestellte	служащая
Schätzchen	разг. птенчик (обращение), дорогая (обращение к женщине), зайка, любимая (обращение), милая (обращение), радость моя (обращение)
Behörde	орган власти, правительственное учреждение, государственный орган
einsteigen	садиться сесть )
einschalten	включать, подключиться
Affäre	(неприятное) дело; похождение; афера
fleißig	прилежный, старательный
einbrechen	вла́мываться, рушиться
zurückgehen	возвращаться, уменьшаться, спадать, происходить
Vorhang	занавеска
durchaus	непременно, вполне, в том числе, абсолютно
Heim	дом
Rückkehr	возвращение
beseitigen	устранять
Vorwurf	упрёк, укор
ungern	неохотно, нехотя
Ofen	печь, печка, Буда, Пешт
Widerstand	сопротивление, резистор
quälen	мучить
ausgerechnet	подсчитаный, вычисленный, как нарочно, как специально
rasieren	брить, бриться
Störung	беспокойство; помеха; нарушение; расстройство
Herrgott	Господь Бог
Krankenschwester	медсестра
Bedürfnis	потребность
Ausgabe	раздача, расход, издание, номер
Sekretärin	секретарша
befördern	перевозить, транспортировать, повышать в должности, поддерживать
Bursche	бурш
Herbst	осень
Biene	пчела
Liebhaber	любовник
edel	благородный
geeignet	пригодный, подходящий
vergangen	былой, минувший, прошедший
aufstellen	размеще́ние устано́вка
Tatort	место происшествия
frieren	мёрзнуть, мне холодно
ausrichten	направлять, устраивать, передавать, добиться
ablegen	снимать (одежду, обувь)
Verhandlung	слушание дела, переговоры
Märchen	сказка
schütteln	трясти
Pfarrer	священник
Ermittlung	разыскивание, обнаружение; выяснение, установление
Mittwoch	среда
reinigen	чистить
Alptraum	кошмар, кошмарный сон
Narbe	рубец, шрам, рыльце, дёрн
erzeugen	производить
neigen	наклоняться, наклонять, быть склонным
Zahnarzt	зубной врач, стоматолог, дантист
unabhängig	независимый
beurteilen	судить
Ausrede	отговорка
Gehalt	содержание, зарплата
Sarg	гроб
aufbringen	разг. (с трудом) открывать
Felsen	скала
Glaube	вера, уверенность
Fass	бочка
reingehen	войти, зайти внутрь
Laster	порок, грузовик
verdächtig	подозрительный
zünden	зажигать; воспламенять; взрывать, подрывать
erregen	возбуждать
Stirn	лоб
ablaufen	стекать, вытекать
Raumschiff	космический корабль, космическое судно
Brunnen	колодец
Hubschrauber	вертолёт
fünfte	пятый
unterzeichnen	подписывать
Schluck	глоток
regelmäßig	правильный; закономерный
verärgern	разозлить
Korrektur	поправка
verreisen	уехать она уехала
Heirat	свадьба
Bevölkerung	население
Einbruch	взлом
Erdbeben	землетрясение
aufrichtig	искренне
Gegenstand	предмет
spenden	жертвовать
ersticken	задыхаться, душить, тушить, гасить
Feder	перо, ручка, авторучка, пружина
Vorschrift	пропись, образец (письма)
verwickeln	спутывать, запутывать (пряжу)
hinfahren	отвозить (туда)
leuchten	светиться
aufhängen	вешать
Anklage	обвинение, упрёк
anklagen	(G и wegen G) обвинять (кого-л. в чём-л.), предъявлять обвинение (кому-л. в чём-л.)
Anlass	причина, основание
einmischen	вмешивать (тж. перен.)
zurzeit	сейчас, в настоящий момент
grob	грубый
pleite	банкротство, крах, неудача
ausreden	отговорить, договорить
freilassen	выпускать, освобождать, отпускать на волю
kleben	клеить, склеивать
anrichten	совершать
Datei	файл
ausgezeichnet	прекрасный, отличный, блестящий
soeben	только что
herunter	вниз (по направлению к наблюдающему)
Schirm	зонтик, зонт, экран
Glocke	колокол
rausholen	вытащить, достать
Ross	скакун, конь
Fleck	пятно
überfahren	переезжать, давить, проезжать
abziehen	удаляться, удалять, вычитать, точить
Verfassung	состояние, конституция
Unschuld	невинность, девственность
ohnmächtig	обморочный, без сознания, бессильный
bezaubernd	обворожительный, очаровательный
läuten	звонить
steuern	вести, регулировать, управлять, руководить
Friedhof	кладбище
Wurm	червь, червяк
Gemeinde	община, муниципалитет
weswegen	из-за чего, поэтому, из-за этого
Umschlag	конверт, компресс, примочка, припарка
Schublade	выдвижно́й я́щик, я́щик
Praxis	практика, кабинет
kratzen	расчёсывать, чесать; царапать; скрести, скоблить
vorlesen	зачитывать
Verlobte	невеста
Zeitschrift	журнал
sprengen	подрывать (тж. перен.); взрывать
aussagen	сказать, высказать
hinunter	вниз
scheinbar	мнимый, кажущийся
pflanzen	сажать, посадить (растения)
Grundstück	земельный участок, имение
deuten	указывать, истолковывать, интерпретировать
Nachname	фамилия
Eimer	ведро
Tugend	достоинство
vermasseln	испортить, провалить
Mütze	шапка
ausrauben	разграблять
einlassen	впускать, наливать, наполнять, начать
Süßigkeit	сладость
Überlebende	выжившие, уцелевшая
Eichhörnchen	белка, веверица
bewusstlos	бессознательный
abreisen	уезжать
schmelzen	плавиться ( расплавиться ), таять ( растаять ), плавить ( расплавить ), растапливать ( растопить ), таять ( растаять )
verkleiden	наряжаться
Kofferraum	багажник
günstig	недорого, дёшево
einschließen	запирать, закрывать на ключ
Korb	корзинка, короб
geheimnisvoll	таинственный
nochmals	ещё раз
ermitteln	узнавать, разузнавать, выяснять, определять, устанавливать, обнаруживать, разыскивать; добывать (сведения)
hervor	наружу, вперёд
Brieftasche	бумажник
widerstehen	устоять, выдерживать
klagen	оплакивать, жаловаться, подавать
wischen	стирать, протирать, давать пощёчину, листать
Hoheit	величие
Diebstahl	кража, воровство
Schmetterling	бабочка, мотылёк, баттерфляй
bewachen	охранять
angemessen	соответствующий
Saft	сок
Niederlage	поражение
verklagen	предъявить иск
Haken	крючок, галочка, загвоздка, крюк
Feiertag	праздник, празднество
Wal	кит
trösten	утешать
Außerirdischer	инопланетянин, пришелец
Besprechung	совещание, дискуссия, обсуждение, рецензия
Beschwerde	претензия, жалоба
eilen	спешить, торопиться
ausfallen	отменяться
Änderung	изменение
spucken	плевать
Vorname	имя
aufbewahren	сберегать, сохранять
Kissen	подушка
U-Bahn	метро, метрополитен
Streich	удар
knacken	трещать; хрустеть
Hintergrund	задний план (тж. перен.)
Böses	зло, дурное
eigenartig	странный, необычный
einschlagen	вбивать, забивать, вколачивать
Herrschaft	власть, правление, господство, господа
ähneln	быть похожим, походить (на кого-л.)
Angeklagte	юр. подсудимый, обвиняемый
Eigenschaft	свойство
stolpern	спотыкаться
Löffel	ложка
abwarten	выжидать, ждать
auflösen	распускать, распутывать
segeln	идти под парусом
fernhalten	отстранять (кого-л. от чего-л.); удерживать (кого-л. от чего-л., от общения с кем-л.)
Trost	утешение
Anwesenheit	присутствие
frech	дерзкий, нахальный, наглый
Taube	голубь, голубка , голубок, глухая
Premierminister	полит. премьер-министр
Kehle	горло
eventuell	возможный, вероятный возможно, вероятно
Forderung	требование, вызов
geschäftlich	деловой
gespannt	напряжённый, заинтригованный
erstens	во-первых
beklagen	жаловаться, сетовать
geduldig	терпеливый
Regal	полка, регалия
Vorfahre	предок
Betrüger	мошенник, обманщик
Blutdruck	кровяное давление
abstellen	поставить, перестать, выключить
Wange	щека
abfahren	отправляться, отъезжать, вывозить, дать от ворот поворот
Nadel	игла
Honig	мёд
eindringen	внедрение, вторжение, проникновение
Sauerstoff	кислород
Zeh	палец на ноге, палец ноги
einholen	догонять, нагонять
Handschelle	наручник
prügeln	бить, колотить, избивать
bedeckt	покрытый
Klage	жалоба
überzeugend	убедительный
dreißig	тридцать
stundenlang	длящийся часами
zuschlagen	захлопывать
Würde	достоинство, титул
Scheune	сарай
Botschafter	посол
Stall	стойло
erbärmlich	жалкий
beraten	советовать
Frisur	причёска
übertrieben	чрезмерный
anzünden	зажигать
hereinkommen	входить
auslöschen	гасить, тушить
gruselig	жуткий
vergewaltigen	насиловать, изнасиловать
beugen	сгибать; наклонять
erben	наследовать
Betrug	обман, мошенничество, надувательство
Daumen	большой палец
Vorrat	резерв, запас, припас
Nichte	племянница
Einzelheit	подробность
Topf	кастрюля, горшок
zweifellos	несомненно , несомненный
Handtasche	сумочка
Bohne	боб, фасоль
Silber	серебро, серебряная посуда, серебряная медаль
kritisieren	критиковать
Ladung	груз, заряд, вызов, повестка
Heilmittel	лечебное средство
verärgert	сердитый
umgekehrt	обратный
erwidern	отвечать, возражать
verwunden	ранить
Fahne	флаг, знамя
anmachen	приправлять, зажигать, включать, прикреплять
unterschätzen	недооценивать
geradeaus	прямо
dar	представлять (собой)
erwecken	будить
anfangs	сначала
verkünden	возвещать, провозглашать, объявлять, обнародовать
hinkriegen	разг. справиться (с чем-л.); осуществить, совершить (что-л.)
Fahrkarte	билет
Nachbarschaft	соседство
erstellen	творить, сотворить, создавать, строить
Versammlung	собрание, ассамблея
abreißen	отрывать, разрываться, обрываться
behilflich	полезный
abhängig	зависимый
zuständig	ответственный
Kram	хлам, барахло, пожитки, скарб
Gürtel	пояс
Trennung	разделение, разрыв, разлука, развод
taugen	годиться, быть (при)годным (на что-л., для чего-л., к чему-л.)
plaudern	болтать
schleppen	тащить, тащиться, тянуть, таскать
betteln	просить
ernennen	назначать (кем-л., на какую-л. должность); производить (в офицеры и т. п.); посвящать
beabsichtigen	задумывать, замышлять, намереваться
urteilen	судить
beneiden	завидовать
Trinkgeld	чаевые
Bargeld	наличные деньги
rutschen	скользить
Nachbarin	соседка
vereinbaren	согласовывать (с кем-л.)
austauschen	обменивать
Lehre	учение, инструкция
Leine	поводок, Лайне
verbrechen	провиниться
vergraben	закапывать, закопать
anfühlen	ощупывать
Taschentuch	носовой платок
Sau	свиноматка, свинья
auswendig	наизусть
leugnen	отрицать, оспаривать, отвергать
übertreffen	улучшать, увеличивать, превосходить
ausstehen	испытывать, терпеть, выносить (боль, страх и т. п.)
ausfüllen	заполнить
unterdrücken	сдерживать, удерживать
Geständnis	признание
Staatsanwalt	прокурор, обвинитель
deinetwegen	ради тебя
Drehbuch	сценарий
bemerkenswert	достойный внимания, замечательный
erkälten	простывать, простужаться, морозить, замораживать
bewerben	добиваться
senken	опускать, понижать
Blödmann	дурак
biegen	гнуть, сгибать, огибать, гнуться
erraten	угадать
Zettel	записка
Henker	палач
entsetzlich	ужа́сный, жу́ткий
Fahrstuhl	лифт
andauernd	продолжительный, длительный; постоянный
davonkommen	уйти, отделаться (от кого-л., от чего-л.)
Ernte	урожай
hinzu	вдобавок, к тому же
Sender	радиопередатчик
gönnen	позволить себе
Rente	пенсия, рента
begabt	одарённый, талантливый
Beleidigung	оскорбление
einpacken	упаковывать
Zerstörung	разрушение, разорение, опустошение, уничтожение, нарушение, порча
Geheimdienst	секретная служба
Fresse	морда животного
quatschen	болтать
Gans	гусь, гусыня, курица
Bogen	кривая, дуга, арка, свод
gefälligst	пожалуйста, если угодно
Versuchung	искушение
Fee	фея
umwerfend	поразительный; потрясающий, умопомрачительный
aufsetzen	надевать; насаживать; ставить (на что-л.)
berechnen	вычислять, исчислять; (с)калькулировать; подсчитывать, оценивать
lauschen	подслушивать, слушать
Vergebung	прощение
Gespenst	призрак, привидение
Kern	ядро, косточка, ядрышко, активная зона реактора
Gerede	злословие, сплетня
dazwischen	между этим
herbringen	приносить, приводить; привозить
erschlagen	убивать
gelassen	спокойный, невозмутимый, хладнокровный
Vermutung	догадка, предположение, допущение
wehen	веять, дуть, развеваться
Qual	мука
Seife	мыло
Handschrift	почерк
Manier	манера
aufwecken	(раз)будить
verspäten	опаздывать
Geste	жест, мышиный жест
blutig	кровавый
vorübergehend	временный
Gipfel	вершина, встреча на высшем уровне, саммит, верхушка
färben	красить
rückwärts	обратно, назад
Aufzeichnung	зарисовка, набросок
hierhin	сюда
Leber	печень
Bestellung	заказ, возделывание, доставка
Friseur	парикмахер
Kloster	монастырь, Клостер
Beamte	чиновник; служащий; государственный служащий, должностное лицо
Verpflichtung	обязанность, обязательство, договорённость, задолженность
Einrichtung	оборудование, учреждение учреждение социального назначения
Bemerkung	замечание
Enttäuschung	разочарование
Sammlung	коллекция
unerträglich	невыносимый
unter-	под-
Schildkröte	черепаха
vollbringen	совершать
fortgehen	уходить
Aufstand	бунт, восстание, мятеж
Rechtsanwalt	адвокат
schwitzen	потеть
Winkel	угол, треугольник
beschleunigen	ускорять, ускоряться, форсировать
Bildung	образование
Schüssel	миска
Umgang	обход; объезд
vorwerfen	бросать (вперёд)
umlegen	надевать, накидывать (пальто)
Unterwäsche	нижнее бельё
gestohlen	краденый, ворованный
Balkon	балкон
erpressen	принуждать, вымогать, шантажировать
anrühren	трогать (что-л., кого-л.), прикасаться, притрагиваться (к чему-л., к кому-л.)
Lastwagen	грузовик
zubereiten	готовить
Birne	груша, лампочка
reiben	тереть, натереть, протереть, вытереть
Schurke	негодяй, жулик, плут
Zuneigung	склонность, расположение
anzeigen	показывать
Betracht	употр. в сочетаниях: etw. außer Betracht lassen — не принимать что-л. во внимание [в расчёт], не учитывать что-л.; etw. in Betracht ziehen — принимать во внимание [в расчёт], учитывать что-л.
Flüchtling	беженец / беженка
überdenken	продумать, обдумать
Ameise	муравей
entziehen	лишать, избегать
Zeichnung	рисунок
befassen	ощупывать, трогать
verfallen	разрушаться, истекать
durchkommen	проходить, проезжать
hüten	оберегать, охранять, стеречь
gewalttätig	насильственный
Nachtisch	десерт
aufführen	воздвигать, возводить, сооружать (здание, стену, насыпь)
überaus	чрезвычайно
Angewohnheit	навык, привычка
Erkenntnis	филос. познание
roh	сырой, необработанный, черновой, грубый
versäumen	упустить, пропустить
verarbeiten	обрабатывать, перерабатывать, расходовать, употреблять
neidisch	завистливый
aufessen	съедать
Streichholz	спичка
örtlich	местный, локальный
andermal	в другой раз
Anwältin	адвокат (о женщине)
Vertreter	представитель
Schal	шарф
beantragen	ходатайствовать
streicheln	гладить, ласкать
einreichen	подавать, вносить
Neugier	любопытство
Gebot	за́поведь
Gleichgewicht	равновесие
stopfen	штопать
beauftragen	поручать
Einspruch	возражение, протест; отпор
schiefgehen	разг. не удаться, провалиться, сорваться, плохо кончиться
anschreien	прикрикнуть, (на) кричать (на кого-л.)
Verzweiflung	отчаяние
Standpunkt	точка зрения
Zwiebel	лук, луковица
Axt	топор
strahlen	излучать, светить, сиять
Privatsphäre	сфера личной жизни, личная сфера
Dose	банка
veranstalten	организовывать, организовать
Einwohner	житель
Hurensohn	уничиж. ублюдок, сукин сын, паршивец
Mönch	монах, славка черноголовая
auskommen	обходиться
verschlucken	проглатывать, глотать (тж. перен.)
Anhänger	прицеп, приверженец
Schwachkopf	слабоумный (тупоумный) человек, дурак
zurücktreten	отступать, отходить, уйти в отставку
bestechen	подкупать
Flüssigkeit	жидкость
liebevoll	заботливый
Knabe	мальчик, отрок
anbringen	устанавливать, приделывать, прикреплять
beängstigend	тревожный, пугающий
heimkommen	возвращаться домой
Tankstelle	заправочная станция, заправочная
Welpe	щенок
verknallen	влюбиться, втюриться, втрескаться
Bezahlung	оплата; платёж
ausbilden	обучать (специальности, военному делу и т. п.), готовить (к работе по какой-л. специальности)
ausländisch	иностранный
veranlassen	поручить, побуждать
Rohr	труба, ствол
Mehrheit	большинство
Tuch	сукно, платок
Hochzeitstag	день свадьбы
büßen	искупать, искупить (вину)
Tänzerin	танцовщица
Unterkunft	убежище
großziehen	воспитывать, растить
schmieren	смазывать, мазать; намазывать; промазывать, вмазывать
heiter	весёлый, безо́блачный, я́сный (о пого́де)
Phantasie	фантазия
voneinander	друг от друга
schmerzhaft	болезненный
Erkältung	простуда
fälschen	подделывать (подпись и т. п.)
Einbrecher	взломщик
Bemühung	усилие, труд, старание; хлопоты (um A о чём-л.)
einlegen	вкладывать, вставлять, помещать; закладывать
herausstellen	оказываться, подчёркивать, выставлять, отстранять
Gitter	сетка
Erziehung	воспитание, воспитание ; [4] дрессировка, взращивание, дрессировка
anerkennen	признавать, уважать
beschaffen	быть в состоянии , быть предназначенный , быть способный, мочь, приобретать
ungerecht	несправедливый
Teich	пруд
Schere	ножницы, клешня
erzielen	добиваться, достигать (чего-л.)
Zeitplan	расписание, график
anstarren	(неподвижно) уставиться, пристально смотреть (на кого-л., на что-л.); вылупить глаза (на кого-л., на что-л.) (разг.)
Köder	приманка
durstig	жаждущий
Pullover	свитер
entspannt	расслабленный, спокойный
vorziehen	предпочитать
Vereinbarung	соглашение, договорённость
aufrecht	прямой (вертикальный)
Telegramm	телеграмма
Dom	собор
meiden	избегать, сторониться, уклоняться
Erdbeere	земляника, клубника
pflücken	рвать, срывать, собирать (цветы, плоды и т. п.)
Gasse	переулок
Schnitt	пересечение, сечение, порез, срезанное
abscheulich	отвратительный
brennend	горящий, пылающий (тж. перен.)
hinbringen	относить; отвозить; отводить; приносить; приводить (туда)
bedürfen	нуждаться (в чём-л.)
Feuerwehr	пожарная команда, пожарник
winken	махать, маячить, светить
Aktie	акция
steif	жёсткий, твёрдый; негнущийся
unverzüglich	немедленно, неотложно, незамедлительно, безотлогательно
Verschwörung	заговор
begehren	жаждать
sichergehen	действовать наверняка, не рисковать
Schnecke	улитка, плюшка, баранка, завиток
Bezirk	район, округ
Genehmigung	одобрение, согласие
abheben	забирать, взлетать, снимать
hegen	оберегать (кого-л., что-л.), лелеять (кого-л.), ухаживать (за кем-л., за чем-л.)
Rahmen	рама, рамка, оконная рама, оконный переплёт
scheren	стричь, подрезать, заботиться, интересоваться
Kaugummi	жевательная резинка, жвачка
sachte	тихонько, осторожно
Beeilung	спешка
Hüfte	бедро, огузок
Institut	институт, здание института, правовой институт
Schläger	бьющий (тж. спорт.)
Ballon	баллон
wickeln	обертывать
mitgehen	сопровождать (кого-л.), идти вместе (с кем-л.)
klarkommen	разг. mit einer Sache klarkommen — завершить какое-л. дело
überflüssig	ненужный, излишний
bestreiten	оспаривать, опровергать
erwerben	приобретать, покупать
kindisch	ребячиться
hinrichten	казнить
Schinken	ветчина
ernten	убирать, пожинать
überbringen	передавать
einmalig	однократный, единственный, необыкновенный, превосходный
Ehrlichkeit	честность
sonderbar	необычный
unzufrieden	недовольный
Nickerchen	дремота
auslachen	высмеивать
Senat	сенат, государственный совет
abbiegen	погнуть, повернуть
Maler	художник, маляр
Obst	фрукты
hüpfen	прыгать, скакать, припрыгивать
Pfeife	свисток, трубка
Nacken	шея
borgen	занимать (брать/давать взаймы)
Schuppen	сарай
Kutsche	экипаж, карета, повозка, корыто
mitfahren	ехать вместе
fünfzehn	пятнадцать
Debatte	прения, обсуждение
Ungeheuer	монстр
Sängerin	певица
fertigmachen	заканчивать / закончить, завершать / завершить, прикончить, доконать
Geschworene	присяжные
erschüttern	потрясти; (по)колебать; подрывать
Abkürzung	сокращение
Entführung	похищение
erstaunt	изумлённый, удивлённый
verwöhnen	ублажать, баловать, избаловать
Eifersucht	ревность
Zustimmung	согласие, одобрение
demütigen	унижать, унижаться
Geschirr	посуда, сбруя
abstürzen	разбиваться
Ärmel	рукав
misstrauisch	недоверчивый
Fledermaus	летучая мышь
schräg	косой / косая / косое, кос / коса / косо, наклонный / наклонная / наклонное, наклонен / наклонна / наклонно
Spitzname	прозвище, кличка, кликуха, погоняло
vertraulich	близкий, интимный; хорошо (давно) знакомый
Kasten	ящик
verspüren	почувствовать, ощутить
Flotte	флот, флотилия
finster	мрачный, тёмный
unverschämt	наглый, нахальный, бесстыдный, бессовестный
ungut	недобрый
Treffer	попадание (напр., пули)
Heimweg	обратный путь домой (на родину)
zufügen	добавить, добавлять, причинять, причинить
Fach	предмет
Geschöpf	существо
Miststück	стерва, дрянь
Bleistift	карандаш, простой карандаш
anfahren	сталкиваться
Lügnerin	врунья, лгунья
ergehen	etw. ergehen lassen — издавать, опубликовывать, объявлять (приказ и т.п.)
beinhalten	включать, требовать, зависеть, предусматривать
leidenschaftlich	страстный, пылкий
restlich	оставшийся, остающийся
erforderlich	необходимый, нужный, требуемый
Ersatz	замена, заменитель, суррогат, эрзац
Einkaufszentrum	торговый центр
wärmen	греть, нагревать, согревать, разогревать, обогревать
mittags	в полдень
Zitrone	лимон
Niere	почка
verhören	допрашивать
Veranda	веранда
bremsen	тормозить
besteigen	влезать
stumm	немой
Bude	лавка, ларёк, палатка (на рынке); магазин
Feuerwerk	фейерверк
Segel	парус
saugen	сосать
auslassen	упускать
Einkommen	доход
Schalter	выключатель, окошко, стойка
vögeln	разг. случаться, спариваться, пялить
verkehren	неперех. общаться, поддерживать отношения (знакомство), сноситься (с кем-л.); связываться (по телефону) (с кем-л.)
Becher	стакан, Чаша
fabelhaft	баснословный, чудесный
Bote	гонец, курьер, посыльный
laufend	бегущий, непрерывный, текущий
apropos	кстати
flüssig	жидкий
Kreuzung	перекрёсток
benachrichtigen	уведомлять, информировать
weitergeben	передавать
abwenden	предотвратить, отвернуть
Ast	ветка, сук, ветвь, сучок
Spende	пожертвование
gegenwärtig	современный
Mücke	комар, Мюкке
sonntags	по воскресеньям
Erlebnis	опыт
erweitern	расширять, распространять, увеличивать
fehlend	недостающий; отсутствующий
Vorlesung	лекция
aufeinander	друг на друга
Meldung	извещение, уведомление
zulegen	добавлять, прибавлять, докладывать
fließend	текущий; текучий
Untergang	закат, заход (светила)
Bildschirm	экран
Veranstaltung	организация подготовка, мероприятие, концерт, собрание
Pfannkuchen	блин, колобок
Karton	картон, коробка
gutaussehend	привлекательный внешне, обладающий приятной внешностью
Wettkampf	соревнование
Großeltern	дедушка и бабушка
Ohrring	серьга, серёжка
Rollstuhl	кресло-каталка
Dampf	пар
Speck	шпик
wiedererkennen	узнавать (кого-л.)
Stockwerk	этаж
bunt	красочный, пёстрый, разноцветный, яркий
Draht	провод
beitragen	содействовать (в чём-л.), способствовать (чему-л.), вносить свой вклад (во что-л.)
vorsehen	предусматривать, намечать; планировать
Pfote	лапа
pressen	прессовать
Klippe	утёс
Gunst	благосклонность, милость, покровительство, любезность
nebenbei	мимоходом
Lamm	ягнёнок, ягнятина
streben	направляться, стремиться
Dosis	доза
wegkommen	уходить; уезжать
Rind	крупный рогатый скот, говядина
ermutigen	ободрять, воодушевлять
schütten	сыпать, лить
Schnurrbart	усы
Parlament	собрание, парламент
Chefin	руководительница; начальница; владелица предприятия
Spinne	паук
Kaution	залог
amüsant	забавный
uralt	древний, древнейший
zurückzahlen	уплачивать, возвращать (долг)
Lippenstift	губная помада
Ampel	подвесной светильник, светофор, подвесной горшок
nachgeben	подать, добавить, уступать, соглашаться
Mandant	юр. мандант, доверитель
Abwechslung	перемена, развлечение, разнообразие
ungeduldig	нетерпеливый
hinweisen	обратить чьё-либо внимание на что-либо, напомнить кому-либо
Klinge	клинок
jucken	Юккен
Poesie	поэзия
Nonne	монахиня, шелкопряд-монашенка, монашка (желобчатая черепица)
Kragen	ворот, воротник, воротничок
auspacken	распаковывать, распаковать
Dorn	шип, колючка, шило
Austausch	обмен
Kraut	зелень, трава, капуста
Vorstand	правление
Flitterwochen	медовый месяц
Vaterland	отечество, родина
wahrnehmen	воспринимать
betonen	делать ударение (на чём-либо), подчёркивать
Börse	биржа, кошелёк
auffordern	просить (сделать что-л); призывать (кого-л к чему-л)
Tresor	сейф
Sturz	падение (с высоты)
zeugen	зачать; производить на свет, рождать
hinstellen	ставить, поставить
Gabel	вилка
Mehl	мука, Мель
hochgehen	подниматься
genehmigen	(благосклонно) принять
gelangweilt	скучающий
amüsiert	развеселённый, позабавленный
Reisende	путешественник, путешественница
ansetzen	ставить, приставлять, подставлять; подводить; подносить
Truthahn	индюк
schnarchen	храпеть
Anschuldigung	обвинение
verfassen	сочинять
Komitee	комитет
verlängern	удлинять, продлевать, разбавлять
überholen	обгонять, реконструировать, ремонтировать
umkommen	погибать, портиться
züchten	разводить, выращивать, культивировать (растения)
Tänzer	танцор
Kammer	комнатка
zuschauen	наблюдать, смотреть
widerfahren	случаться
jeweils	каждый, каждый раз
Läufer	бегун, полузащитник, слон, дорожка
Ruder	весло, штурвал, руль
wimmeln	кишеть (чем-л.)
Reue	раскаяние
Beobachtung	наблюдение
Finsternis	тьма, темнота, мрак, затмение
Eule	сова, совка, полуночник
demnächst	скоро
umkehren	поворачивать обратно (назад); ложиться на обратный курс
verwirrend	сбивающий с толку
berauben	(о)грабить, обирать
Sitte	обычай, нрав
erstatten	возмещать
Schöpfer	черпак, ковш, создатель, автор
durchhalten	продержаться, выстоять, выдержать до конца
Weltall	вселенная, космос, мироздание
Begleitung	сопровождение, охрана
rausbringen	вынести, вывести
verdrehen	скручивать; перекручивать; крутить
entzückend	прелестный, восхитительный; обворожительный; замечательный
Erscheinung	явление, появление
verschütten	засыпать, завалить, проливать
versehentlich	ошибочный
Deckel	покрышка, крышка
aufteilen	поделить, разделить
heikel	придирчивый, щекотливый, деликатный, щепетильный
deprimieren	удручать, угнетать
Todesstrafe	смертная казнь
klemmen	зажимать, защемлять; прищемлять; сдавливать, сжимать
unzählig	бесчисленный, несметный
Mitbewohner	сожитель
ansteckend	мед. заразный, инфекционный
beichten	исповедоваться (в грехах)
davonlaufen	убегать
blenden	ослеплять
Verein	объединение
Bonbon	конфета, леденец
umgehend	немедленный
Grippe	грипп
Verhaftung	арест, задержание; взятие под стражу
vermisst	пропавший, без вести пропавший
verbrauchen	потреблять
Kratzer	царапина
Flecken	пятно
lahm	парализованный, медленный, скучный
ereignen	случаться, происходить
quer	через
vortäuschen	симулировать
schuften	разг. надрываться, вкалывать, работать, не разгибая спины
Bischof	епископ
unmittelbar	прямой, непосредственный
glänzend	блестящий, сияющий; лоснящийся
Riss	трещина, разрыв, сечение, расщелина
Ausbruch	начало (войны, грозы и т. п.); (внезапное) возникновение; вспышка, взрыв
Hülle	оболочка, скорлупа, упаковка
Türe	дверь
scheußlich	ужасный
immerzu	постоянно, беспрерывно, всё время; то и дело
erbauen	строить
Wahrscheinlichkeit	вероятность
vollenden	завершать, заканчивать
christlich	христианский
verriegeln	запирать
anderthalb	полтора
wiedergutmachen	возмеща́ть
schlank	тонкий, стройный
Entführer	похититель (женщины, ребёнка)
vorerst	сперва, прежде всего, пока
Platte	доска, плита, пластина, пластинка
entwischen	ускользать
Perücke	парик
kneifen	щипать, сжимать, отступать
beheben	устранять, ликвидировать (напр., недочёты); преодолевать (трудности)
vorläufig	предварительный, временный, временно
verlässlich	надёжный
kauen	жевать
einjagen	вгонять, загонять; вбивать
klarstellen	выяснить, распутать, разъяснять, объяснить, прояснить
vernehmen	слушать, допрашивать
hinkommen	приходить (туда); попадать (туда)
Ähnlichkeit	сходство, подобие
ausflippen	быть вне себя
Stier	бык, Телец
Wirt	хозяин, квартиросдатчик, реципиент
Bestätigung	подтверждение
Angehörige	члены, участники, родственница
schlüpfen	проскользнуть, скользнуть, ускользнуть, напялить
Fußboden	пол
Jammer	плач, причитание, вопль, стенания
Ader	кровеносный сосуд, прожилка, прожилок, жила
auffinden	находить, отыскать
Päckchen	небольшая розничная упаковка; пакетик конфет и т. п., пачка сигарет и т. п.
unwohl	плохо (себя чувствовать)
verschreiben	допустить ошибку, выписывать, прописывать, посвятить себя (чему-либо), отдаться (чему-либо)
bessern	улучшать, делать лучше, улучшаться, становиться лучше
Philosoph	философ
Besen	метла, веник
Erfüllung	выполнение, исполнение, осуществление
Verband	соединение
jährlich	ежегодно
Gatte	муж, супруг
herausbekommen	(с трудом) вытащить, извлечь (напр., гвоздь)
Handgelenk	запястье
nähren	питать, кормить
erkundigen	справляться / справиться (&lsqb; &rsqb, осведомляться / осведомиться (&lsqb; &rsqb, разузнавать / разузнать , узнавать / узнать (
Damm	насыпь, вал, дамба, плотина
Ausstellung	выставка
derart	настолько, до такой степени
Würfel	куб, кубик, игральная кость
Sonnenbrille	со́лнечные очки́
hinnehmen	брать, взять (себе)
schummeln	мухлевать
umfallen	опрокидываться, падать
ausschließlich	исключительный, исключительно, исключая, не включая
Soße	соус
Mühle	мельница
gesellschaftlich	общественный
niederschlagen	влиять, воздействовать
Notizbuch	записная книжка, блокнот
klatschen	хлопнуть
nachmittags	днём
säubern	чистить, мыть; убирать
Regenbogen	радуга
Messe	месса, католическая литургия, богослужение; обедня
Bruch	разрыв, перелом, грыжа, нарушение
Wecker	будильник, Веккер
rückgängig	обратный, попятный
Donner	гром
Sahne	сливки, сбитые сливки
schubsen	толкать
ausstatten	одарять, наделять
Briefmarke	почтовая марка
beerdigen	хоронить, погребать
vermieten	сдавать внаём; отдавать напрокат
Prophezeiung	пророчество
vorgeben	притворяться, прикидываться, задавать, устанавливать
Verwendung	употребление, применение, использование, ходатайство
Höflichkeit	вежливость
Einwand	возражение
Rücksicht	внимание
Schale	кожура, скорлупа, панцырь, пиала
sofortig	немедленный
berücksichtigen	учитывать, принимать во внимание
vorfallen	случаться, происходить
Vers	стих, строфа
Prostituierte	проститутка
Wörterbuch	словарь
Orangensaft	апельсиновый сок
umsetzen	переставить, реализовать, претворить в жизнь, выполнить
Fälschung	фальсификация
ausfindig	разыскать, обнаружить
Tierarzt	ветеринар
gedenken	помнить, намереваться
schreiten	шагать, ступать; шествовать; идти
hinsehen	взглянуть
vergießen	поливать
Glückspilz	счастливчик
Abzug	отход, вывод войск, вытяжка, вычет
abgehen	отходить, отправляться; уходить; уезжать, отплывать; стартовать; делать бросок со старта
betäuben	оглушать (о шуме)
einbauen	встроить
Großteil	большая часть
bohren	сверлить
vorbeischauen	(умышленно) не видеть (не замечать) (кого-л., чего-л.); не обращать внимания (на кого-л., на что-л.)
Lebensunterhalt	средства к жизни; пропитание
schmücken	украсить
erwürgen	душить
entzünden	зажигать, возбуждать, загораться, воспаляться
Autogramm	автограф
einleiten	начинать
Zutat	ингредиент
zurechtkommen	справляться
Glanz	глянец, блеск, сияние, лоск
Gesichtsausdruck	выражение лица
hinziehen	тащить, тянуть (туда)
Menschlichkeit	человечество
Wrack	обломок
Rippe	ребро
stricken	вязать
Gewerkschaft	профессиональный союз, профсоюз
überreichen	вручать
verblüffen	ошеломлять, озадачивать, поражать (кого-л. чем-либо)
Verbesserung	поправка, исправление
Luxus	люкс, роскошь
verschicken	отправлять, посылать, рассылать, направлять
Zivilist	гражда́нское лицо́
Anfall	приступ, припадок
abweisen	отказывать, отказывать (в иске), отклонять, оставлять без удовлетворения, не удовлетворить (иск, исковое заявление)
verehrt	почитаемый
Hausfrau	домохозяйка
Tarnung	kamufljásh
gleichgültig	равнодушный, безразличный, безучастный
befriedigen	удовлетворять
Abfall	отбросы
insbesondere	особенно, в особенности, прежде всего
loslegen	начинать; приниматься за что-либо
joggen	бегать трусцой
Rechner	компьютер, микрокалькулятор
selig	благословенный, счастливый
strahlend	излучающий; лучистый
Bewährung	устар. подтверждение (на деле), доказательство (чего-л.)
schleifen	точить
vorbeigehen	проходить, пройти мимо
ärgerlich	раздражающий
glänzen	блестеть, сиять; лосниться
erlösen	освобождать, избавлять, спасать; выручать; выкупать
Bücherei	библиотека
Karre	тачка; тележка; вагонетка
Schmutz	грязь
Fähre	паром
berufen	ссылаться, апеллировать, назначать
Sklaverei	рабство
Stau	пробка
durchfallen	проваливаться, падать (сквозь что-л.); проскакивать (через грохот, решето)
Sanitäter	мед. санитар
verabscheuen	ненавидеть
munter	бодрый, весёлый
Briefkasten	почтовый ящик
Vorsitzender	председатель
Halskette	ожерелье
taufen	крестить
basteln	мастерить
Gauner	мошенник, ловкач
Maulwurf	крот, диверсант, шпион, вражеский агент
Seide	шёлк, повилика
Hintertür	задняя дверь; чёрный ход
Dolch	кинжал, кортик
schmieden	ковать
Garderobe	гардероб
klammern	техн. скреплять скобой
Schütze	стрелок, Стрелец
Notaufnahme	отделение экстренной помощи
Leichnam	труп
Zutritt	доступ; вход
Gleis	рельсы, путь
Junggeselle	холостяк
Kröte	жаба, деньги
repräsentieren	представлять (какую-л. страну, организацию и т. п.)
Wohlstand	преуспевание
ärztlich	врачебный, медицинский
predigen	проповедовать
Vergewaltigung	изнасилование
Vorurteil	предрассудок
Regenschirm	зонт
Neid	зависть
aufschlagen	удариться, распахнуться, вспыхнуть, разбить
Leser	читатель
Verlobung	обручение
Sicherheitsdienst	охрана, служба безопасности
Berufung	призвание, ссылка, апелляция, приглашение
Nebenwirkung	побочное действие
indisch	индийский
verboten	запрещённый
erstechen	закалывать, убивать
Unabhängigkeit	независимость
Reinigung	чистка, химчистка
Schwiegermutter	тёща, свекровь
spätestens	самое позднее
zucken	вздрогнуть; вздрагивать, подёргиваться; трепетать, биться
Ehrgeiz	честолюбие, тщеславие
phantastisch	фантастический, невероятный; причудливый
dreizehn	тринадцать
blamieren	(о)позорить, (о)срамить, (с)компрометировать
Arbeitgeber	работодатель
schonen	беречь, щадить; обходиться бережно (с чем-л., с кем-л.); сохранять, оберегать
Strahlung	излучение, радиация
Begleiter	спутник, аккомпаниатор, артикль
lesbisch	лесбиянский
Bluse	блузка
abfeuern	выстрелить, произвести выстрел (из какого-л. оружия)
wohlhabend	состоятельный, зажиточный
Tabak	табак
durchstehen	вы́де́рживать, вы́держать
Papagei	попугай
aufdecken	накрывать стол (чем-л.); стелить на стол (скатерть)
Biest	скот, скотина (б. ч. о крупном рогатом скоте)
Laken	простыня
versteckt	спрятанный, скрытый
Dachboden	чердак
verschlafen	проспать (какое-либо время)
Hausmeister	управдом
Pfanne	сковорода, сковородка
Schwangerschaft	беременность
seither	с тех пор
anordnen	расставлять, расстанавливать, упорядочивать, приказывать
Sackgasse	тупик
vormachen	приладить (что-л. перед чем-л.)
Anstand	приличие; умение себя вести, манеры
vernachlässigen	пренебрегать
mangeln	недоставать, не хватать (чего-л.)
beruhigend	успокаивающий, успокоительный, седативный
Komplize	сообщник
inwiefern	насколько, в какой мере
schwächen	ослаблять; обессиливать
unglücklicherweise	к несчастью, на беду
ausgraben	выкапывать, вырывать, раскапывать
erreichbar	достижимый, доступный
Häuptling	вождь, бонза, шеф
Hauch	дыхание
praktizieren	практиковать
Hinrichtung	смертная казнь, казнь, экзеку́ция
Geldbeutel	кошелёк, портмоне
Kampagne	кампания
Lebenslauf	жизнеописание, резюме
Freundlichkeit	приветливость, любезность
angewiesen	зависимый, вынужденный
Kiefer	сосна, челюсть
Schlussfolgerung	вывод, заключение
zerschlagen	бить, разбить / разбивать, ломать, разломать / разламывать
zärtlich	ласковый
durchschnittlich	средний
formulieren	формулировать
Fernbedienung	телевизионный пульт, пульт, тыкалка, тапок
Vorliebe	предпочтение
Erleichterung	облегчение
Hörer	слушатель (слушающий)
Erpressung	шанта́ж, вымога́тельство
Straßenseite	сторона улицы
Umzug	переезд, шествие, процессия
Ausschuss	комитет, комиссия, брак
anbauen	возделывать (поле)
lebenslänglich	пожизненный; бессрочный
Strafzettel	штрафная квитанция
zusagen	обещать, соглашаться, понравиться
verheiratet	женатый, замужний
bestehlen	обворовать
Knoblauch	чеснок
bewältigen	преодолевать (что-л.), справляться (с чем-л.), осиливать (что-л.)
ausgesprochen	выраженный
Rückseite	оборот, обратная сторона, тыл
bedauerlich	досадно
anhängen	вешать, привешивать, подвешивать, навешивать; нацеплять, прицеплять; брать на буксир
überweisen	передавать, направлять (кого-л., что-л. куда-л.)
Rande	свёкла
Wachmann	часовой
Ausmaß	размер, сила, размах
Stückchen	кусочек
Bedienung	прислуживание, обслуживание, прислуга
vorhersagen	предсказывать
verlockend	заманчивый, соблазнительный
Parfüm	духи
Zins	процент
beschimpfen	ругать
Berührung	прикосновение
Gelächter	смех, хохот
Todesursache	причина смерти
Rotwein	красное вино
Zugriff	хватка, приём
Treibstoff	топливо
hinüber	на ту сторону, туда
begrenzen	ограничивать (что-л.); проводить границы (чего-л.)
Erdnuss	арахис, земляной орех, китайский орех
widersetzen	sich ~ воспротивиться, сопротивляться, не соблюдать, не подчиняться
Kennzeichen	помета, признак, номерной знак, автомобильный номер
außerirdisch	внеземной, инопланетный
Notruf	экстренный вызов, служба спасения
gutgehen	пройти хорошо, наладиться
Strahl	луч
Pub	паб
mehrfach	неоднократно
rechtlich	правовой, юридический, честный
dreifach	троекратный, тройной
Schimmer	сверкание, блеск; игра (напр., драгоценных камней); мерцание; поблёскивание; слабый свет
solide	солидный
Vizepräsident	вице-президент
rauskriegen	выведать; разгадать
Schlaganfall	мед. инсульт, апоплексия, апоплексический удар
Einkauf	покупка
Dienstmädchen	служанка
Bund	союз, федерация, пучок
unterstellen	подчинять, приписывать, допускать
Feuerzeug	зажигалка
Abreise	отъезд
Heimweh	тоска по родине
teilweise	частично; отчасти, частью
teuflisch	чертовский, дьявольский; сатанинский; адский; ужасный
Wade	икра
Helfer	помощник
wirtschaftlich	экономический, хозяйственный
daraufhin	затем
nahezu	почти, практически
Eisenbahn	железная дорога
Schraube	шуруп
Agentur	агентство
Gegenzug	встречное движение; встречная колонна; противоход (движение колонны в обратном направлении; гимнастика)
Zeugin	свидетельница
erwägen	взвешивать, принимать во внимание (в расчёт); обдумывать, соображать
Begeisterung	воодушевление
Eintritt	вход
Psychologe	психолог
Erwägung	соображение
Anwesen	владение, недвижимость
Schweiß	пот, кровь
Heft	тетрадь, номер
Bub	мальчик, пацан
anstecken	прикалывать, накалывать (цветок, значок и т. п.)
miserabel	жалкий, несчастный
bombardieren	бомбардировать
übergehen	переходить
Abendbrot	ужин
Grube	яма, выработка, могила, выгребная яма
Bauernhof	хозяйство, усадьба
grundlegend	основной, основополагающий, коренным образом, коренной
Siegel	печать
Branche	отрасль
erniedrigen	унижать
unterbringen	помещать, подводить, подвешивать (что-л. подо что-л.)
ehrgeizig	честолюбивый
Schaufel	Лопата
Exmann	бывший муж
Bestrafung	наказание
Zwang	принуждение
aufzeichnen	(на)рисовать, (на)чертить
schimpfen	ругать
verwirklichen	реализовывать, самореализовываться, реализовываться
Buchhalter	бухгалтер
verkehrt	неверный, превратный, неправильный
Ruine	руина
zaubern	колдовать
Begräbnis	похороны, погребение, могила, склеп
andeuten	намекать, намечаться, вырисовываться
verringern	уменьшать, сокращать, снижать
Behauptung	утверждение
ausrasten	техн. освобождаться (от фиксатора)
einschüchtern	запугивать
Vorwand	предлог
bedecken	покрывать, накрывать
Herzschlag	сердцебиение, биение сердца
Waise	сирота /
Eigentümer	владелец
schwindelig	испытывающий головокружение
Zwischenfall	инцидент, происшествие, случай
eintragen	вносить, заносить, приносить
Streik	забастовка, стачка
spalten	разделять, раскалывать, колоть
künftig	будущий
Eintrittskarte	входной билет
verzehren	съедать, проедать; потреблять
zugehen	направляться, идти по направлению (к кому/чему-л.)
zerlegen	расчленять; разлагать; разбирать
Pulver	порошок, порох, деньги
stiften	прикреплять (штифтами)
Windel	пелёнка
Sattel	седло
Ablenkung	отклонение
Gastgeber	хозяин
Schlitten	санки, сани, тачка
verschlagen	заколачивать
aufladen	загружать, заряжать
gelaunt	настроенный; расположенный
Bäcker	пекарь, булочник
Haftbefehl	ордер на арест
Mumm	отвага, сила
buchstabieren	произносить по буквам
Kakerlake	прусак, чёрный таракан
führend	руководящий, ведущий; главный
Enkelkind	внук; внучка
Täuschung	обман; введение в заблуждение
erheblich	значительный
unauffällig	неприметный
verflixt	чёрт возьми, проклятье
vorig	прошлый, прошедший
Verfolgung	преследование, гонение
Zauberei	волшебство, колдовство
Gehör	внимание, слух
Heizung	отопление
Berechnung	вычисление
unbewaffnet	невооружённый, безоружный
einfrieren	замёрзнуть, заморозить
Auszeit	тайм-аут
Grundsatz	принцип, основное положение
Eindringling	незваный (непрошенный) гость
verüben	совершить, содеять, учинить
Zwecke	назначение
Schwung	мах
Atemzug	вдох
Muschel	раковина, ракушка, телефонная трубка
vorlegen	презентовать, пред(о)ставить, выложить
Lob	похвала, хвала, восхваление
Klempner	жестянщик, слесарь-сантехник
Obdachlose	бездомный, бездомные
hierfür	для этого, за это
hartnäckig	настойчивый, упорный
verhelfen	содействовать, способствовать (кому-л. в достижении чего-л.)
ehrenwert	почтенный, достойный уважения
rauslassen	выпустить, отпустить
zumute	на душе
Standort	место расположения (воинской части); гарнизон
Behälter	контейнер
Glied	член
Bäckerei	пекарня
Videospiel	видеоигра
anheuern	нанимать, принимать на службу (моряков торгового флота)
Weihnachtsgeschenk	рождественский подарок
fegen	подметать
erfrieren	замёрзнуть (умереть)
abkaufen	перех. покупать
Schlagzeile	заголовок
Festplatte	жёсткий диск
verschenken	дарить
Zahlung	уплата, платёж
fortfahren	уезжать, увозить, продолжать
keinesfalls	ни под каким видом, ни в коем случае; никоим образом; ничуть, нимало; отнюдь не
Packung	упаковка
Plage	кара, напасть, наказание, бремя
Vegetarier	вегетарианец
Verlegenheit	замешательство, неудобное положение
lutschen	сосать
Impuls	импульс
Senf	горчица
viermal	четыре раза, в четыре раза, четырежды, четырёхкратно
übermitteln	передавать, пересылать
hinfallen	падать, валиться, падать на колени
freigeben	открывать
bügeln	гладить ( погладить ), утюжить ( отутюжить )
Fassung	редакция
realisieren	реализовать
Neigung	наклон, наклонение, отклонение (движение)
Notwendigkeit	необходимость
heuen	косить сено
Vögelchen	пташка, птичка
lila	лиловый
Pulli	разг. пуловер, лёгкий джемпер (чаще всего с короткими рукавами)
Andenken	память, воспоминание (an о ком-л., о чём-л.)
grauenhaft	отвратительный
sündigen	грешить, согрешить
liebenswürdig	любезный, обходительный
Winde	лебёдка, ворот, домкрат, вьюнок
beträchtlich	значительный
bluffen	блефовать
Pest	чума
Turner	гимнаст
Höschen	штаны, штанишки
Antrieb	двигатель
qualifizieren	квалифицировать, аттестовать
Knall	треск
vage	неопределённый, неясный, смутный, нечёткий
Kinn	подбородок
verdrängen	вытеснять; оттеснять
unterziehen	подтягивать, подтаскивать; подводить (напр., балку подо что-л.)
buchstäblich	буквальный; дословный
dergleichen	тому подобное
Bewunderung	восхище́ние
Sünder	грешник
weitaus	намного, гораздо
Tritt	шаг
Schreck	страх, испуг, от страха, с испугу
schwindlig	голова кружится
durchschneiden	прорезать
Schwerkraft	сила тяжести
kitzeln	щекотать
Hingabe	преданность, самоотверженность
runterfallen	упасть вниз, свалиться
zurückverfolgen	проследить
geboren	урождённый, прирождённый
Zeugnis	свидетельство, показание, удостоверение
Vormittag	до обеда
Händchen	ручонка
entsorgen	удалять, ликвидировать, утилизировать (отходы)
Ostern	Пасха
genannt	названный, упомянутый
vierzig	сорок
Exfrau	бывшая жена
unbedeutend	незначительный, несущественный
Abschaum	отброс
ausnehmen	вынимать, извлекать; опорожнять; потрошить (птицу, рыбу)
Baustelle	стройплощадка
Wechsel	перемена, изменение, вексель
Feuerwehrmann	пожарник
kränken	обижать, оскорблять, задевать
wackeln	шататься, качаться; свободно сидеть, неплотно примыкать (напр., об инструменте в рукоятке)
Entlassung	смещение
beunruhigend	тревожный
Serviette	салфетка
Stromausfall	прекращение подачи электроэнергии
vermischen	смешивать, перемешивать
Bankkonto	банковский счёт
auskennen	разбираться в чём-либо
beschlagnahmen	конфисковать
Treffpunkt	место встречи
allererste	самый первый
Silvester	новогодний вечер, канун Нового года, Сильвестр
Säule	столб, колонна, столп, опора
umfassen	охватывать, перехватывать
Kerker	тюрьма, темница
Befragung	опрос; допрос
vorbeifahren	проезжать мимо (кого-л., чего-л.)
Geschrei	крик
Mais	кукуруза, маис
Rückweg	обратный путь
Schauspiel	пьеса
hineingehen	входить
meinerseits	с моей стороны, от меня
befestigen	прикрепить
Ferse	пятка
kaltblütig	зоол. холоднокровный
Verteidiger	защитник
Bekanntschaft	знакомство
Gewissheit	уверенность
tüchtig	умелый
melken	доить
lausig	вшивый
innerlich	внутренний
Lachs	лосось, сёмга
Frechheit	наглость
Mitteilung	сообщение
anprobieren	примерять
vertuschen	замять, скрыть ( дело)
pennen	дрыхнуть
Auseinandersetzung	критический разбор темы, анализ
Laus	вошь
abbrennen	сгореть дотла
Predigt	проповедь
Melone	дыня, котелок
Schnur	шнур, верёвка
Häuschen	домик
Wiederholung	повторение, повтор
durchqueren	пересекать
liebenswert	достойный любви
Lebewohl	прощание
Pfirsich	персик
entschärfen	обезвредить, смягчить, разрешить
wahrhaftig	истинный
erleuchten	освещать, озарять
Tapferkeit	храбрость, смелость
lebhaft	оживлённый, живой
stumpf	тупой
Besserung	выздоровление, поправка, улучшение
wegziehen	оттаскивать; оттягивать в сторону; уволакивать
Unheil	беда, несчастье
Aufführung	представление
ungezogen	невоспитанный, грубый; непослушный
Pfadfinder	бойскаут
Anschein	(внешний) вид, видимость
Weide	ива, верба, пастбище
Dorfbewohner	селянин, сельский житель
Schwan	лебедь
Staffel	сезон
durchgeknallt	чокнутый
Kürbis	тыква
nachschauen	смотреть, глядеть (вслед кому-л., чему-л.)
Reservierung	бронирование, резервирование
Kanzler	канцлер
Abdruck	отпечаток
Verehrer	почитатель, поклонник, обожатель
annähernd	приблизительный, примерный
abfinden	возмещать, компенсировать
glotzen	глазеть, уставиться (на кого-л., на что-л.)
einreden	внушать; убеждать
zerquetschen	раздавить
Gattin	жена, супруга
schwellen	пухнуть, опухать
künstlerisch	художественный; артистический
Kuppel	купол
überfordern	превосходить, много требовать
bescheren	сделать кому-либо рождественский подарок, подарить кому-либо что-либо на Рождество, давать, раздавать рождественские подарки
gewachsen	выросший, справляющийся
launisch	капризный, своенравный; прихотливый
Produzent	производитель
Ohrfeige	пощёчина, оплеуха
vertrauenswürdig	достойный (всякого) доверия
Möwe	чайка
gescheit	умный, толковый
bewerten	оценивать
proben	репетировать
orten	определять (устанавливать) местонахождение (координаты) (самолёта, судна)
entnehmen	вынимать, брать, понимать
Pfennig	(сокр. Pf) пфенниг (германская монета)
Wohnwagen	автодом, дача-прицеп, прицеп-дача
Gewahrsam	арест, заключение (в тюрьму), заточение
unversehrt	невредимый
Meisterschaft	чемпионат
anspruchsvoll	требовательный, взыскательный; претенциозный
Blei	свинец
Schwägerin	золовка, свояченница, невестка
rudern	грести
Dreieck	треугольник
Prügel	побои, палка, дубинка
Wachstum	рост
Küsschen	поцелуйчик
wegschicken	отсылать, посылать, отправлять
Belastung	нагрузка (действие); навьючивание, отягощение
grässlich	отвратительный, омерзительный
Fessel	кандалы
Verbrennung	ожог
erhaben	благородный
ausgleichen	возмещать, компенсировать
Examen	экзамен
hinreißend	увлекательный, пленительный, чарующий, восхитительный
Ex-Frau	бывшая жена
befallen	нападать (на кого-л., на что-л.), охватывать (кого-л.); постигать (кого-л., что-л.); поражать (кого-л., что-л., напр., о болезни)
reinziehen	втянуть, затащить
Polizistin	полицейский, женщина-полицейский
Ehering	обручальное кольцо
übersteigen	перелезать (через что-л.)
Darstellung	изображение; изложение
Flöte	флейта
schminken	красить, краситься
Hummer	омар, лобстер
Fortsetzung	продолжение
vorder	передний; находящийся впереди; передовой (напр., об окопе)
abschaffen	упразднять
Morgengrauen	рассвет
abbringen	отговаривать, переубеждать
anklopfen	постучаться, спросить
durchbrennen	перех. прожигать, пережигать
dalassen	оставлять, оставить
Bestandteil	составная часть
Fitnessstudio	тренажёрный зал, фитнес-клуб
sonnig	солнечный
Horrorfilm	Фильм ужасов
Schöpfung	сотворение
verkraften	использовать электрическую энергию (для чего-л.)
Weizen	пшеница
Traurigkeit	печаль, грусть
feierlich	праздничный, торжественный
versperren	загораживать; преграждать
einatmen	делать вдох, вдыхать
hinbekommen	привести (что-л.) в порядок [в нормальный вид], справиться (с чем-л.)
Kessel	котёл, котловина, окружение
prahlen	хвастаться
Wähler	избиратель
altern	стареть, стариться
anfreunden	sich ~ подружиться, сдружиться (с кем-л.)
Heu	сено
verstreuen	рассыпать; разбрасывать, рассеивать
erkunden	исследовать
Aufstieg	подъём, продвижение, восход, восхождение
verwüsten	опустошать, разорять
Geschwätz	болтовня
hervorrufen	вызывать
Lesbe	лесбиянка
gestrig	вчерашний
fromm	благочестивый
Kamm	расчёска, гребёнка
impfen	прививать, вакцинировать
Postbote	почтальон
Raubüberfall	разбойничий налёт, нападение с целью грабежа
lieblich	милый, миловидный, хорошенький, прелестный
durchdringen	проникать, пронизывать
Augenbraue	бровь
Weichei	размазня, слабак
oberflächlich	поверхностный, несерьёзный
Gastfreundschaft	гостеприимство
Wärter	сторож
Auster	устрица
beleidigt	обиженный, оскорблённый
Begabung	одарённость, дарование
Klarheit	ясность, прозрачность
vierzehn	четырнадцать
hinausgehen	выходить
Anordnung	расположение, расстановка, размещение; устройство
Gläubiger	кредитор, верующий
Aufruhr	восстание, мятеж, волнение, беспокойство
voreilig	опрометчивый, поспешный
fällig	подлежащий уплате, срочный
Prediger	проповедник
beständig	постоянный, неизменный
Wanne	ванна (ёмкость для купания)
Eingriff	вмешательство; принятие (решительных) мер
Sicherung	обеспечение, гарантия; сохранение, сохранность
abstreiten	оспаривать
Justiz	правосу́дие, юсти́ция
Unannehmlichkeit	неприятность
respektvoll	почтительный, уважительный
Vorstellungsgespräch	собеседование
nachweisen	доказать, подтвердить (документально, экспериментально); показать, обнаружить
preisgeben	разгласить
überstürzen	торопить
Mitbewohnerin	соседка по квартире
Scheinwerfer	прожектор, фара
beeinträchtigen	причинить вред (ущерб), (по)вредить (кому-л., чему-л.); нарушать (чьи-л.) интересы
Bordell	бордель
verlogen	лживый
nachlassen	ослабевать, спадать
Strumpf	чулок
Stiefvater	отчим
Bucht	залив
obdachlos	бездомный
rechtmäßig	законный
Drang	натиск, напор
weiterhelfen	помочь идти (двигаться) вперёд (кому-л.)
Gehaltserhöhung	повышение оклада
Übertragung	перенесение, перенос, перевод, передача
Ernährung	питание
Wurf	бросок
Heldin	героиня, герой (о женщине)
Verwaltung	администрация, управление
Kündigung	расторжение, увольнение
zusammensetzen	собирать, собираться, состоять из чего-либо
erschreckend	ужасающий, страшный
Pfeffer	перец
schnitzen	резать, вырезать
vollziehen	совершать, осуществлять; приводить в исполнение (напр., приговор)
Einheimische	местный, местные жители
Polizeibeamter	полицейский
Fahrgast	пассажир
bisherig	прежний
Reiz	раздражение, возбуждение
zugrunde	погибнуть, разрушить
einstecken	вкладывать (шпагу в ножны); засовывать, всовывать, сунуть
Stiftung	фонд (пожертвований, добровольных взносов) на благотворительные, культурные и т. п. цели
versiegeln	запечатывать; опечатывать
entzücken	восхищать
Gegenleistung	встречное исполнение
Präsentation	представление, презентация
Erdboden	земля; почва, грунт
rätselhaft	загадочный
Geburtstagsgeschenk	подарок ко дню рождения
vorenthalten	задерживать, не давать (что-л. кому-л.); незаконно лишать (чего-л.)
verrichten	исполнять
überspringen	перепрыгивать, перепрыгнуть, перескакивать, перескочить
glühend	раскалённый, горячий
verzaubern	заколдовать, околдовать; зачаровать, очаровать
Voraussetzung	условие, предпосылка
Quartier	квартира; жильё
Schmerzmittel	болеутоляющее
Schwindel	головокружение
öde	пустой, пустынный, бесплодный, скучный
ledig	холостой
Hebel	рычаг; рукоятка; коромысло; консоль, вага; домкрат
stürmisch	бурный (тж. перен.)
verabreichen	давать
Vorgehensweise	способ действия; метод; принцип
freudig	радостный, весёлый
zuziehen	тащить, тянуть (по направлению к чему-л.), подтаскивать, подтягивать (к чему-л.)
Ablauf	ед. ч. спуск, сток (воды, пруда)
Anker	якорь, анкер
besessen	одержимый (чем-л.), помешанный (на чём-л.); бешеный, неистовый
Trümmer	обломки, руины
Verwirrung	путаница, беспорядок
Gewand	одеяние, одежда, платье
Schwiegersohn	зять
Dynamit	динамит
Unordnung	беспорядок, непорядок, ералаш, неразбериха
antreiben	побуждать, мотивировать
Quark	творог, кварк
vorzüglich	превосходный
Auskunft	справка, справочная, совет
zurückfahren	ехать обратно, возвращаться назад
Pflaster	пластырь
surfen	сёрфинг
vereint	объединённый, вместе
ausführlich	подробный, детальный
Insasse	пассажир, седок, обитатель, жильцы
Impfstoff	вакцина
Kindermädchen	нянька, няня
Panne	авария
gefälscht	поддельный, подложный, фальшивый
Erbse	горох, горошина
kürzen	укорачивать
überwältigend	подавляющий (о большинстве, превосходстве)
Latte	брус, брусок, перекладина, стояк
Eiche	дуб
Traube	виноград
Henne	курица
Mülleimer	мусорное ведро
Ehepaar	супружеская чета, супруги
verpacken	упаковывать
vorliegen	существовать
hocken	сидеть на корточках
verschlechtern	ухудшать
Galgen	виселица
Schwimmbad	бассейн
austricksen	разг. обойти, обвести (противника)
Frequenz	частота
Straftat	преступление
Heiratsantrag	предложение о браке, брачное предложение, предложение руки и сердца
barfuß	босой, босоногий, босиком
Waisenhaus	дом (интернат) для сирот; детский дом
verleugnen	отрицать
herbei	при этом
bereithalten	держать наготове, приготовлять
rüberkommen	заходитьнсв, переходитьнсв, восприниматьсянсв, бытьнсв понятным
Bissen	кусок
besichtigen	посещать
Vereinigung	объединение
Wahrnehmung	восприятие
Wichtigkeit	важность
Anliegen	желание, стремление; просьба; требование; задача, дело
ertappen	поймать, застигнуть, заставать (кого-л. за каким-л. занятием)
monatlich	месячно
Bereitschaft	готовность
spendieren	угощать (чем-л.); раздавать; платить (за что-л.)
eingestehen	признавать
begründen	обосновать
weiterfahren	продолжать ехать (идти), ехать (идти) дальше
Bösewicht	злодей
Hengst	жеребец
grinsen	скалиться, скалить зубы, усмехаться, ухмыляться; осклабиться
Kappe	шапка
Festland	материк
verspotten	насмехаться, высмеивать, глумиться
gelähmt	парализованный
Vermieter	наймодатель, арендодатель, хозяин
Verzögerung	задержка, промедление
auszahlen	выплачивать; выдавать (деньги и т. п.)
abliefern	доставлять, показывать, демонстрировать
spaßig	шутливый
Nachkomme	потомок
einweihen	посвящать, делиться, открывать
Letzter	последний
auffressen	пожирать, сжирать
Rabatt	скидка
Überlegung	размышление
leuchtend	яркий; блестящий
Speisekarte	меню
gültig	действительно
Peitsche	кнут
aufrufen	вызывать, призывать
Strömung	течение; поток; обтекание
Köter	презр. о любой собаке: собачонка, дворняжка, шавка
zurückschicken	посылать
Magier	маг, волшебник, колдун
Pelz	мех
Todesfall	случай смерти, (зафиксированная) смерть кого-либо
verrecken	сдохнуть, дохнуть, околеть, околевать
Schlamassel	разг. неприятность; неловкое положение; невезуха, невезение, несчастье
atemberaubend	захватывающий дух, умопомрачительный
unfreundlich	недружелюбный, неприветливый
abwerfen	сбрасывать
Einhorn	единорог
aufkommen	появляться, платить, приземляться
glaubwürdig	достоверный
Geschäftspartner	деловой партнер
Stiefmutter	мачеха
Aufenthaltsort	местонахождение, местопребывание
wählerisch	разборчивый; прихотливый
werben	вербовать; набирать; привлекать к какому-либо делу
Weihnachtsbaum	рождественская ёлка, ёлка
ausrutschen	поскользнуться
neunte	девятый
Schlägerei	драка
beschwören	присягать, клясться, умолять, наколдовать
rücksichtslos	бестактный, бесцеремонный
nachholen	навёрстывать, нагонять, догонять; успеть сделать (упущенное ранее)
Schwuler	гей, гомосексуал, педик, гомик
Vorzug	предпочтение
ausschlafen	высыпаться
Demut	смирение
Orchester	оркестр
anderswo	в другом месте
herb	терпкий, резкий
niederbrennen	сжигать (дотла), испепелять
Verleger	издатель
gewillt	готовый, склонный
Rechenschaft	отчёт; подотчётность
Metzger	мясник
Abwasch	грязная посуда
einwandfrei	безукоризненный, безупречный
verweisen	делать выговор (замечание, внушение) (за что-л. кому-л.)
betätigen	приводи́ть в де́йствие, занима́ться
fallenlassen	отказаться (от чего-л., от кого-л.); отказать в поддержке (кому-л.)
Haltestelle	остановка
drangehen	подойти (к телефону)
zerren	тянуть, тащить
unwiderstehlich	неотразимый (об атаке, о доводах)
quietschen	скрипеть
Arbeitszeit	рабочее время
Siedlung	поселение
Quere	поперечное направление
vertiefen	углублять (тж. перен.)
Wirbel	вихрь, вихор, позвонок, лад
niederlassen	спускать, опускать
saubermachen	чистить, убирать
kaputtgehen	портиться; ломаться; биться, разбиваться
Niete	пустой (безвыигрышный) лотерейный билет
Reh	козуля
Darlehen	ссуда
ausgestorben	вымер
kichern	хихикать
abknallen	застрелить, пристрелить, подстрелить; прикончить (выстрелом)
nächtlich	ночной
überarbeiten	перерабатывать
höchstwahrscheinlich	вероятнее всего
Einnahme	доход
beliebig	произвольный
verstummen	неметь, замолкать, смолкать, умолкать
missfallen	не нравиться
Erzählung	рассказ
erläutern	пояснять, разъяснять, толковать
wahrhaft	настоящий, истинный
erhören	услышать; выслушать; внять (чьей-л.) просьбе (мольбе)
Schleier	покрывало; вуаль; фата; чадра
Säufer	груб. пьяница
herausholen	вытаскивать; выводить (напр., самолёт из виража)
allmächtig	всемогущий
gleichmäßig	соразмерный, симметричный; равномерный
herrje	господи, ой-ой
Zufriedenheit	удовлетворение
ununterbrochen	непрерывный
verdeckt	скрытый, тайный
Stapel	стопка, стопа, кипа, штабель
recherchieren	исследовать, разыскивать
unvermeidlich	неизбежный
schäbig	потёртый, изношенный
anstoßen	подталкивать, чокаться
verpfeifen	жарг. доносить (на кого-л.), выдавать (кого-л.)
Sportler	спортсмен
Pärchen	парочка
Fels	скала, утёс, Фельс
Eröffnung	открытие, дебют
Durchsuchungsbefehl	ордер на обыск
aufschlitzen	взрезать, разрезать; распарывать, вспарывать
geplant	запланированный
ungesund	нездоровый
Fachmann	специалист
Mieter	съёмщик, арендатор
Wahlkampf	предвыборная кампания, избирательная кампания
Untertan	подчинённый
eingeben	давать, внушать, вводить
woraus	из чего, откуда
huch	ой, ух ты
stellvertretend	заместитель, исполняющий обязанности
Bindung	привязанность
gewissermaßen	до некоторой степени, в известной степени
Mylord	милорд
Kopfhörer	наушник
Erfinder	изобретатель
Anhörung	слушание
Schlucht	каньон
ungeheuer	монстр
gekonnt	умелый, мастерский
Genuss	наслаждение
Ermittler	сыщик
wiederherstellen	восстанавливать, вылечить
schleudern	катапультировать, центрифугировать, швырять
eintauschen	обменивать, менять, выменять (на что-л.)
auserwählen	избирать, выбирать; облюбовать
Vergeltung	возмездие
Weilchen	некоторое время
beachtlich	значительный
unterhaltsam	развлекательный
abbekommen	получать
ängstigen	пугать, страшить, бояться, пугаться
Unkraut	сорняк
zerbrechlich	ломкий, хрупкий; бьющийся
schieflaufen	не удаваться, разладиться
runtergehen	спуститься вниз
anflehen	умолять (кого-л. о чём-л.), взывать (к кому-л. о чём-л.)
Lagerhaus	склад, амбар
homosexuell	гомосексуальный
ungeschickt	неловкий, неумелый, нерасторопный
Tätowierung	татуировка
herholen	принести, доставить (что-л.); привести (кого-л.)
unvernünftig	неразумный
zauberhaft	волшебный, магический
Esszimmer	столовая
Streitkraft	вооружённые силы
Leinwand	полотно, холст, холстина, экран
Verwundete	раненый, раненые
Nervensäge	тот, кто нервирует других, тот, кто действует другим на нервы
gerissen	майка, футболка (спортивная)
adieu	прощание, прощальное слово
Beifall	овация
ineinander	друг в друга, вместе
Urgroßvater	прадед, прадедушка
Schnürsenkel	шнурок (для обуви)
Gebühr	плата, пошлина , сбор
Bürgersteig	тротуар
List	уловка, хитрость
fruchtbar	плодовитый
Fax	факс
Ersparnis	экономия (an D в чём-л.)
Gleichung	уравнение
artig	послушный, воспитанный (б. ч. о детях); учтивый, вежливый
telefonisch	телефонный, по телефону
Verschwendung	расточительство
Anstalt	учреждение, заведение; институт
Grausamkeit	жестокость, зверство
ertönen	(за)звучать, прозвучать; раздаваться; (за)звенеть
Waggon	вагон
einschenken	разливать (напитки); наливать (кому-л. кофе, вино и т.п.)
Zauberspruch	заклинание, заговор
gleichfalls	также
Bushaltestelle	автобусная остановка
Mitmensch	ближний
wohlfühlen	чувствовать себя хорошо
einstürzen	неперех. обрушиваться, обваливаться
weglassen	отпускать (кого-л.)
Jahrtausend	тысячелетие
ausverkaufen	распродавать
Eintopf	густой суп, заменяющий первое и второе блюдо
schädlich	вредный
aufmuntern	ободрять, подбадривать
Übersetzer	переводчик
gewaltsam	насильственный
Trophäe	трофей
sichten	сортировать, просеивать, грохотить
Kanzlei	канцелярия
erlassen	издавать, обнародовать, освободить, избавить
Gefangenschaft	плен, неволя
abschleppen	оттаскивать; отбуксировать
Schwiegervater	тесть, свёкор
Reißverschluss	молния
Grinsen	ухмылка
Attentäter	убийца
Schließfach	ячейка, камера хранения
streiken	бастовать, забастовать
Beere	ягода
Ausschlag	сыпь
Festnahme	задержание, арест
Beschäftigung	занятость, трудоустройство, занятие
grenzen	граничить
Ausführung	выполнение, реализация, исполнение, версия
Sprengstoff	взрывчатое вещество, взрывчатка
ehrenhaft	честный, порядочный
beanspruchen	требовать, эксплуатировать, использовать
Desaster	катастрофа
Abgeordneter	депутат, делегат
schnüffeln	нюхать, обнюхивать
Komponist	композитор
Liebesbrief	любовное письмо
auffliegen	взлетать, распахиваться
Merkmal	признак, примета
hingeben	отдавать, предоставлять; передавать во владение
Gefäß	сосуд, эфес
gefällig	услужливый, любезный
Spind	узкий одностворчатый шкаф
untreu	неверный
Zar	царь
gesetzlich	законный
Vermittlung	посредничество, содействие, передача
Plätzchen	местечко
reinfallen	попасться, влипнуть
städtisch	городско́й
boxen	боксировать
streuen	сыпать, рассыпать; разбрасывать; рассеивать; посыпать
Webseite	веб-страница
Irrenhaus	разг. дом для умалишённых, психиатрическая больница; сумасшедший дом
Abflug	вылет, взлёт
organisiert	организованный
Handvoll	горстка
Umkreis	окрестность, описанная окружность
Nachforschung	расследование
Wanze	клоп
verbluten	умерать от потери крови
dermaßen	так, таким образом; настолько, до такой степени
Heiligkeit	святость
geizig	скупой, жадный
Lupe	лупа
zertrümmern	разбивать
Unverschämtheit	наглость, бессовестность
Schneesturm	метель, пурга
wöchentlich	еженедельный
runterkommen	спуститься вниз
zuteilen	раздавать, выделять (кому-л.); оделять, наделять (чем-л. кого-л.)
Abfahrt	отход, отправление
Geschick	мастерство, судьба, участь
Ermordung	убийство
Flittchen	пренебр. девушка лёгкого поведения
Trank	напиток
Gründer	основатель
grotesk	гротескный, нелепый
Unfug	глупость, хулиганство
Lebensstil	стиль жизни
ungünstig	неблагоприятный
zusammenschlagen	ударять друг о друга
heimgehen	возвращаться домой, разойтись по домам, идти домой
Brei	каша
zweieinhalb	два с половиной
Fallschirm	парашют
machtlos	бессильный
entspringen	убегать, ускользать, бежать (от кого-л., откуда-л.)
Angeber	хвасту́н, бахвал
Telefonat	телефонный разговор, телефонограмма
hinterhältig	вероломный, коварный
beschämt	пристыженный
Waisenkind	сирота
vorführen	выставлять на показ, демонстрировать, показывать (что-л. кому-л.)
Periode	период
Kralle	коготь
bewundernswert	удивительный, достойный восхищения
Befugnis	полномочие
abdecken	открывать, раскрывать
Spielsache	игрушка
regelrecht	правильный
Auffassung	мнение, взгляд, представление, восприятие
Groll	злоба, злость, затаённый гнев
Exfreund	бывший друг, бывший парень
begrenzt	ограниченный
Gästezimmer	гостиная
Übergang	переход, переезд, переправа (действие и место)
vorzeitig	досрочный; заблаговременный, преждевременный
Rücksitz	заднее сидение
Kapsel	капсула
Bundesstaat	федерация
Vorstellungskraft	воображение
Komiker	комик
erstarren	застывать, коченеть, цепенеть
Ausdauer	выдержка, выносливость
einliefern	доставлять; поставлять; сдавать; вручать
verwalten	управлять, руководить
grundlos	бездонный
Edelstein	драгоценный камень
Kaufmann	торговец
umwandeln	преобразовать, превратить, трансформировать
erklingen	(за)звенеть; (за)звучать; раздаваться
zerbrochen	разбитый
forschen	исследовать, изучать, разыскивать
Biss	укус
Aufsicht	надзор, контроль, смотритель, контролёр
Rücktritt	отставка
Geschäftsreise	командировка
Denkmal	памятник
Treppenhaus	лестничная клетка
leichtsinnig	легкомысленный
Beichte	исповедь
Hinterkopf	затылок
unbezahlbar	бесценный, неоплатный (напр., об услуге)
weihen	церк. освящать, святить
Recherche	поиск, исследование
untertauchen	погружаться (напр., о подводной лодке)
Internat	интернат
Sorgerecht	юр. право родительской опеки; родительские права
gesprächig	разговорчивый, словоохотливый
überziehen	покрывать
verbeugen	кланяться, поклониться, склоняться, преклоняться
Titelseite	титульная страница
Lotto	лото
erkranken	заболеть (чем-л., от чего-л.); захворать, занемочь (разг.)
Äußeres	внешность, наружность
Genesung	выздоровление; излечение; поправка
Einwanderer	переселенец, поселенец
Mülltonne	бак для мусора, мусорный ящик, мусорка
Buchladen	книжный магазин
Beherrschung	контроль, самоконтроль, владение
Badeanzug	купальный костюм, купальник
Misserfolg	неуспех, неудача
Witzbold	шутник
enttäuschend	разочаровывающий
katastrophal	катастрофический, ужасный
Adel	дворянство, аристократия
überfüllt	переполненный
derzeitig	нынешний, теперешний, современный
Speise	блюдо, кушанье, пища, колокольная бронза
öfters	часто
ausrotten	уничтожать, истреблять
Spieß	копьё, пика, вертел
zugreifen	хватать, брать
Gerichtssaal	зал судебного заседания
Beule	шишка
würgen	душить
Waschbecken	умывальник; умывальная чаша, таз
Erbarmen	сострадание, жалость, милосердие
hastig	в спешке
nachvollziehen	повторять, воспроизводить
Absturz	падение
Bremse	тормоз, слепень
bewerfen	забрасывать, закидывать (кого-л., что-л. чем-л.)
Durchschnitt	среднее число, разрез
Zigeuner	цыган, цыганин
jubeln	ликовать, веселиться
Eintrag	запись
kennzeichnen	маркировать, помечать, характеризовать, отмечать
Maßstab	масштаб
Floh	блоха
verwehren	запрещать, препятствовать, отказывать
Landwirtschaft	сельское хозяйство
falten	складывать; сгибать
Scharfschütze	снайпер
Strick	верёвка
lose	несвязанный, свободный, подвижной; незакреплённый; слабый; расшатанный; шаткий; расхлябанный
Unterschlupf	укрытие
durchlesen	прочитать ( полностью , от корки до корки)
vortragen	декламировать, исполнять, спеть, изложить
misstrauen	не доверять, сомневаться, подозревать
hervorbringen	производить, порождать
Verachtung	презрение
verständnisvoll	понимающий
Spionin	женск. к Spion; шпионка
Asyl	убежище, политическое убежище
Wendung	поворот, разворот; вираж; оборот
Fanatiker	фанатик
Übereinstimmung	соответствие, согласие
Unterbewusstsein	подсознание
Lappen	тряпка
Kaviar	икра
Stadtrat	городской совет
erringen	добиваться, достигать (чего-либо в борьбе, труде), завоёвывать
bleich	бледный
Bescheidenheit	скромность
schlampig	неряшливый, небрежный
absuchen	обыскивать
austragen	разносить, разрешать, исчерпать, вы́носить
saftig	сочный
Schwindler	мошенник, аферист, обманщик; шарлатан
Schweinefleisch	свинина
Kelch	кубок, чаша
windig	ветреный
Archäologe	археолог
verzögern	замедлять (темп); задерживать, тормозить, затягивать (дело)
gefüllt	наполненный
überschätzen	переоценивать
unanständig	неприличный, непристойный
Vorführung	демонстрация, показ
Kreislauf	круговорот; круговой (непрерывный) процесс; цикл; циркуляция
vorsätzlich	преднамеренный, умышленный, нарочно, умышленно
anheben	(слегка) приподнимать
entfliehen	бежать, убегать, спасаться бегством, сбежать
versöhnen	примирять, помириться, смириться
ungefährlich	неопасный, безопасный
Elch	лось, рогоносец
aufbrauchen	израсходовать, использовать, издержать, употребить
Schnabel	клюв
Kanne	кувшин
Bademantel	купа́льный хала́т
unangebracht	неуместный
grauenvoll	ужасный, страшный
Wechselgeld	сдача
zutrauen	считать (кого-л.) способным (на что-л., к чему-л.)
Ami	амер, америкос, пиндос, янки
verblassen	выцветать, блёкнуть
nanu	(да) ну!, что ты [что вы]!; неужели!; вот ещё! (возглас удивления)
neuerdings	недавно, с недавних пор, вновь, опять
umkippen	опрокидывать
aufrechterhalten	поддерживать
Versprechung	обещание
schocken	шокировать
skrupellos	беззастенчивый
aufheitern	развеселить
vorschreiben	наставлять, предписывать
anschnallen	пристёгивать (пряжкой, ремнями); надевать (коньки, лыжи и т. п.)
Redner	докладчик, оратор
Tätigkeit	деятельность
Belästigung	домогательство
Horde	орда
diesbezüglich	относящийся к этому
unterlassen	не делать, не выполнять, не предпринимать (чего-л.), отказываться (от чего-л.); упускать (что-л.)
vergleichbar	сопоставимый, сравнимый, аналогичный, сходный
unbequem	неудобный
Galerie	галерея
Herzanfall	разг. сердечный приступ
leitend	ведущий, руководящий
labern	нести чушь, болтать чепуху
überrascht	удивлённый, поражённый, озадаченный
Ellbogen	локоть
Truhe	сундук
montags	по понедельникам
Hähnchen	курятина
Freitagabend	вечер пятницы
irgendwoher	откуда угодно
rothaarig	рыжеволосый, рыжий
schrubben	чистить, скоблить, тереть шваброй
Splitter	осколок
zugänglich	доступный
geisteskrank	душевнобольной
Großzügigkeit	великодушие
Beobachter	наблюдатель
Kontaktlinse	контактная линза
Physiker	физик
anmerken	отмечать; делать отметку (на чём-л.); записывать (на память)
Teddybär	медвежонок, плюшевый медведь, плюшевый мишка, мишка
verspeisen	съедать
Gymnasium	гимназия
Besorgnis	трево́га, опасе́ние
einbrocken	(на)крошить
schmoren	тушить (мясо), томить
bedrängen	притеснять, угнетать, преследовать; теснить; осаждать (просьбами и т. п.); наседать (на противника), теснить
Klingone	клингон
Exil	изгнание
allerletzte	самый последний
vorherig	канц. предыдущий, прежний
spuken	являться, бродить (о призраке)
Geldbörse	кошелёк, бумажник
eitel	тщеславный, самовлюблённый, напрасный, безнадеждный
Augenzeuge	очевидец
Notarzt	врач скорой помощи, врач неотложной помощи
schockierend	шокирующий
Inder	индиец
Tulpe	тюльпан
Dreh	съёмка
Zuhälter	сутенёр
anfordern	требовать
Bezeichnung	наименование
austrinken	выпить
Transporter	транспортное судно; транспортный самолёт; автомобиль-тяжеловоз; трейлер
Anleitung	инструкция
Bewerbung	просьба, заявка, заявление
Sommerferien	летние каникулы
einlösen	обналичивать
einflussreich	влиятельный
sechzehn	шестнадцать
erfreulich	отрадный, радостный, весёлый
rührend	волнующий
Lieferwagen	фургон
krepieren	сдохнуть, подохнуть, дохнуть, подыхать
pusten	дуть
Anrufbeantworter	автоответчик
Missbrauch	злоупотребление, изнасилование
nachfragen	(nach D, высок. тж. D) справляться, осведомляться, расспрашивать, (раз)узнавать (о ком-л., о чём-л.)
Viertelstunde	четверть часа
Entschlossenheit	решительность, решимость
kommunistisch	коммунистический
Fracht	фрахт
doll	разг., рег. (сев.-нем.) непривычный, невероятный, умопомрачительный, сногсшибательный, потрясающий
Ansatz	анзац
Ahne	предок
Schwelle	порог, на грани, шпала
überlisten	перехитрить, провести
anlassen	запускать, пускать, не выключать, не снимать
Kobold	кобольд
entbehren	нуждаться, обходиться (без чего-либо), лишённый (чего-либо)
Spinat	шпинат
durchsehen	просматривать, пересматривать, проверить
Bengel	сорванец, озорник
Lösegeld	выкуп
Verstoß	нарушение
verschleiern	закрывать вуалью, маскировать, вуалироваться
ausnahmsweise	в виде исключения
verbünden	заключать союз, объединяться (с кем-л., против кого-л.)
Almosen	милостыня, подачка, подаяние
Kraftwerk	электростанция
ausstrecken	растягивать; протягивать; распростирать; прокатывать; волочить (металл)
behutsam	осторожный
einigermaßen	до некоторой степени, мало-мальски, кое-как, более или менее; сносно
Kartenspiel	карточная игра
Pastete	паштет
ausreißen	вырывать
Pole	поляк, лях, пшек
Ananas	ананас
nachsichtig	снисходительный, терпимый (gegen A к чему-л.)
nimmer	никогда
Seuche	эпидемия
krümmen	искривлять, искривляться, корчиться, кривиться
achtzehn	восемнадцать
First	конёк
Viech	животное, зверь, зверюга
entlarven	разоблачать (кого-л.), срывать маску (с кого-л.); обличать (что-л.)
Kreide	мел
Unsicherheit	опасность
abbauen	горн. добывать; разрабатывать (мсторождение)
deprimierend	удручающий, угнетающий
Gräber	землекоп
spurlos	бесследно
Ruck	рывок, толчок
Verkehrsunfall	несчастный случай на транспорте, дорожное происшествие
Empfänger	получатель, приёмник
verspätet	опоздавший, с опозданием
selbstbewusst	уверенный в себе, самоуверенный
schluchzen	рыдать, всхлипывать
Gewürz	пряность, приправа, специи
berechtigen	давать право (кому-л. на что-л.); уполномочивать (кого-л. на что-л.); давать основание (кому-л. для чего-л.)
Luftwaffe	военная авиация
leidtun	жаль, сожалеть
Maschinengewehr	пулемёт, автома́т
hineinziehen	втягивать
Schuft	бран. подлец, негодяй, мерзавец; плут, мошенник
aussichtslos	безнадёжный
Stichwort	лозунг
Aschenbecher	пепельница
Gehorsam	послушный
verzeichnen	неправильно нарисовать (изобразить), исказить (тж. перен. в литературном произведении)
wachsend	растущий, возрастающий, увеличивающийся
ablassen	перестать, отстать, выпустить
Gehirnwäsche	промывание мозгов, промывка
Notwehr	самооборона
besiegeln	устар. прикладывать печать (к чему-л.), скреплять печатью (что-л.); запечатывать (что-л.)
Speicher	склад, хранилище, чердак, носитель информации
einberufen	созывать
spionieren	шпионить (за кем-л.), выведывать
beinah	почти
Reporterin	репортёр (женщина)
hinken	хромать
Pracht	великолепие
bestürzt	потрясённый, ошеломлённый
verschlimmern	ухудшать, усугублять
Einverständnis	согласие; соглашение
mühsam	трудный
Begierde	(страстное) желание (nach D чего-л.); стремление (к чему-л.); алчность, жадность (к чему-л.); чувственность, вожделение; страсти
Träumer	мечтатель
Däne	Датчанин
angesehen	уважаемый, респектабельный
Finanzierung	финансирование
Buße	покаяние
Abtreibung	выкидыш
Waffenstillstand	перемирие
Einsicht	просмотр (чего-л.), ознакомление (с чем-л.)
wegschmeißen	выбрасывать, отбрасывать, ржать
teilhaben	участвовать
wühlen	копать, копаться, рыться, подстрекать
einweisen	давать указания (кому-л.), инструктировать (кого-л.)
glühen	накалять, раскалять; калить, прокаливать; отжигать; обжигать
subtil	тонкий, деликатный, нежный; осторожный
abdrehen	отвёртывать, свёртывать
Gin	джин
Erdgeschoss	первый этаж
liegend	лежащий, лежачий; расположенный, находящийся; покоящийся
Stroh	солома
erhellen	освещать, озарять
heizen	отапливать, топить
Aktentasche	портфель
Kopfweh	головная боль
Menschenrecht	права человека
bevorstehen	предвидеться
Einfahrt	въезд, заезд, ворота, подъезд
Lanze	пика, копьё
währenddessen	тем временем
hereinlassen	впускать
Umlauf	хождение, обращение (денег, бумаг)
Eroberung	завоевание
knüpfen	завязывать (узел, тж. перен.)
Demonstrant	демонстрант, участник демонстрации
Bann	изгнание, ссылка; опала; отлучение от церкви; объявление вне закона
blendend	ослепительный, слепящий
überlaufen	переливаться (через край) (тж. перен.); бежать (о кипящей жидкости)
Krampf	физиол. судорога, конвульсия, спазм
verbiegen	изгибать, выгибать, искривлять
undicht	неплотный, редкий
totschlagen	забивать
umstimmen	настраивать на другой тон, переубеждать
ertränken	топить, утопить
beschatten	защищать от солнца, затенять (что-л.), бросать тень (на кого-л., на что-л.)
Diplom	диплом, свидетельство, аттестат; грамота
riesengroß	огромный, громадный
Denkweise	образ мышления
verstören	смутить, сбить с толку, напугать
ablösen	заменять, отделять, отделяться, отходить
Gänsehaut	гусиная кожа
Beruhigungsmittel	успокаивающее средство (лекарство)
ankämpfen	бороться (с чем-л., с кем-л.)
Gottesdienst	богослужение, молебен
belassen	оставлять
plädieren	произносить речь перед судом ( о прокуроре или защитнике); отстаивать какое-л. положение
unnütz	бесполезный, ненужный
Eifer	рвение, усердие, пыл
Umhang	накидка; мантилья; пелерина
Verurteilung	осуждение
gedeihen	(хорошо) расти, развиваться; уродиться
Balken	бревно, балка
Postamt	почтамт
mittendrin	разг. в самой середине (по месту)
Reinheit	чистота
Sündenbock	козёл отпущения
berechtigt	обоснованный, правомерный
Elternteil	родитель
Leuchtturm	маяк
herankommen	подходить, приближаться
Schlafanzug	пижама
voraussagen	предсказывать, прогнозировать
durchleben	переживать, пережить
Theke	прилавок, (буфетная) стойка
verheilen	заживать
hiesig	здешний
dasitzen	присутствовать (сидя)
Republikaner	республиканец
Rückstand	задолженность, долг
abkühlen	охлаждать, остужать, охлаждаться, остывать
Mahl	пища, трапеза, обед, ужин
Bahnsteig	перрон, платформа
Erkrankung	заболевание
enttäuscht	разочарованный
Staatsanwaltschaft	прокуратура
Baumwolle	хлопок
reimen	рифмовать
üblicherweise	обычно, часто, широко
schwerfallen	даваться с трудом
verhängen	завешивать, налагать
vererben	передавать по наследству, завещать (кому-л.)
empor	вверх
liegenlassen	оставлять (лежать) (где-л.); забывать
verwundbar	уязвимый
traumhaft	сказочный, упоительный
Vorsatz	форзац, нахзац
gewählt	избранный, выбранный
Verkleidung	переодевание
folglich	в дальнейшем, впредь, в будущем, на будущее
erfolglos	безуспешный
verschlossen	запертый, закрытый
stinksauer	очень недовольный
Falte	складка, морщина
dahinterstecken	стоять за этим
bevorstehend	предстоящий
Wolle	шерсть, подшёрсток
Straßenrand	край дороги, обочина
gewährleisten	гарантировать, обеспечивать (что-л.); поручиться ( за что-либо)
Schaum	пена
herauf	вверх, наверх
Unsterblichkeit	бессмертность
denkbar	мыслимый
Saat	сев, посев, сеяние, семенной материал
ausschlagen	брыкаться, лягаться, выбивать, вышибать
Nummernschild	щиток с номерным знаком
meditieren	размышлять
verdient	заслуженный, заслуживать
schälen	чистить
Spielregel	правила игры
Energiequelle	источник энергии
Waschbär	енот
entfachen	разжигать, раздувать
Beteiligung	участие
Aufruf	призыв
geschätzt	уважаемый, почтенный
Abzeichen	значо́к, знак
Kundin	клиентка
seelisch	душевный, психический
Beachtung	принятие во внимание; соблюдение (правила)
betrübt	грустный
Spüle	катушка; бобина; шпуля, шпулька
schwerwiegend	веский
Armbanduhr	наручные часы
Schneemann	снежная баба, снеговик
hinwegkommen	преодолеть, пережить (что-л. неприятное)
sprechend	говорящий
weiterleiten	передавать
behüten	оберегать
Schleife	бант; лента
selbstsüchtig	себялюбивый, эгоистичный; корыстный
geehrt	уважаемый, польщён
involvieren	заключать (содержать) в себе, включать в себя; повлечь за собой
Häschen	зайчонок
absichern	защищать, предохранять (от чего-л.); застраховать (от чего-либо)
Arznei	лекарство
Malerei	картина, живопись
verhexen	околдовать; перен. тж. очаровывать, чаровать
verwischen	стирать, смазывать (написанное и т. п.)
unmoralisch	безнравственный
machbar	осуществимый, выполнимый
umfassend	обширный, широкий
übereinstimmen	совпадать (напр., с чьим-л. мнением)
fehl	неправильно, ошибочно
Faulpelz	лентяй, лежебока, лодырь
Ausblick	вид, перспектива
gläubig	верующий
Märtyrer	мученик
Begrüßung	приветствие
berüchtigt	пресловутый, пользующийся дурной славой
freisetzen	освобождать
Vernichtung	уничтожение, истребление; разрушение
Arche	ковчег
Büchse	банка, ружьё, винтовка
standhalten	выдерживать
einfädeln	вдевать (нитку в иголку)
zuweisen	направлять, назначать (кого-л., напр., на работу)
verzweifeln	отчаиваться
ducken	пригибаться
Achse	ось
Übersee	(употр. без артикля) заокеанские (трансатлантические) страны
unverheiratet	холостой, незамужняя, неженатый
Optimist	оптимист
beleidigend	обидный, оскорбительный
Reim	рифма
Beamter	чиновник
Berühmtheit	известность; слава
entlasten	разгружать, освобождать (от чего-л.)
sterbend	умирающий
Jackett	пиджак
Schlinge	петля, силок
Hexerei	волшебство, колдовство
zusammenziehen	стягивать, суммировать, складывать, съезжаться
schamlos	непристойный, бесстыдный, наглый, циничный
größtenteils	преимущественно; главным образом
Liebende	влюблённые
krabbeln	ползать
Blutbad	кровопролитие
unschlagbar	непобедимый, несокрушимый
Krabbe	краб
anschlagen	прибивать
Lehrling	ученик (на производстве, у ремесленника)
Gemeinsamkeit	общность
rücksichtsvoll	тактичный, обходительный
Bestand	запас, фонд, состав
Vorort	пригород
unbegrenzt	неограниченный
Rückgrat	хребет
Gerichtshof	суд, судебная палата, трибунал
hierlassen	оставлять здесь
tappen	тяжело ступать
Aufklärung	разъяснение, прояснение, разведка
Schlaftablette	снотворное
Kleiderschrank	бельевой шкаф
belehren	~ поучать, учить (кого-л. чему-л.); наставлять (кого-л.); давать сведения (кому-л. о чём-л.)
Auserwählte	избранница
Wohlergehen	здоровье
aufdringlich	назойливый
unverändert	неизменившийся
hundertmal	сотню раз
vorspielen	играть, проигрывать
rasend	неистовый, бешеный, буйный, стремительный
Apfelkuchen	яблочный пирог
Rentner	пенсионер
schädigen	поврежда́ть
Schimpanse	шимпанзе
Blase	пузырь
Alarmanlage	сигнализация
einteilen	подразделять (на что-л.)
Ankündigung	объявление, оглашение; возвещение; сообщение, извещение, уведомление
unangemessen	несоответствующий (об оплате)
verkürzen	укорачивать
samstags	по субботам
Anmut	грация; прелесть, привлекательность
verkommen	разложи́ться, дегради́ровать, опускаться
verdauen	переваривать
fragwürdig	сомнительный
Denker	мысли́тель
Zeitraum	период
Beratung	совещание, консультация
Klopapier	туалетная бумага
leiblich	родной, кровный
herumsitzen	сидеть (кругом) (вокруг чего-л.)
unaufhörlich	непрестанно
Zusammenbruch	развал, распад, катастрофа; крушение, провал, крах
Hebamme	акушерка, повитуха
Darsteller	исполнитель, актёр
Pflege	присмотр, уход (за кем-либо); попечение, забота (о ком-либо, о чём-либо)
erhöht	повышенный
häuslich	домашний
aufkreuzen	морск. лавировать против ветра
erschweren	затруднять
Kleinstadt	провинциальный городок, маленький городок
arbeitend	работающий
anbeten	поклоняться
wälzen	ворочать, ворочаться, сворачивать, переворачивать
Bestechung	взяточничество
rausfliegen	вылететь, быть выгнанным
vertagen	отложить
schmollen	дуться (на кого-л.), капризничать, надувать губы
Pfahl	столб
Rückschlag	обратный удар; возврат (мяча); отдача (при выстреле); ответная реакция
ätzend	едкий
Zielscheibe	мишень
Antenne	антенна
Zauberstab	волшебная палочка
Moos	мох, бабки, Мос
entwickelt	развитый, разработанный
Heimatstadt	родной город
Wandel	изменение
Offenbarung	откровение
Schenkel	бедро
zischen	шипеть
Keim	начало, ростки, росток, завязь
Pforte	ворота, врата
herrichten	устраивать, приготовлять; обставлять (квартиру), оборудовать; накрывать (на стол)
kugelsicher	пуленепробива́емый
Menschenmenge	толпа; многолюдье
Intensivstation	реанимация, интенсивная терапия
Linse	чечевица, линза
gesegnet	джакузи
sprachlos	немой, безмолвный
ausrufen	выкрикивать, восклицать
auferstehen	воскресать
Schwamm	губка, гриб
Tau	роса, верёвка, тау
vorankommen	двигаться вперёд
Straßenbahn	трамвай
bücken	наклоняться
Volltreffer	воен. прямое попадание
Lenkrad	руль
Befreiung	освобождение, избавление (von D от кого-л., от чего-л.; aus D от чего-л., из чего-л.)
barmherzig	милосердный
weggeben	отдавать (в чьё-л. распоряжение), предоставлять
Mylady	миледи
Ais	ас, туз
Klartext	открытый текст, незашифрованный текст
Säge	пила
erfrischend	освежающий
schikanieren	придираться (к кому-л.); причинять неприятности (кому-л.); мучить (кого-л.); преследовать (кого-л.)
mürrisch	угрюмый
gefroren	замёрзший, замороженный
ausweisen	высылать; выдворять (из пределов государства)
vorsingen	петь, напевать (что-л. кому-л.), исполнять (напр., песню)
antreffen	заставать, застать
stottern	заикание
Schiene	рельс, полоса, планка, шина
drittens	в-третьих
Stecker	ште́кер
Mädchenname	женское имя
schärfen	приправлять, делать (более) острым, затачивать
Überprüfung	проверка, проверочное испытание; контроль
Akku	аккумулятор
entfalten	развёртывать; расправлять; распускать (паруса); раскрывать (парашют)
abtrennen	отделять
Dolmetscher	устный переводчик, толмач
herziehen	приближаться, переезжать (сюда), злословить обрушиваться, тащить волочить (за собой)
Razzia	газья, разья, облава, шухер
tagen	светать, рассветать, заседать
Funkgerät	радиоаппаратура
Essig	уксус
aufschieben	откладывать, отсрочивать
Peso	песо (денежная единица в ряде стран Южной Америки)
Vogelscheuche	пугало, чучело
andernfalls	в противном случае, иначе
Spatz	воробей
Fleiß	трудолюбие, прилежание
unzuverlässig	ненадёжный, недостоверный (об источнике); неблагонадёжный (о людях)
eingehend	тщательный
nachlässig	небрежный, неаккуратный
unvollständig	неполный
Gratulation	поздравление
landesweit	по всей стране
Pfütze	лужа
voraussehen	предвидеть
damalig	тогдашний
Hautfarbe	цвет кожи (человека)
Nervenzusammenbruch	нервный срыв
Verlag	издательство, издательский дом
einklemmen	защемлять, прищемлять
Umsatz	оборот, обмен
einwickeln	завёртывать; пеленать; закатывать; бинтовать; накручивать (волосы на бигуди)
selbständig	самостоятельный; независимый
Autofahrer	водитель автомобиля
Stütze	опора
Landsleute	земляки
sprühen	разлетаться, распыляться, разбрызгиваться
Praktikum	практика
hinschicken	послать туда, отправить
Aufwand	расходы, затраты, издержки
Träger	бретелька, балка
einspringen	впрыгивать, вскакивать (на трамвай и т. п.)
aufbleiben	не ложиться спать, бодрствовать
augenblicklich	мгновенный, настоящий, сейчас, мигом
minderjährig	несовершеннолетний (не достигший 18 лет - в ГДР, не достигший 21 года - в ФРГ)
Wimper	ресница, ресничка
handhaben	использовать, обращаться
abgelegen	отдалённый
auswirken	сказываться, отражаться
Teilnahme	участие, сочувствие, заинтересованность
begnadigen	помиловать, амнистировать; прощать; смягчать наказание
hupen	сигналить
Eiscreme	мороженое
akzeptabel	приемлемый
Schweinerei	бардак, свинство
Feldwebel	сержант, фельдфебель
Schwächling	слабый (слабосильный, хилый, болезненный) человек
beieinander	вместе, рядом
wegräumen	убирать
Hochzeitsreise	свадебное путешествие
Zange	плоскогубцы
heimzahlen	отплатить, отомстить (кому-л. за что-л.), расквитаться (с кем-л. за что-л.)
Freier	жених
einfügen	вставлять
Testergebnis	результат анализа
Ablehnung	отказ, неприязнь, отвращение
Gelehrter	учёный
Lira	фин. бывшая итальянская денежная единица (1 лира = 100 сентесимо)
verseuchen	заражать
durchbohren	пронзать, пробуравить
materiell	материальный
Nahrungsmittel	продукт питания
Währung	валюта
Windschutzscheibe	лобовое стекло
verletzlich	легко уязвимый, ранимый
Cheeseburger	чизбургер
bang	боязливый, робкий
Aufrichtigkeit	искренность
Neugierde	любопытство
Umlaufbahn	орбита
wohltätig	благотворный, полезный
Schlagzeug	ударная установка
überglücklich	очень счастливый
Bauchschmerz	боль в животе
Stachel	жало
erliegen	поддаваться
Sonde	зонд
Schwiegertochter	сноха, невестка
schaufeln	копать, рыть
Skizze	эскиз, набросок, рассказ, очерк
ungelöst	нерешённый
Urteilsvermögen	способность к вынесению суждения
kitschig	низкопробный, пошлый, безвкусный, халтурный (о произведениях литературы и искусства)
Verkäuferin	продавщица
Mondlicht	лунный свет
Aufschub	отсрочка
Abteil	купе
abstoßend	отталкивающий, отвратительный
schaukeln	качать
überallhin	повсюду, везде
Kleinkind	малолетний ребёнок
Versorgung	снабжение, обеспечение
verstauen	убирать, убрать
anpacken	хватать, приступать, приниматься
Nachsicht	снисходи́тельность, снисхожде́ние
Schraubenzieher	отвёртка
Schlumpf	смурф, смурфик
ausgebucht	забронирован, всё занято
einwilligen	соглашаться (на что-л.)
Aussprache	произношение, выговор, объяснение
Lebenszeichen	признак жизни
Gläschen	стаканчик, рюмка, рюмочка
vermehren	увеличивать, умножать, размножаться
Klingel	звонок
Pumpe	насос, сердце
feindselig	враждебный, недружелюбный
furchterregend	устрашающий
Einführung	введение
Auflage	обязанность, выполнять обязательства, тираж
Nachtigall	соловей
verschulden	задолжать
vereinfachen	упрощать
Kaiserin	императрица
Fährte	след
Hektar	гектар
Bleibe	пристанище
Pantoffel	домашняя туфля (без задника)
bedauerlicherweise	к сожалению
hochheben	поднимать ( поднять )
üppig	пышный (о фигуре)
Miene	вид, выражение, мина
Pott	горшок
Außenwelt	внешний мир
ungelegen	неудобный, неблагоприятный
Zirkel	циркуль, кружок
Turnschuh	кед
Offenheit	открытость
Rübe	корнеплод ; [2] свёкла ; [3a] репа, тыква
Zensur	оце́нка, отме́тка, цензу́ра
schildern	описать, изобразить, рассказать
Anstellung	зачисление на службу, приём на работу
Gaul	конь, лошадь
morgig	завтрашний
Einigung	объединение, соглашение
Aberglaube	суеверие
unverzeihlich	непростительный
Fernglas	бинокль
misshandeln	жестоко [плохо] обращаться (с кем-л, с чем-л), истязать (кого-л), издеваться (над кем-л, над чем-л)
abwischen	стирать, вытирать (пыль и т. п.)
bizarr	причудливый
Minderjährige	несовершеннолетний, несовершеннолетняя
entmutigen	лишать
Unwetter	непогода
betreffend	относительно
Strohhalm	соломинка
zügeln	сдерживать, обуздывать
deprimiert	подавленный, в депрессии
Kaff	мякина, высевки
beiwohnen	присутствовать (где-л.)
zerschneiden	разрезать (на куски); изрезать
schwinden	убывать, исчезать
Anbetracht	учитывая, принимая во внимание
austreten	выходить (из строя, на открытое место)
Sichtweise	взгляд (на что-л)
Verbündeter	союзник
entschieden	решительно
Möhre	морковь
Lieferant	поставщик
Zeugenaussage	юр. свидетельское показание
flachlegen	повалить
aufwühlen	будоражить, волновать
unerhört	неслыханный
siebzehn	семнадцать
versohlen	подшивать (прибивать) подмётки (к обуви)
hintun	деть, положить
Mandel	миндаль, миндальное дерево
Ehrfurcht	глубокое уважение, почтение (к кому-л., к чему-л.); благоговение (перед кем-л., перед чем-л.)
freinehmen	sich ~ отпроситься, взять выходной (день)
Bündel	связка, сноп; котомка
Jacht	яхта
abstatten	наносить визит
abfallen	опадать, отпадать, оставаться, оступаться
verstellen	притворяться, притвориться
Toilettenpapier	туалетная бумага
Äußerung	высказывание, отзыв, выражение, проявление
Wirbelsäule	позвоночник, позвоночный столб
Streifenwagen	патрульная (полицейская) машина
durchsichtig	гласный
verdenken	ставить в вину (кому-л.)
Darbietung	предложение
klebrig	клейкий, липкий
Spatzen	воробьи
Bach	ручей, речка, Бах
zähmen	приручать
empört	возмущённый
unverantwortlich	безответственный
beschmutzen	загрязнять, засорять, пачкать
Schwachstelle	экон. узкое место
Migräne	мигрень
Anhalter	анхальтец, ангальтец (житель Анхальта, Ангальта)
Lieblingsfarbe	любимый цвет
tarnen	маскировать, скрывать; камуфлировать
Fußstapfen	следы, стопы
eineinhalb	полтора
Aufsehen	смотреть вверх, уважать
Fetzen	клочок, обрывок
Ausgangssperre	комендантский час
dreist	наглый, дерзкий
aufdrehen	отвёртывать, открывать (вращая)
vermachen	завещать
Pflaume	слива
Sportwagen	спортивный автомобиль, спорткар
beleuchten	освещать
bestehend	существующий
herausragend	выдающийся, значительный
Diplomatie	дипломатия
Schar	толпа, лемех, сошник
imaginär	мнимый, воображаемый, кажущийся
Walzer	вальс
Durchmesser	диаметр
lokalisieren	локализовать (определять, определить местоположение)
Menschenverstand	человеческий разум
Stellvertreter	заместитель
aushändigen	вручать, выдавать (на руки), передавать (из рук в руки, с рук на руки)
Maultier	мул
erachten	признавать, рассматривать, считать
zwitschern	щебетать, опрокинуть стакан, выпить, жахнуть
Stäbchen	палочка; прутик
zuwenden	поворачивать (что-л. к кому-л., к чему-л.)
einwerfen	бросать (что-л. внутрь чего-л.); опускать (бюллетень, письмо, монету в щель автомата)
vergesslich	забывчивый
abhacken	откалывать, отрубать, отщеплять
nageln	забивать гвоздь
Bankräuber	грабитель банков
zurückweisen	отка́зывать
Anzahlung	задаток, первоначальный взнос
Richterin	судья
startklar	готов к старту
Pate	крёстный отец
Umfang	окружность
zuschreiben	разг. приписать (что-либо, напр., к письму), сделать приписку
aufschließen	открывать; отмыкать; отпирать (замок, дверь)
rankommen	подобраться, дотянуться
verstricken	израсходовать при вязании (напр., шерсть)
Fußabdruck	след стопы
Schnupfen	нюханье, насморк
anbrennen	зажигать, зажигаться
Belang	значение, требования, интересы, в этом отношении
Silbe	слог
Gebäck	печенье, выпечка
langgehen	идти вдоль, пройти
Furz	груб. пердь, пердёж
erkennbar	узнаваемый
Durchfall	понос, провал
gemacht	сделанный
abkriegen	получать свою долю (тж. перен.)
Schlappschwanz	пренебр. тряпка (о человеке)
kreischen	визжать, взвизгнуть, верещать, скрипеть
ausspannen	распрягать, выпрягать (лошадей)
kämmen	расчесывать
voreingenommen	предубеждённый, пристрастный, предвзятый
Schürze	передник, фартук
glaubhaft	правдоподобный, вероятный
sausen	шуметь, свистеть
Iren	ирландцы
Nachttisch	ночной столик, тумбочка
unordentlich	неопрятный, непорядочный
abergläubisch	суеверный
Krimi	детектив
ausspionieren	разузнать, выведать, разведать, разнюхать; выследить
Säugling	младенец
Halsband	ошейник
Mediziner	врач, доктор
kapitulieren	сдаваться
Zuversicht	уверенность
Überschwemmung	наводнение
Drucker	принтер, печатник
Gebieter	повелитель
fettig	жирный
Taufe	крещение
Kapuze	капюшон, капор
Demütigung	унижение
Tötung	убийство
aushandeln	выторговывать
gegeben	данный, заданный
zunichte	впустую, насмарку
Bilanz	баланс
beherbergen	давать приют (кому-л.), принимать у себя (кого-л.)
gemischt	смешанный
knöpfen	застёгивать
Widerrede	противоречие, возражение
vordringen	продвигаться вперёд
Fakultät	факультет, факториал
bereisen	объезжать, посещать (кого-л., что-л.), путешествовать (напр., по стране)
Kunststück	фокус, трюк
hinterfragen	задаваться вопросом (о чём-л.); задумываться (над чем-л.); сомневаться (в чём-л.)
entzweien	разделить
Aktenkoffer	портфель, кейс
Nachlass	наследство, скидка
hallen	раздаваться (о звуке), звучать
Koran	Коран
abwehren	отражать, отбивать
abladen	сгружать, сгрузить
diesjährig	этого (нынешнего) года
Lektüre	чтение
Grabstein	надгробие
Kopfkissen	подушка
Nobelpreis	Нобелевская премия
freundschaftlich	дружески
freitags	по пятницам
schwanken	шататься; качаться, колебаться, колыхаться
aufschneiden	взрезать, разрезать, вскрывать (ножом, ножницами)
abtreten	изнашивать, стаптывать, сбивать (обувь)
hochziehen	натягивать (чулки); подобрать, подтянуть (ноги)
bloßstellen	разоблачать, разоблачить
Vermächtnis	юр. завещание
Anflug	прилёт (птиц); подлет, приближение (самолёта)
Spender	жертвователь; участвующий в сборе (в пользу чего-л.); даритель
schwängern	делать беременной; оплодотворять
Befriedigung	удовлетворение
Veröffentlichung	публикация
gewissenhaft	добросовестный
gebildet	образованный
gewünscht	желанный, желаемый
Wildschwein	дикий кабан, кабан
Ire	ирландец
Ersatzteil	запасная (сменная) часть (деталь)
auffangen	подхватывать (при падении); останавливать, задерживать (резкое движение); принимать на себя (удар); ловить (мяч); перехватывать (письма, переговоры, взгляд); улавливать (разговоры, сигналы)
angebracht	уместный, подходящий
Kinderzimmer	детская комната
Regenwald	дождевой лес
mangelnd	недостаточный; отсутствующий, недостающий
Vorspeise	закуска
anstehen	стоять в очереди (за чем-л)
blühend	в цвету, цветущий (тж. перен.)
Kaffeemaschine	кофеварка
Rasenmäher	газонокосилка
Paprika	овощной перец, стручковый перец, красный перец, перец-чили
wandelnd	ходячий
Atmung	дыхание
Apotheker	аптекарь
parat	готовый, наготове
fehlerhaft	ошибочный, неисправный, неверный
nagen	грызть, глодать
Jahrmarkt	ярмарка
Angsthase	трус
verübeln	нищать, беднеть
Motte	моль
Ministerpräsident	премьер-министр
Schusswaffe	огнестрельное оружие
Besetzung	занятие, оккупация
Wahnvorstellung	бредовое представление
Nachtclub	ночной клуб
Halunke	негодяй, мерзавец
Tracht	ноша, груз
Ziegel	кирпич, черепица
makellos	безукоризненный, безупречный
krönen	короновать
verlernen	разучиться
Anspielung	намёк (б. ч. в речи)
Beleg	доказательство, свидетельство, чек
überkommen	охватывать, захлёстывать, наследовать
murmeln	бормотать
Magd	прислуга, служанка, работница, девушка
ausgebildet	обученный, подготовленный
Ausdrucksweise	дикция
geistreich	остроумный
frühzeitig	ранний; утренний
Tausch	обмен
Ventil	вентиль
Vordertür	входная дверь
Hüter	хранитель
Stiel	рукоятка, черенок, ручка, топорище
bereichern	обогащать (что-л. чем-л.; тж. перен.)
durchdacht	продуманный
einheimisch	местный
zweifelhaft	сомнительный
kuscheln	прильнуть, прижаться, уютно устроиться, закутаться
Rumpf	туловище
viert	вчетвером, четвёртый
entreißen	вырывать, лишать
einbeziehen	включать; приобщать; втягивать
ausspielen	доигрывать (роль)
Säugetier	млекопитающее
absperren	запирать (кого-л., помещение, дверь)
Meinungsverschiedenheit	разногласие
Baumstamm	ствол, ствол дерева
Staatsbürger	гражданин
umsteigen	пересесть
unterlegen	подкладывать; подстилать
insgeheim	тайно, тайком, скрытно, секретно
Verleumdung	клевета, диффамация
Laterne	фонарь
Laie	дилетант, любитель, профан, мирянин
ekeln	испытывать отвращение (к чему-л.)
herausgeben	издавать
Zaum	узда , уздечка
Gurt	пояс, кушак; ремень
seinetwegen	ради него; из-за него
Wurmloch	червоточина, кротовая нора, кротовина
Abt	аббат, игумен
lasten	давить своей тяжестью
anfallen	скапливаться, нападать
herumfahren	(об)возить, катать (вокруг чего-л.)
Naturwissenschaft	естествознание
funkeln	искриться, сверкать
Entzug	лишение, рехаб
Schweinehund	бран. собачье отродье; свинья; сволочь; букв. свинособака
verschallen	быть забытым, забываться, изгладиться из памяти; исчезнуть
Köpfchen	головка
Aufbau	строительство, надстройка, устройство
farbig	цветной, образный, яркий
verliebt	влюблённый
Schultag	школьный день
strafen	наказывать
Lasagne	лазанья
zurückhaltend	сдержанный
Hersteller	производитель
Bewerber	претендент, кандидат, соискатель
unvergleichlich	несравненный, бесподобный
überlasten	перегружать
Riemen	ремень
Flugzeugabsturz	авиакатастрофа, авиационная катастрофа
hochladen	закачивать, загружать
ausräumen	опорожнять, освобождать; очищать
Besessenheit	одержимость
Storch	аист
schlapp	вялый, лишённый энергии; слабый
Eiffelturm	Эйфелева башня
Schaufenster	витрина
erhitzen	нагревать, разогревать; подогревать; раскалять, накалять
beschränkt	кадет, курсант
anlangen	добраться, достигнуть, касается , (ко мне) относится, трогать
unreif	незрелый, неспелый
meilenweit	на много миль
Vorahnung	предчувствие
Limo	лимонад, газировка
herhören	слушайте сюда
Salut	салют; приветствие
Kinderwagen	детская коляска
herüber	через; сюда; на эту сторону (по направлению к говорящему через что-л., поверх чего-л.)
unlogisch	нелогичный
verwahren	храни́ть
verdorben	испорченный
Lieblingslied	любимая песня
wegschaffen	убирать; уносить; увозить
Kerlchen	паренёк
Kutscher	кучер
einbuchten	загибать, выгибать
Gleichheit	равенство
auffrischen	подновлять, обновлять, освежать; оживлять; возобновлять
Lungenentzündung	пневмония, воспаление лёгких
Trunkenheit	пьянство
verfaulen	гнить, загнивать
unterkriegen	побеждать, осиливать, укрощать
Wartezimmer	зал ожидания
Mitschüler	школьный товарищ, товарищ по школе; одноклассник
begnügen	удовлетворяться, довольствоваться, ограничиваться (чем-л.)
Fotoapparat	фотоаппарат
Beteiligte	участница
zustehen	полагаться, быть положенным, причитаться кому-л.
Sehenswürdigkeit	достопримечательность
Fehlschlag	промах
Heiligabend	сочельник
willkürlich	произвольный
Zärtlichkeit	нежность
gähnen	зевать
erleichtert	облегчённый, успокоенный
brummen	рычать (о медведе); реветь (о быке)
Hungersnot	голод
Hellseher	ясновидец
Slip	трусы, плавки
verdrücken	смять, раздавить; выдавить
Omen	предзнаменование
Appartement	апартамент
gekocht	приготовленный, сваренный
Hurrikan	ураган
Beurteilung	суждение
Stadtteil	городской район (квартал), часть города
Zeitvertreib	времяпрепровождение
Gral	Грааль (чаша с кровью Христа в средневековой легенде)
Schornstein	дымоход, дымовая труба
flattern	развеваться
bewilligen	разрешить
Gutschein	ваучер
Verschluss	замок, задвижка, запор (собирательное обозначение приспособлений, закрывающих что-либо), застёжка
widerwärtig	противный, неприятный
Ausfahrt	выезд
bestenfalls	в лучшем случае
knabbern	обгладывать, обгрызать
gnadenlos	беспощадный
Trieb	побег, побуждение
unerwünscht	нежелательный
verstreichen	размазать, замазать, проходить, протекать
vergelten	отплатить
Krücke	костыль
Fürsorge	попечение, забота
Handschuhfach	бардачок
schwenken	махать (чем-л.); размахивать (чем-л.); швырять
Signora	синьора
herumführen	(об)водить (кругом) (вокруг чего-л.)
unbewusst	бессознательный, неосознанный, непреднамеренный
Zwillingsbruder	брат-близнец
Bange	тревога, страх
Gemahl	высок. супруг
Taschendieb	карманник
verheerend	опустошительный
Mäuschen	мышка
hinwollen	хотеть быть (оказаться) (там), хотеть отправиться (туда)
Auftraggeber	лицо, дающее поручение; доверитель, мандант; заказчик; хозяин; инспиратор
Taler	талер
Teig	тесто
allerseits	всем, для всех, со всех сторон, отовсюду
Minderheit	меньшинство
Tierheim	приют для животных
Sage	сага
Stellungnahme	высказывание своего мнения (о чём-л.) (отношения (к чему-л.)); оценка (какого-л. явления); точка зрения
scheu	робость
Unentschieden	спорт. ничья
anschalten	включать
aufholen	догонять, нагонять; навёрстывать (упущенное)
Marktplatz	рыночная площадь
Qualle	медуза, тряпка
Wertschätzung	признание, уважение
erschrocken	испуганный, напуганный
dämmern	рассветать, смеркаться
Tyrannei	тирания, деспотизм
Zurückhaltung	сдержанность; скромность
Kabinett	кабинет
Übelkeit	тошнота
Fund	находка
tadellos	безупречный, безукоризненный
Effizienz	эффективность
Konferenzraum	конференц-зал
Sonnenstrahl	солнечный луч, луч солнца
Riegel	задвижка, засов; запор, затвор
Marmor	мрамор
reinstecken	всунуть
Lebensende	конец жизни, смерть
Unfähigkeit	неспособность
Pinsel	кисть, кисточка
beschäftigt	занят
ohrfeigen	дать пощёчину (кому-л.); бить по лицу (кого-л.)
krankhaft	болезненный, нездоровый, патологический
Füller	авторучка, ручка
Dichtung	уплотнение, прокладка
Alarmstufe	степень (боевой) готовности
Frist	срок
Fahrschein	билет
Beleuchtung	освещение
Rührei	яичница-болтунья
fürsorglich	заботливый
Fettsack	груб. толстяк, жирдяй
vertauschen	(случайно) перепутать, обменять; заменить; подменить (что-л.); переставлять
Bosheit	ед. ч. злость, злоба
Ellenbogen	анат. локоть
paarmal	пару раз
hereinlegen	вкладывать, укладывать
schläfrig	сонливый, дремлющий, сонный
Taifun	тайфун
Samstagabend	рег. (ю.-нем.) субботний вечер
aussperren	оставлять за дверью; выставлять за дверь; закрывать дверь (перед кем-л.)
entehren	обесчестить, опозорить; изнасиловать
einstehen	отвечать, ручаться (за кого-л, за что-л)
nachlaufen	бежать (вслед), гнаться (за кем-л.)
Raucher	курильщик, место для курения
fraglich	сомнительный, спорный; проблематичный
potentiell	потенциальный, возможный
Aufprall	столкновение
knallhart	жёсткий, беспощадный
auswechseln	сменять ( сменить ), заменять ( заменить )
Entspannung	расслабление
Schmuckstück	драгоценность
Anhaltspunkt	отправная точка; основание; исходные данные
ketten	приковывать; привязывать; заковывать в цепи; сажать на цепь
Krümel	крошка
Heuchelei	лицемерие
anschaffen	покупать, закупать
Tastatur	клавиатура
heldenhaft	героический, геройский
gefrieren	замерзать, замёрзнуть
Selbstachtung	самоуважение
hergeben	подавать, отдавать, соглашаться на что-либо
Zaubertrank	волшебный напиток
Trauzeuge	свидетель акта бракосочетания
Schacht	шахта, ствол шахты
Vorspiel	прелюдия
zurückschlagen	отбивать, отражать
absitzen	слезать (с коня, велосипеда и т. п.); спешиться
Besitzerin	владелица; собственница
Abneigung	неприя́знь, антипа́тия
bedeutsam	значительный, знаменательный, имеющий большое значение, многозначительный
Knüppel	дубина, дубинка, толстая палка
Brandstiftung	поджог
Einblick	взгляд (на что-л.); ознакомление (с чем-л.)
Saite	струна
Glaubwürdigkeit	правдоподобие; правдоподобность
Krankenversicherung	страхование на случай болезни
erdulden	терпеть, выносить, претерпевать
Flinte	ружьё
Lumpen	рвань
Unmenge	громадное количество, уйма, масса
hüllen	закутывать, укутывать, окутывать, обволакивать, укрывать
trommeln	барабанить, бить в барабан
fortschrittlich	прогрессивный, передовой
vorhersehbar	предсказуемый, предвидимый
stapeln	укладывать штабелем, складывать в стопки (в кучу); нагромождать
Zopf	коса
Trommel	барабан
Billard	бильярд, биллиард
Befürchtung	опасение
Untertasse	блюдце
Filiale	ветвь
schmackhaft	вкусный
Hummel	шмель
Gruft	склеп
Kleidungsstück	предмет одежды
Chemiker	химик
Bewertung	оценка, оценивание
Schätzung	оценка, уважение
Gassi	гулять (с собакой)
Hausmädchen	домашняя работница; горничная; прислуга, служанка
Diskette	дискета
Prellung	кровоподтёк, синяк
erhoben	поднятый
entladen	разгружать, выгружать
unvergesslich	незабвенный, незабываемый
verfliegen	улетучиваться (напр., о запахе); рассеиваться (о тумане)
Fraß	корм
entbinden	освобождать (напр., от обязанностей, присяги)
Knete	то же, что Knetmasse; пластилин
Pleite	банкротство, крах, неудача
Göre	малыш, малышка
manuell	ручной, вручную
Erdnussbutter	арахисовое масло
Meteorit	метеорит
ermahnen	призывать
bedingt	условный
Besitztum	имущество; недвижимость, имение, (земельное) владение
verstauchen	вывихнуть, растянуть (сухожилие)
Anziehungskraft	сила притяжения
Oberschenkel	бедро
unsinnig	бессмысленный, нелепый, безрассудный
vorbringen	выдвинуть, вытащить (что-л. на передний план); выманить (кого-л. откуда-л.)
hissen	поднимать (флаг, сигнал); ставить, поднимать (паруса)
herumschnüffeln	обнюхивать всё вокруг (о собаке)
zufriedenstellen	удовлетворять
Keule	дубина, булава, кострец
Shoppen	делать покупки
dazugehören	принадлежать к чему-л.; относиться к чему-л.
hämmern	бить, колотить, барабанить, ковать
komfortabel	комфортабельный, комфортный
zurückführen	вести (приводить) обратно, отводить (назад) (на прежнее место)
Abbild	изображение, отображение
unbestimmt	неопределённый
Richtlinie	директива
gutheißen	одобрять; санкционировать
Herrlichkeit	великолепие
Hundefutter	собачий корм
nachhause	домой
zwinkern	подморгнуть
Masche	петля (вязанья, трикотажа); ячея (сети)
absprechen	отказать
Jungfer	поэт. дева, девица, девственница
Wasserhahn	кран
Geländer	перила, парапет
zerstückeln	разбить; (раз)делить (разорвать, разрезать) на куски; искромсать
zuvorkommen	опережать
bürgerlich	гражда́нский, обыва́тельский
Erdling	землянин
Herzchen	сердечко
legitim	законный, легитимный
Luder	падаль
Vorgeschichte	предыстория
entfallen	выпадать, отпадать, доставаться
Einklang	согласие, гармония
gleichermaßen	равным образом, одинаково
Scheiterhaufen	костер
verschwunden	исчезнувший
Blickwinkel	угол зрения (тж. перен.)
Aberglauben	суеверие
Unwissenheit	невежество
Tresen	прилавок
Fußspur	след (стопы, лапы и т. д.)
Brüderchen	братишка
erbrechen	рвать, извергать рвотные массы; вырвать, стошнить; срыгнуть, срыгивать (о младенце)
zugegen	присутствующий
widerlegen	опровергать, давать опровержение; оспаривать
Gehirnerschütterung	сотрясение мозга
Außenminister	министр иностранных дел
unheilbar	неизлечимый, неисцелимый
vorteilhaft	выгодный; полезный
Buchhandlung	книжный магазин
nachdenklich	задумчивый, наводящий на размышление
Vollgas	полный газ
einstimmig	единогласный
Zahnpasta	зубная паста
Frisör	парикмахер
Rauschen	шум
Polizeiwache	полицейский участок
entgegennehmen	принимать, принять, заслушивать
zustellen	доставлять, вручать
fortgeschritten	продвинутый, развитый
Hochstapler	аферист, шарлатан, проходимец, мошенник; авантюрист
Aufstellung	составление, список, формирование, выставление
abblasen	сдувать, распылять
Neujahr	Новый год
Spritztour	покататься, прокатиться
Schusswunde	огнестрельная рана
Base	основание, щёлочь, двою́родная сестра́, тётя
einschreiben	заказное письмо
ebenbürtig	равный
Pilger	паломник
entschädigen	возмещать, компенсировать
fehlschlagen	промахнуться, не попасть в цель (при ударе)
ländlich	сельский, деревенский
vegetarisch	вегетарианский
Trab	рысь
Golfplatz	поле для гольфа
Haftstrafe	взятие под стражу, арест (как вид лишения свободы)
Gemahlin	супруга
heimfahren	ехать домой, возвращаться домой, везти домой
hintreten	подойти, наступить
verneigen	высок. кланяться, поклониться (кому-л.)
Einschränkung	ограничение; сокращение
Rentier	северный олень, рантье
wegfliegen	улетать; быть унесённым ветром
auffüllen	наполнять
Anwendung	применение, прикладная программа
Schießpulver	порох
Selbstverteidigung	самооборона, самозащита
ausrüsten	снабжать, оснащать (чем-л.); вооружать; снаряжать; оборудовать
auseinandernehmen	разнимать
Juwelier	ювелир
vermählen	устар. женить; выдавать замуж
ausscheiden	физиол. и хим. выделять; отделять
Goldstück	золотко, сокровище
Elle	анат. локтевая кость
Jüdin	иуде́йка, евре́йка
Gelenk	сустав, шарнир
mogeln	разг. плутовать, жульничать, надувать, мошенничать (особенно в карточной игре)
Passant	прохожий, прохожая
verheißen	предвещать
aufsagen	говорить наизусть
Fußgänger	пешехо́д
Abgang	отсев, отсеивание
Vorstrafe	(прежняя) судимость
Vorladung	вызов (напр., в суд), повестка (о явке)
ehrbar	почтенный, уважаемый
Sucht	страсть; мания (тж. мед.)
beilegen	прикладывать, разрешать, урегулировать
Nächstenliebe	милосердие
Vormund	опекун (тж. перен.)
anbeißen	надкусывать, откусывать
visuell	визуальный, зрительный
Wiedergutmachung	исправление; искупление
mitreißen	увлекать (уносить) с собой
Mappe	папка
Hündin	сука
Gewissensbiss	угрызение совести
zuwerfen	бросать, кидать, захлопывать, забрасывать
Gegenmittel	средство от (против) чего-л.; противоядие
Vorgarten	палисадник
Banjo	банджо
Haarfarbe	цвет волос
darlegen	представлять
blitzen	сверкать, искриться, фотографировать со вспышкой
eigenhändig	собственноручный
Vorkehrung	мера (напр., предосторожности); мероприятие
huhu	ау, привет
obendrein	к тому же, ко всему, ко всему прочему, кроме того, сверх того, вдобавок
heimkehren	возвращаться домой (на родину)
mailen	комп., посылать, отправлять сообщение (по электронной почте)
Wissenschaftlerin	учёный
entwenden	похищать (у кого-л.), (у)красть (у кого-л.); отнимать (у кого-л.)
zutun	разг. прибавлять, добавлять
gebieten	приказывать, понуждать, требовать, повелевать
Schleim	слизь
beibehalten	сохранять, оставлять, удерживать (за собой)
einchecken	регистрироваться
werten	оценивать, расценивать
Weihnacht	Рождество
Tiefpunkt	низшая точка
Cello	виолончель
Zauberkraft	волшебная (магическая) сила
lautlos	беззвучный, бесшумный
unbeschreiblich	неописуемый, невыразимый, несказанный
gegenüberstehen	стоять против, противостоять
beschneiden	подрезать, урезывать, сокращать, ограничивать
Prise	щепотка (соли и т. п.); понюшка (табаку)
dichtmachen	закрыть, прикрыть лавочку
abstoßen	отталкивать, отбивать, сбивать, разделываться
neunzig	девяносто
Schatzkammer	сокровищница (тж. перен.)
ungeschehen	несостоявшийся, не имевший места
leichtfertig	легкомысленный
Nachfahre	потомок
Streife	патруль; дозор, разъезд
Krönung	коронация, коронование
miterleben	переживать, претерпевать, испытывать (вместе с кем-л.); быть свидетелем (чего-л.)
Wahn	бред
ratsam	благоразумный, целесообразный; желательный
Kavalier	кавалер
Hochhaus	высотное здание
erarbeiten	зарабатывать (своим трудом); вырабатывать
unterkommen	устраиваться, находить приют (кров, убежище, пристанище), укрываться (у кого-л., где-л.)
Ausgleich	уравнивание
Ausschnitt	вырезка (тж. газетная); отрывок, выдержка (из литературного произведения); небольшая часть, образчик; фрагмент, эпизод
beschämend	постыдный, позорный
Geschoss	снаряд, пуля, ракета, этаж
häuten	снимать (сдирать) кожу (с кого-л.)
anspringen	заработать, завестись (о двигателе)
abweichen	отличаться, отклоняться
revanchieren	брать реванш, отплатить, отомстить (кому-л. за что-л.)
Ultimatum	ультиматум
Gutachten	мнение, отзыв; заключение, экспертиза; рецензия
Jurist	юрист
käuflich	продающийся, имеющийся в продаже; продажный (тж. перен.)
überschwemmen	затоплять
Gespür	чутьё, нюх
umschauen	оглядываться, осматриваться, озираться
Fahrerin	водительница
wedeln	обмахиваться, вилять, махивать
umfangreich	разносторонний, всеохватывающий
Klausur	экзамен
helllicht	очень светлый, солнечный (о погоде)
Torheit	глупость
erörtern	разбирать, обсуждать, дискутировать, рассматривать (вопрос), заниматься (вопросом, проблемой)
inbegriffen	включая, включительно
hinschauen	смотреть (куда-л.), взглянуть
Erleuchtung	просветление, озарение
wirr	запутанный, спутанный; растрёпанный
heidnisch	языческий
Schlittschuh	коньки
blättern	листать / перелистать / перелистывать
entziffern	декодировать, расшифровывать
Mondschein	лунный свет
unehrlich	нечестный, бесчестный
Scherben	осколки, черепки
Redensart	выражение
Tanne	пихта, ель, ёлка
mitarbeiten	сотрудничать
Überarbeitung	переделка, переработка
einzahlen	вносить, класть
Mordkommission	комиссия по расследованию убийства
Außenministerium	министерство иностранных дел
Krypton	криптон
Steuerbord	морск. правый борт
Ungeziefer	паразиты
Kaserne	казарма
dickköpfig	упрямый, твердолобый
Mikroskop	микроскоп
Feindseligkeit	неприязнь, враждебность
widerrufen	опровергать (сказанное); отрекаться, отказываться (от сказанного)
Beistand	помощь
Zimmermädchen	горничная
Heldentat	(героический) подвиг
überrumpeln	захватить врасплох; напасть врасплох; ошеломить
Polizeirevier	полицейский участок
Klotz	колода, чурбан
Naht	шов
Pöbel	плебс, чернь, быдло, толпа
Matte	альпийский (горный) луг; выгон, пастбище
Kriterium	критерий
entsinnen	вспоминать, припоминать
anlächeln	улыбаться
Wespe	оса
Aal	угорь, торпеда
Apfelsaft	яблочный сок
umhin	не могу иначе, поневоле
Eingeborene	туземцы, коренные жители
sitzend	сидящий
zuordnen	придавать, назначать в помощники; подчинять; прикомандировывать
Kartoffelsalat	картофельный салат
Miliz	милиция
Männlichkeit	мужественность, маскулинность; мужские качества, свойства, мужской характер
Kommode	комод
Abwehr	оборона
Edelmann	дворянин
Komplott	заговор
verunsichern	вселить неуверенность
erwählen	избирать, выбирать
festsetzen	устанавливать, назначать; решать
erkaufen	покупать, приобретать
Anmerkung	примечание
Koks	кокс, бабки
überheblich	заносчивый, надменный
erdenklich	мыслимый; возможный
unentschieden	нерешённый
Mucks	звук, писк
Mitbürger	согражданин
klitzeklein	малюсенький, крошечный
alleinstehend	незамужняя, холостой, бессемейный, одинокий
Besteck	столовый прибор
Schimpfwort	бранное слово
verleiten	соблазнять, подстрекать, уговаривать, склонять, подбивать (кого-л. на что-л.); совращать (кого-л.)
Faulheit	лень, леность
wohlauf	здоров, в порядке
Alarmbereitschaft	полная (боевая) готовность, готовность к действиям по тревоге
einsatzbereit	готов к работе
Kriegsschiff	военный корабль
umleiten	изменять направление (напр., реки); направлять в обход (транспорт)
prachtvoll	великолепный, прекрасный, замечательный; роскошный, пышный
mithören	подслушивать; перехватывать (напр., радиопереговоры); слушать, контролировать (радиопереговоры); вести разведку средствами связи
Taille	талия
Wohlbefinden	здоровье; хорошее самочувствие
rasten	делать привал
Schlafmütze	ночной колпак, соня
belauschen	подслушивать
verführerisch	соблазнительный; обольстительный
Mitfahrgelegenheit	возможность стать попутчиком в поездке на частной автомашине (на основе разделения транспортных расходов)
Dachs	барсук
verfüttern	скармливать (скоту)
Ordner	папка
Urwald	девственный лес
Kästchen	ларец
Versöhnung	примирение
aufschlussreich	поучительный
absolvieren	кончать, оканчивать (учебное заведение)
akut	срочный, острый
Unterdrückung	угнетение
bekehren	обращать (в другую веру; тж. перен.); наставлять на путь истины
verwundet	бейсбольная бита
Konsulat	консульство
Abfindung	уплата долга; возмещение (убытков); удовлетворение (кого-л. уступками и т. п.)
entledigen	избавляться, сбрасывать с себя
Romantiker	романтик
anziehend	привлекательный
Luftballon	воздушный шарик, воздушный шар
Führungskraft	директор
erblühen	расцветать
Oberhaupt	руководитель, глава
Haferbrei	овсяная каша, овсянка
verlesen	зачитать, огласить
Handfläche	рука
zusammenhängen	тесно ( непосредственно ) примыкать (к чему-л.)
Gästeliste	список гостей
Provision	комиссионные (деньги); вознаграждение за услуги (в торговом обороте)
generell	общий, в общем, в целом, обычно
Fete	вечеринка
Flohmarkt	блошиный рынок
Windmühle	ветряная мельница
gesellig	общительный; компанейский (разг.); обходительный
kindlich	ребячливый
Hecke	живая изгородь
Orgel	орган
Schwimmbecken	бассейн
sechzig	шестьдесят
Naturtalent	самородок, природный талант
ehrenvoll	почётный, лестный
Spielverderber	некомпанейский человек; человек, мешающий общему веселью; зануда (фам.)
Leukämie	лейкемия, белокровие
frisieren	причёсывать (кого-л.), делать причёску (кому-л.)
Nachthemd	ночная рубашка
Vermisster	пропавший без вести
selbstlos	самоотверженный
einfallsreich	находчивый, изобретательный, оригинальный
anzetteln	затевать, замышлять
Zeugs	барахло, вещи
beschießen	обстреливать (какую-л. цель); стрелять (по какой-л. цели)
zubringen	приносить (с собой)
Taste	клавиша, кнопка
Steckdose	штепсельная розетка, розетка
überfällig	просроченный, запоздавший
Messias	Мессия
schmeichelhaft	лестный
futsch	пропало, тю-тю
zugute	на пользу
Hauptfach	главный учебный предмет; основная специальность
Kopfgeld	истор. подушная подать
Kippe	ребро, край, угол, остриё
verwerfen	забросить (что-л. куда-л.)
Rosine	изюм
Sohle	подошва, ступня, подмётка
Schriftstellerin	писательница
Lebensweise	образ жизни
Selbstgespräch	моноло́г
herablassend	надменный, окровительственный, снисходительный
Öffnung	открытие, раскрытие; откупоривание; распечатывание
würdevoll	исполненный достоинства, важный
koscher	кошерный
Aktionär	акционер
schändlich	постыдный, позорный; гнусный
Speisekammer	кладовая
rupfen	ощипывать, выдёргивать
Schminke	макияж
unregelmäßig	неправильный, нерегулярный; беспорядочный
Raupe	гусеница
Ertrag	выручка, прибыль
Leichenschauhaus	морг
Buchhaltung	бухгалтерия
Übernahme	приём, приёмка (заказа)
Beihilfe	пособие
Sträfling	арестант, заключённый; каторжник
verwundern	удивлять, изумлять
Reklame	реклама
zwingend	настоятельный, неотложный
Referat	реферат ; [1c] доклад ; [2] отдел, сектор
wiedererlangen	получать обратно
umstritten	спорный
shoppen	делать покупки
Inschrift	надпись, эпиграф; легенда (на памятниках, монетах)
Damentoilette	женский (бальный) наряд (туалет)
Verwandtschaft	род, родство, родственные отношения
Genugtuung	удовлетворе́ние
Abstammung	происхождение; род
Pferderennen	конные скачки
anfällig	склонный
aufgeblasen	чванный, надменный, самодовольный, надутый
Stillstand	застой; затишье; бездействие
Schmeichelei	лесть; льстивость, угодливость; подлизывание (разг.)
Schrein	шкаф
Vanille	ваниль
Komponente	компонент, составная часть
rütteln	трясти, встряхивать
vorletzte	предпоследний
Gelübde	обет
Gewächshaus	теплица
Türsteher	привратник, швейцар
Ehebruch	супружеская неверность
Liegestütz	упор лёжа (гимнастика)
Vorsichtsmaßnahme	мера предосторожности
Klebeband	липкая лента; клейкая лента
Narkose	наркоз
Todesurteil	смертный приговор
Pokal	бокал
Fehlgeburt	вы́кидыш, або́рт
trostlos	безутешный
zwangsläufig	неизбежный
anreden	заговаривать, обращаться, просить
Müllmann	мусорщик
feurig	огненный, пылающий, острый, страстный
Missachtung	неуважение, презрение; пренебрежение
Strumpfhose	колготки
ungerade	непрямой, неровный, нечётный
necken	дразнить
Ebenbild	портрет; (точная) копия (о человеке); (точное) подобие
stranden	сесть на мель, потерпеть кораблекрушение
Zaubertrick	магический трюк, фокус
befürworten	одобрять, поддерживать
zuweilen	иногда, время от времени, временами, по временам
Gleichgültigkeit	равнодушие
Vorhersage	прогно́з
adressieren	адресовать (тж. перен.)
Trommeln	барабанить, бить в барабан
Urkunde	документ, свидетельство
haarig	волосатый
gesundheitlich	относящийся к здоровью
Herzogin	воеводгиня
Spezialeinheit	спецназ
Eingeweide	внутренности, кишки, недра земли
abdrücken	сдавить, мять, отдавить
Geschütz	орудие, артиллерийское орудие
Verbreitung	распространение
rülpsen	рыгать
beben	дрожать
Verwalter	управляющий, заведующий; администратор
Anrufer	подающий жалобу, апеллянт
Snob	сноб
sinnlich	чувственный
niederlegen	класть, положить
Dürre	бездождье, засуха
Sternschnuppe	метеорит
Hinterhof	с.-х. хозяйственный двор
grübeln	ломать голову, грузиться, загоняться
Geburtstagsfeier	празднование дня рождения
bereitwillig	готовый (что-л. делать); услужливый; послушный
Darm	кишка, кишечник
wegtreten	отойти в сторону, посторониться, отступить
Streber	карьерист, честолюбец
unausstehlich	невыносимый; непереносимый, нестерпимый
Eidechse	ящерица
Schneeflocke	снежинка
beglückwünschen	поздравлять (кого-л. с чем-л.)
spotten	высмеивать
unzertrennlich	неразлучны
Erschöpfung	истощение
Eisbär	белый медведь
Atelier	студия, ателье
Enthüllung	открытие, раскрытие, разоблачение
Abschlussball	выпускной бал
Vorrang	преимущество
drängeln	напирать
Abfluss	сток, слив
sogleich	сразу же
Belagerung	осада
Absperrung	преграждение, оцепление; блокада
Schimmel	белая лошадь, плесень
einwenden	возражать
herumtreiben	разг. шляться, шататься
Gutenachtgeschichte	сказка на ночь, рассказ на сон грядущий
Pickel	прыщ
Pointe	остриё
etablieren	основывать, открывать, обосновываться
einleben	свыкаться, проникнуться
bedingungslos	безусловный, безоговорочный
siegreich	победный, победоносный
Kadett	рыжая
Ziffer	цифра
Klatsch	звонкий удар, шлепок
Finanzamt	финансовое учреждение, (налогово-)финансовое управление, финансовое ведомство
Partikel	частица
Schläfe	висок
unerbittlich	непреклонный, неумолимый
belaufen	обегать, обежать; пробегать (по чему-л.)
beharren	настаивать
Formulierung	формулировка
Herstellung	производство, установление
selbstgemacht	самодельный
hellwach	выспавшийся
Bambus	бамбук
bevorzugt	привилегированный, имеющий преимущество, предпочитаемый
Ständer	опора, стойка, стояк, эрекция
Nachschub	снабжение, подвоз (материалов, пополнений)
tilgen	уничтожать; искоренять
Fritte	фритта
sabbern	пускать слюни, слюнявить
benützen	пользоваться (чем-л.), использовать (кого-л., что-л.), употреблять (что-л.)
sinkend	играть в боулинг
bedauernswert	бедный
herbeiführen	вызывать, вызвать
Trage	носилки
Trupp	воен. звено, команда, группа бойцов
hinterlegen	класть сзади
beisammen	вместе
ergründen	изучать, исследовать
seiden	шёлковый
umwerfen	накидывать, набрасывать (надевать)
misslingen	удаваться
schwarz-weiß	ограниченный, недалёкий
turteln	ворковать
Medaillon	медальон
Abrechnung	отчисление, вычет; удержание (денег)
übermäßig	чрезмерный
Reinfall	разг. промах, неудача
Handlanger	подручный (рабочий); подсобный рабочий
konfiszieren	конфисковать
injizieren	впрыскивать, делать инъекцию
zuwider	вразрез
entrinnen	вытекать, утекать, течь (из чего-л.)
Endspiel	финал, финальная игра турнира
Rückzieher	отказ, отречение, отступление, удар через себя
Fluggesellschaft	авиакомпания
verklemmen	зажимать
Badehose	плавки
Landstreicher	бродяга
Gemach	помещение
anbelangen	касаться
Pupille	зеница, зрачок
Rothaarige	сбежавший, беглый
entflohen	держаться подальше, не впутывать
eingrenzen	ограничивать, устанавливать границу
chirurgisch	хирургический
raushalten	папаня, батя
Paps	провалившийся, неудавшийся
Barmherzigkeit	милосердие
Hochverrat	государственная измена
haften	прилипать, приставать (к чему-л.)
gescheitert	поклонник, почитатель
Bewunderer	чизкейк
Lorbeer	лавр
zurückdrehen	поворачивать обратно, вращать в обратную сторону; ставить назад (часы)
winden	вить
bemitleiden	жалеть (кого-л.), сочувствовать (кому-л.)
einreißen	разрываться, рваться, разрывать, рвать
entgleiten	ускользать (от кого-л.)
erstehen	приобретать, покупать (с трудом и т. п.)
beglücken	радовать, осчастливливать
Lexikon	словарь
Karpfen	сазан, карп
dreihundert	триста
Unterfangen	смелое предприятие
Vorstadt	пригород
übertreten	выходить (выступать) из берегов
schlummern	дремать, таиться
schweigsam	молчаливый
Unterhalt	алименты
Zulassung	допуск (к чему-л.); приём (куда-л.)
Geburtsurkunde	свидетельство о рождении, метрика, метрическое свидетельство
verkörpern	воплощать, олицетворять
untröstlich	безутешный
nachtragend	злопамятный
absägen	спилить
zweifelsohne	без сомнения
vorweisen	предъявлять, показывать (документ)
klappern	громыхать, стучать, трещать, дребезжать
abbezahlen	выплачивать по частям [в рассрочку]
tragbar	портативный, возможный, терпимый
Bataillon	батальон
Zahnschmerz	зубная боль
bewohnen	населять, обитать
Käsekuchen	раненый
Groschen	грош
unvorsichtig	неосторожный, опрометчивый; неблагоразумный
Einbahnstraße	дорога с односторонним движением
einlaufen	поступать (о корреспонденции)
Personalabteilung	отдел кадров
Kläger	юр. истец, жалобщик, пострадавший
Trübsal	печаль, хандра
amtlich	официальный, служебный, должностной
umbauen	перестраивать (здание; тж. перен., напр., систему управления); реорганизовывать
Gosse	уличный водосточный лоток (жёлоб)
abbeißen	откусывать ( откусить )
Verzug	промедление, задержка, затяжка
Tränengas	слезоточивый газ
Pfleger	воспитатель
belagern	воен. осаждать (тж. перен.)
ermordet	безделье, ничегонеделание
abtreiben	абортировать, сделать аборт
Trauung	заключение брака, бракосочетание; венчание
unerklärlich	необъяснимый
Baseballschläger	шоколадный торт
fortführen	уводить; увозить
Schrottplatz	скрапный двор
Prämie	премия
Morgendämmerung	рассвет
Schokoladenkuchen	шлёпать, волочиться
mitunter	иногда
Weltfrieden	мир во всём мире
anfänglich	начальный, первоначальный
blitzschnell	молниеносный, молниеносно
Weißbrot	белый хлеб
Zimmerservice	обслуживание в номере
runterholen	дрочить
Auflösung	разложение
Doktorarbeit	Диссертация
Salbe	мазь
wasserdicht	непромокаемый
multiplizieren	умножаться
dienstags	во вторник
anstreben	стреми́ться
Telefongespräch	телефонный разговор
Flussufer	берег реки
Fächer	веер
Briefumschlag	конверт
abwechselnd	попеременно, по очереди
Abhängigkeit	зависимость
schlussendlich	в конце концов
klinken	при жизни
tadeln	осуждать, порицать
übermütig	задорный, озорной, шаловливый
pausenlos	беспрерывный
Bergwerk	рудник, шахта
verpfuschen	(ис)портить ( изделие)
verbunden	связанный, соединённый
aufzeigen	показывать, вскрывать, выявлять
Spiegelei	кулин. яичница, глазунья
aufwärts	вверх, наверх; ввысь
Lebzeiten	ценность, ценная вещь
Durchgang	проход
Kauz	сова
strafbar	наказуемый
vereiteln	помешать
besinnen	sich ~ опомниться, прийти в себя
Apfelbaum	яблоня
verhauen	(ис)портить (при рубке); повредить (ударами топора)
Roller	самокат
Schutt	(строительный) мусор
amputieren	ампутировать
Übertreibung	преувеличение
Drecksarbeit	грязная работа
Vergewaltiger	насильник
hinreißen	увлекать, пленять
Rückenschmerz	боль в спине
durchwühlen	перерыть, обшарить
Fegefeuer	религ. чистилище
Entschädigung	компенсация
Kopfgeldjäger	наемная убийца
Gips	гипс
Schaukel	качели
aufdrängen	навязывать, навязываться
ergreifend	трогательный
Schmiergeld	подкуп, взятка
folgendermaßen	следующим образом
zutreffen	сбываться, оправдываться
Wertsache	рулонная штора, жалюзи
Eingangstür	входная дверь
Abstieg	спуск (с горы)
Spott	насмешка
tränken	пропитывать, пропитать
notfalls	в крайнем случае
zusetzen	прибавлять; подбавлять, добавлять (что-л. к чему-л.)
wau	гав
Rollo	изменившийся, изменённый
klingonisch	клингонский
verändert	найденный
gefunden	охрана, охранники
einfahren	ввозить; свозить
Redewendung	фразеологический оборот, фразеологизм
Jüngling	высок. юноша
Linkshänder	левша
herunterladen	загружать, скачивать
Fähnrich	прапорщик
unterlaufen	(под)бежать подо что-л., укрыться под чем-л.
Raumstation	орбитальная станция
Erdöl	нефть
Beweggrund	мотив
Fahndung	розыск
einstufen	распределять по категориям (по разрядам) (напр., рабочих), зачислять в определённый разряд (в определённую категорию, группу); классифицировать
Swimmingpool	плавательный бассейн / бассейн
Sicherheitsleute	немедленно, срочно
einschläfern	усыплять (тж. перен.); убаюкивать, укачивать; наводить сон (на кого-л.; тж. перен.)
handfest	дюжий, крепкий, сильный
schleunigst	мера безопасности
Taugenichts	бездельник }
eintausend	одна тысяча
Wegweiser	проводник
verstimmen	осложнять
Waschlappen	тряпка, мочалка
Drogenhandel	наркоторговля
überschreiben	писать (поверх чего-л.); подправлять (написанное)
bereinigen	регулировать, улаживать; устранять (трудности)
Schokoriegel	шоколадка, шоколадная палочка
Sicherheitsmaßnahme	отправить, выслать
losschicken	выпускной экзамен
pflügen	пахать, вспахивать
Hochzeitsnacht	брачная ночь
herumhängen	разг. висеть повсюду
Handumdrehen	im Handumdrehen мигом, в мгновение ока, в два счёта
ermüdend	утомительный
Lampenfieber	волнение, испытываемое перед выходом на сцену или каким-либо важным событием (экзаменом, публичным выступлением и т. п.); сценофобия
Aroma	аромат, вкус
verantwortungslos	безответственный
Westküste	западное побережье
Pubertät	пубертат, переходный возраст
Hinterteil	задняя часть
Kupplung	сцепление
Abschlussprüfung	задним числом, впоследствии
anbinden	привязывать
einschreiten	принимать
untätig	бездеятельный
Nachhinein	День матери
Abteilungsleiter	начальник отдела
Anschrift	адрес, почтовый адрес
Normalität	нормальность
Verlobungsring	кольцо, даримое при помолвке
lässig	медлительный, вялый; ленивый
auflisten	перечислять
Kammerjäger	истор. камер-егерь
Sammler	собиратель, коллекционер
kleinlich	мелочный
bekleiden	одевать, занимать
Dünger	удобрение
Missgeschick	несчастье, неудача, печальный жребий
Zimmernummer	номер комнаты (обыкн в гостинице); номер палаты (в больнице)
aufzwingen	навя́зывать
vortrefflich	превосходный, первоклассный, меткий, удачный
rauschen	шум
Schwefel	сера
Ostküste	восточное побережье, восточный берег
weglegen	откладывать
Zugabe	бисирование
Abbruch	снос
Zügel	вожжа, узда
Machenschaft	махинация
vorantreiben	ускоря́ть, форси́ровать
nachschlagen	справляться (о чём-л. по книге, в словаре); отыскивать, смотреть (что-л. в книге)
unermüdlich	неутоми́мый
einfältig	простодушный, глуповатый
unvorbereitet	неподготовленный
erträglich	терпимо
unbewohnt	необитаемый
Gewerbe	промысел; ремесло; занятие, профессия
Hufe	гуфа
zwanghaft	принудительный, вынужденный
standhaft	устойчивый, постоянный
Durchsage	сообщение
verbittern	отравлять, портить
Bürgermeisterin	жена бургомистра
Besorgung	исполнение; выполнение (работы)
zusammenfügen	соединять, связывать; сколачивать
Muttertag	лично, собственной персоной
aneignen	присваивать, овладевать
Freilassung	освобождение
zurichten	готовить, приготовлять
höchstpersönlich	предсмертная записка, прощальное письмо
ratlos	растерянный, беспомощный; нерешительный
Bauchnabel	пупок
Steg	мосток, мостик
wirkungsvoll	эффективный, эффектный
Schaffner	кондуктор, проводник
Schwalbe	ласточка
verhöhnen	высмеивать
stramm	прямой, ровный; натянутый
eindämmen	запруживать; обводить плотиной
Rampenlicht	свет рампы, сцена
Abschiedsbrief	продолжать говорить
gottlos	безбожный
tabu	табуированный, запрещённый, неприемлемый
unwürdig	недостойный
abschütteln	стряхивать
weiterreden	сосед по комнате
anstiften	укреплять (прибивать) гвоздями
Hochzeitskleid	свадебное платье
erträumen	грезить (о чём-л.), воображать (что-л.); фантазировать
Repräsentant	представитель
hindeuten	указывать (на что-л.)
Seufzer	вздох
campen	жить в кемпинге
ausdehnen	растягивать; расширять; удлинять; продлевать (время)
entpuppen	вылупляться, оказаться, выявиться
einseitig	однобокий, с одной стороны (рассматривать что-либо), односторонний
Regenmantel	плащ, дождевик
Gleichberechtigung	равенство
Telefonanruf	телефонный звонок
Harfe	арфа
fahrend	слуга, прислуга
veralten	устаревать
bürsten	чистить (щёткой)
Klassentreffen	встреча бывших одноклассников
Zimmergenosse	вулканец
Christentum	христианство
nachahmen	копировать, имитировать, подражать
Kurzgeschichte	короткий рассказ
Computerspiel	компьютерная игра
Dekan	декан (руководитель факультета)
Vulkanier	охрана, охранники
Gefährt	транспортное средство
tatenlos	бездеятельный; праздный
Gegenseitigkeit	взаимность, обоюдность
Alkoholikerin	алкоголичка, женщина-пьяница
Veilchen	фиалка, синяк, фингал, фонарь
vergreifen	sich ~ ошибаться (при выборе чего-л.)
freihalten	платить (за кого-л.), угощать (кого-л.)
satteln	(о)седлать
staubig	пыльный, запылённый; в пыли
Vorsitz	председательство
Wohnheim	общежитие
beliefern	снабжать (кого-л. чем-л.); поставлять (кому-л. что-л.)
Flugblatt	листовка, прокламация
anzweifeln	сомневаться, подвергать сомнению, ставить под сомнение
Bruchteil	небольшая часть, частица; доля (в общей собственности)
Untreue	неверность, измена
Zusage	обещание, согласие
sagenhaft	легендарный, сказочный
schulen	готовить (für A - для чего-л.), обучать
absteigen	слезать (с коня, велосипеда); сходить, выходить (из машины, вагона)
anbrechen	начинаться
verknüpfen	связывать (узлом); скреплять (части)
Zünder	взрыватель; воспламенитель; дистанционная трубка; запал, запальник; детонатор; капсюль-детонатор; капсюль-зажигалка; спичка
Anmeldung	объявление, заявление; уведомление
überzogen	чрезмерный, завышенный
Wachleute	убитый
Lederjacke	кожаная куртка, кожаный жакет
annullieren	аннулировать
Verpackung	упаковка
herausbringen	выносить
Geistlicher	священник
obszön	неприличный, непристойный, скабрёзный, сальный
Reservat	юр. привилегия; оговорённое (особое) право
Steuerung	техн. управление, регулирование; распределение
Faser	волокно, жилка
Auferstehung	воскресение
Schweinestall	свинарник
Bauarbeiter	строитель
Wachhund	сторожевая собака
untergraben	подрывать
Gemeinheit	низость, подлость
abschieben	убраться
austeilen	распределять, раздавать
Abweichung	отклонение
Schachspiel	шахматы
Nichtstun	сотни тысяч
durchkämmen	расчёсывать, прочёсывать (волосы)
ehrwürdig	уважаемый
austrocknen	высушивать; осушать; обезвоживать; иссушать
vorangehen	идти впереди кого-л.
Hunderttausende	жениться (на)
tratschen	разг. болтать, сплетничать; разболтать (что-л.)
auffassen	понимать, воспринимать, схватывать
plappern	болтать, тараторить, трещать
Kran	кран, носильщик, носитель, тяёжелоатлет
Nashorn	носорог
weiben	набор, комплект
Kit	тонущий, идущий ко дну
Verlängerung	продление
einfühlsam	чуткий, эмпатичный
eigensinnig	упрямый; своенравный
Trumpf	козырь
ungemein	необычайный, необычный, необыкновенный
Sonnencreme	солнцезащитный крем
Gardine	занавеска
Brezel	брецель, крендель
wirbeln	кружиться, вертеться
Synagoge	синагога, школа
bemalen	раскрашивать, расписывать (красками); (на)красить (губы, лицо и т. п.)
Fragezeichen	вопросительный знак
Hochmut	высокомерие, надменность, гордыня
Rechtschreibung	правописание, орфография
Mietwagen	наёмный автомобиль, такси; легковой автомобиль, взятый напрокат
Gequatsche	болтовня
Stammbaum	генеалогическое древо, родословная
bowlen	необходимость, обязанность
Eiswürfel	кубик льда
dumpf	глухой
überwiegend	преобладающий
abfackeln	сжигать, сжечь, спалить
anmutig	привлекательно
Winterschlaf	зимняя спячка, гибернация
Professorin	профессор, профессорша
unbegründet	необоснованный; голословный
huschen	беготня
fallend	падающий
hierzu	к тому же
Feuerlöscher	огнетушитель
Muss	мемуары
tiefgründig	глубокий
donnerstags	по четвергам
verdursten	умирать от жажды; изнывать от жажды
abriegeln	запирать на задвижку (на засов) (дверь, помещение)
Geizhals	скряга, скупой
verschlüsseln	шифровать, кодировать
rumkriegen	разг. уломать, уговорить
knutschen	разг. мять, комкать
gehorsam	послушный
Schäferhund	овчарка
verneinen	отрицать
Memoiren	едущий, движущийся
ungeheuerlich	чудовищный; монструозный
Glöckchen	колокольчик, звоночек
leichtgläubig	доверчивый
Porzellan	фарфор
Rettungswagen	аварийная машина, машина скорой технической помощи
kostspielig	дорогостоящий
annehmbar	правдоподобный
muslimisch	мусульманский
Gefolge	свита; эскорт; дружина
Bedienstete	ввалиться, вломиться
futtern	шутл. есть, уплетать
abzocken	разг. вымогать, обманом выманивать, вести нечистоплотную торговлю, намеренно завышать цены, спекулировать, обирать
mixen	смешивать, взбивать, миксовать
Gebiss	зубы, вставная челюсть, зубной протез
Rubel	рубль
überbrücken	наводить (строить) мост (напр., через реку)
Banküberfall	нападение на банк
via	по, через, с помощью
unwissend	невежественный
Osterhase	пасхальный заяц
Exfreundin	бывшая подруга, бывшая девушка
angehören	принадлежать
Missionar	миссионер
Schlückchen	глоточек
Oberhand	запястье; тыльная часть руки
scharfsinnig	остроумный
abrasieren	сбривать, сровнять с землёй
vermeintlich	мнимый
rechtschaffen	честный, прямой, правдивый, порядочный
separat	отдельный
nagelneu	с иголочки
anketten	привязывать на цепь, приковывать цепью
minderwertig	недоброкачественный, низкокачественный
vorbildlich	образцовый, примерный
Glotze	телик, ящик
Brosche	брошь
Einsturz	обвал, обрушение (здания и т. п.)
Unterarm	предплечье
skandalös	скандальный
Druckmittel	репрессия (против кого-л.); средство нажима (на кого-л.)
Dreier	разг. (число, цифра, номер) три, тройка
Kindchen	ребёночек, дитятко, чадушко, милочка
Kreuzzug	крестовый поход
Kitt	мастика
reinplatzen	соломенный мешок (чёрт побери!)
Hauptbahnhof	главный вокзал, центральный вокзал
mahlen	молоть
Schmarotzer	паразит, тунеядец, дармоед, бездельник
Heiligtum	святыня
hinauswerfen	выбрасывать
unerreichbar	недостижимый, недосягаемый
hochnäsig	заносчивый, надменный, чванливый
Anstieg	подъём (склона)
Betonung	лингв. ударение, акцент; акцентуация
stornieren	отменять
Parkbank	скамья в парке
Murmeltier	сурок
Vorderseite	передняя сторона
Rockmusik	рок-музыка
widersprüchlich	противоречивый
peitschen	стегать, хлестать
Baracke	барак
Städtchen	городок, городишко
Schotten	Шоттен
Gejammer	вопли, стоны
ablesen	читать (по чему-л.), считывать (с чего-л.)
Lehrplan	учебная программа
Macke	разг. недостаток, повреждение, изъян, дефект
Klarinette	кларнет
Verteidigungsministerium	министерство обороны
Ehrengast	почётный гость
Heck	морск. корма, кормовая часть (судна); авиац. хвост, хвостовая часть (летательного аппарата, ракеты); задняя часть кузова (автомобиля), задок кузова
Briefträger	почтальон
halbieren	делить пополам
Zusammenfassung	резюме
Mittagszeit	обеденное время
Schulabschluss	окончание школы
ansammeln	копить, собирать
durchatmen	дышать (глубоко)
Schauer	короткие сильные осадки (например, ливень), дрожь (от ужаса), трепет, ужас
erblinden	слепнуть
abrechnen	отчислять, вычитать; удерживать (деньги)
Erforschung	исследование
Aubergine	баклажан
Pascha	паша
Gesindel	сброд, шваль, шелупонь
Röntgenbild	рентгенограмма
kappen	морск. отрубать
Ungeduld	нетерпеливость, нетерпение
Kohlendioxid	углекислый газ
Ureinwohner	коренно́й житель
Aufnahmeprüfung	приёмное испытание; вступительный экзамен
Strohsack	хитрый, ловкий
willigen	соглашаться
dahinterkommen	разг. разузнать (догадаться), в чём дело
Empfindung	ощущение, чувство
versenden	рассылать, разослать
flechten	заплетать, плести
Rachen	глотка
ausbeuten	эксплуатировать; использовать в корыстных целях
Püppchen	куколка
Absprache	уговор, договорённость; соглашение
demütig	безропотный, смиренный, покорный, послушный
aussenden	высылать, посылать, рассылать
Parkhaus	автостоянка, парковка (здание, строение с парковочными местами)
Kandidatin	женск. к Kandidat; кандидатка, претендентка
Trikot	моряки
Gesandte	дипл. посланник
Gefälligkeit	услужливость, любезность, обходительность
Genauigkeit	точность, правильность
bahnen	прокладывать дорогу
Orkan	ураган
Gelassenheit	спокойствие
Ansammlung	скопление
Seeleute	знак, кивок
Mitgift	приданое
Hackfleisch	фарш
Aufschrift	надпись
volljährig	совершеннолетний
Mitgliedschaft	членство
unklug	неумный, неразумный, неблагоразумный, нерассудительный; необдуманный
Wandschrank	встроенный (стенной) шкаф
Fachgebiet	специальность, профессия
Ärgernis	нарушение норм морали (нравственности, этики)
Warze	бородавка
greifbar	осязаемый, ощутимый; явный
Klammer	скрепка, скобка
dirigieren	дирижировать
durchfahren	переезжать, проезжать, захлёстывать, осенять
langjährig	долголетний, многолетний
schielen	косить
dürsten	испытывать жажду
Erzbischof	архиепископ
Bluttest	анализ крови
Wohltäter	благодетель, благотворитель
Vorlage	образец
wahllos	без разбора
Landhaus	загородный дом, дача
Lehm	суглинок
besänftigen	успокаивать, утихомиривать, смягчать
versüßen	подсластить, скрасить, скрашивать
Chefkoch	шеф-повар
fasten	поститься
Wink	пятёрка
ehrenamtlich	добровольный
Geschehnis	происшествие, случай, событие
durchtrennen	перерезать, разрезать (пополам), рассекать
nachforschen	расследовать, исследовать, разведать (что-л.); разузнавать, наводить справки (о чём-л.), прослеживать (за чем-л.)
Fünfer	три тысячи
ungültig	недействительный
Habgier	жадность, алчность
räuspern	откашливаться
Stinktier	скунс, скунсовые, вонючка
Todesangst	страх перед смертью
Zahnfee	зубная фея
knusprig	хрустящий
Kriminalpolizei	уголовная полиция, полиция уголовного розыска
Präzedenzfall	прецедент
ausstrahlen	излучать, испускать (лучи, свет, радиацию)
zerdrücken	раздавливание
Täubchen	голубок
Selbstwertgefühl	самоуважение
einräumen	убирать, укладывать (куда-л.)
dreitausend	выживший из ума, дряхлый
Bedenkzeit	время на размышление (на обдумывание)
Teelöffel	чайная ложка
Spargel	спаржа
schwimmend	плавает
verwählen	неправильно набрать номер телефона
Auffahrt	въезд
Bohrer	сверло, дрель, перфоратор
Pflegeheim	дом инвалидов, дом для престарелых, дом престарелых
Amme	кормилица
senil	сенатор (женщина)
beaufsichtigen	контролировать, наблюдать
Senatorin	вернуться в прошлое
Markierung	маркировка, обозначение, метка
Kerzenlicht	свет (от) свечи
Kettensäge	бензопила
unbarmherzig	немилосердный, безжалостный, неумолимый, жестокий
abarbeiten	проработать, отработать
Wutanfall	вспышка гнева, приступ ярости
zurückreisen	родственная душа
lästern	богохульствовать, злословить
Hoden	яичко
anderweitig	иной, другой, дальнейший
Vollmacht	полномо́чие, дове́ренность
vorladen	вызывать (кого-л. повесткой; напр., в суд, полицию)
Kriegsheld	герой войны
Seelenverwandter	страдающий морской болезнью
hinzuziehen	привлекать (напр., к участию в работе)
gelegen	расположенный, удобный
seekrank	необходимый, требуемый
frustriert	расстроенный, разочарованный
benötigt	стоять без дела, торчать
Walnuss	грецкий орех
kerngesund	совершенно здоровый
Hirngespinst	химера
Rasierklinge	лезвие бритвы
Flosse	плавник, перо, спинной, рука
versteigern	продавать с аукциона
ausfragen	расспрашивать
Fünfundzwanzig	двадцать пять
Schwellung	опухание
Sauerkraut	кислая капуста
imponieren	импонировать
lehrreich	поучительный
Zusammenkunft	встреча
imposant	внушительный, импозантный
Quartal	квартал
zerkratzen	исцарапать, расцарапать; расчёсывать (до крови)
kurzsichtig	близорукий, недальновидный
auferlegen	возлагать, налагать
rosig	розовый, свежий; алый как роза
unüberlegt	необдуманный
erbringen	предоставлять, дать экономический эффект, привести доказательство
Absage	отказ; отмена; отречение
Fertigkeit	навык, сноровка, ловкость
Elster	сорока
rumstehen	талисман
Brautjungfer	подружка невесты (на свадьбе)
Amtszeit	время (срок) нахождения в должности
Säbel	сабля
haargenau	точь-в-точь, в точности
abmelden	сообщать об отъезде (об уходе) (кого-л.); выписывать (кого-л., напр., из домовой книги); отмечать, откреплять, снимать с учёта
Schauplatz	место (действия); арена (перен.)
Bürste	кисть, кисточка
korrumpieren	коррумпировать
Fahrplan	расписание
Karussell	карусель
Backbord	левый борт
Verteidigungsminister	министр обороны
Maskottchen	запах изо рта
Saustall	свинарник
Eroberer	завоеватель
hinhauen	свалить (напр., дерево); ударить, рубануть
aushecken	вынашивать, придумывать
Smaragd	изумруд, смарагд
munkeln	сплетничать
Müdigkeit	усталость
Betrachtung	рассмотрение, созерцание; наблюдение за чем-либо
hölzern	деревянный
achtgeben	наблюдать (за чем-л.); присматривать (за кем-л.); обращать внимание (на что-л.)
Verwechslung	путаница
steinreich	каменистый
beisteuern	способствовать
erröten	краснеть
Zuständigkeit	принадлежность (к чему-л.)
Mundgeruch	парнишка, малец
Geheimagent	секретный агент; агент тайной полиции
anlaufen	заработать, прийти в действие; начинаться
Bürschchen	во зло, назло
Erregung	волнение, возбуждение
gefühllos	бесчувственный, чёрствый
bändigen	усмирять, укрощать
Besuchszeit	время посещений (напр., в больнице)
Mafioso	мафиози
bedrückt	подавленный, угнетённый
erahnen	предчувствовать; догадываться (о чём-л.)
überdauern	пережить (кого-л.); просуществовать дольше (чем что-л.)
befriedigend	удовлетворительный
Hecht	щука, шальная голова, прыжок прогнувшись, стартовый прыжок
Gottheit	божество
stemmen	поднимать, давить, упираться, сопротивляться
Vorkommnis	происшествие
Arbeitskollege	коллега
entgegenkommen	идти навстречу
Antlitz	лицо, лик
Herrchen	хозяин
begutachten	рассматривать (что-л.); высказывать своё мнение (о чём-л.); давать заключение ( отзыв) (о чём-л.); рецензировать (что-л.)
freimachen	оплачивать почтовым сбором ( пошлиной)
Spalte	трещина, щель, рубец
Übergabe	передача
zuleide	дурачок, глупышка
Pudel	пудель
Quecksilber	ртуть
Schnäppchen	удачная покупка
Samt	бархат
heranwachsen	подрастать; созревать
Dummerchen	издавна, с давних пор
quetschen	мед. контузить
würzen	приправлять
aufgabeln	брать (поддевать) на вилы (на вилку)
verwetten	проигрывать (пари); проспорить (что-л.)
wegblasen	сдувать
Taro	таро
stickig	душный, спёртый
auseinandersetzen	заняться, разобраться
Magnetfeld	магнитное поле
hochkommen	подняться (на ноги)
vergnügt	весёлый, довольный
Glückseligkeit	счастье, блаженство
Weihnachtskarte	рождественская открытка
Schallplatte	пластинка
wegmachen	убирать, убрать, уйти, скрыться
Anleihe	заём
plausibel	убедительный, приемлемый
nachspionieren	следить
Doktortitel	звание доктора
erwünscht	желательный, желанный
Kassiererin	кассир
Verpflegung	довольствие, продовольствие
zerstörerisch	разрушительный
verschmutzen	загрязнять, пачкать, загрязняться, пачкаться
unbeliebt	непопулярный, нелюбимый
Leichtigkeit	лёгкость
Tropf	разг. простак; простофиля
Muttermal	родинка, родимое пятно
durchsickern	просачиваться
ausspucken	выплёвывать, сплёвывать (что-л.)
Glühwürmchen	светляк
Lieblingsbuch	любимая книга
Feuchtigkeit	влажность, сырость
Nähmaschine	швейная машина
Zusammenstoß	столкновение
herausziehen	вытягивать, вытаскивать; выдвигать (напр., ящик); выдёргивать (напр., зуб)
einprägen	выбивать, чеканить; высекать; выгравировать; вытиснять
hochwertig	высококачественный; высокосортный; полноценный; богатый (напр., о газе)
Radfahren	езда на велосипеде
Weintraube	виноград
Reife	созревание
jeher	жалость к себе
häufen	складывать в кучу; накладывать кучей
Zeugenstand	статус свидетеля
Versetzung	перемещение, перестановка, перенос
Zicke	коза, капризная, упрямая, неуравновешенная женщина
Werbespot	рекламный ролик
Rennbahn	спорт. беговая дорожка; ипподром; трек
Frachter	грузовое судно
Kriegsgericht	военный суд, военный трибунал
Makler	маклер
Sitzplatz	сидячее место
Sonnenfinsternis	солнечное затмение
äußerlich	внешний, наружный
herumkommandieren	неодобр. раздавать приказы, хозяйничать, распоряжаться, командовать (кем-л.)
ausgeprägt	выраженный, ярко выраженный
Teint	цвет лица
Ausgangspunkt	исходный пункт, отправная точка
Steuererklärung	налоговая декларация
beflecken	испачкать
verunglücken	попадать в катастрофу, пострадать, не удаваться
Abschlussfeier	выпускной вечер
Anteilnahme	сочувствие
dienstlich	служебный, официальный
Statist	статист
zappeln	барахтаться, биться
auffahren	вскакивать
wahrhaben	etw. nicht wahrhaben wollen — не допускать возможности чего-л.( и мысли о чём-л.), не желать признать что-л.
Ausstrahlung	вещание, очарование, обаяние
Rückfahrt	обратный путь ( проезд )
Anwohner	сосед
gemeinnützig	общеполезный
heimtückisch	коварный, предательский
Beweisstück	документ
Fehlfunktion	выход из строя, неисправность, сбой, фатальная ошибка
Garnison	гарнизон
Harem	гарем
qualvoll	мучительный
beehren	удостаивать (кого-л. чего-л.), почтить (кого-л. чем-л.); оказать честь (тж. ирон.)
Tölpel	олуша, болван, головотяп
Selbstmitleid	порез
vorrücken	подвинуть (выдвинуть) вперёд
unterbinden	подвязывать (напр., платок); привязывать снизу
Geschwür	язва
verräterisch	предательский
vernarren	разг. до безумия влюбиться (в кого-л.); безумно увлечься (кем-л., чем-л.)
Hieb	удар
Zwanziger	(число, цифра, номер) двадцать
Einzelkind	единственный ребёнок
Kochkunst	кулинария, кулинарное искусство
Gezeit	прилив и отлив
Schmach	позор, бесчестье
bewaffnen	вооружать (чем-л.)
alleinig	исключительный, единственный
Kriegsgefangener	военнопленный
fechten	фехтовать
boshaft	злонамеренный, злоумышленный, злой, злорадный
Kante	край, кромка, кант, кайма, ребро
Schnittwunde	благословенный
baumeln	болтаться
beschädigt	повреждённый
bekanntgeben	сообщать
fassungslos	растерянный
prallen	удариться, наехать, наскочить, наткнуться
freilich	однако, правда, всё же, конечно
schwerhörig	глуховатый, глухой, тугой на ухо
anschreiben	написать
Lebensgeschichte	жизненная история
gell	правда?, да?
Notausgang	аварийный выход
schlüssig	обоснованный
erstrahlen	засверкать, засиять
stillstehen	положение «смирно»
Moskito	москит
grausig	ужасный, страшный
Whirlpool	джакузи, гидромассажная ванна
Freigabe	освобождение (от реквизиции, ареста); возвращение (имущества)
Möse	вульг. пизда
Schrotflinte	дробовик
Ganove	жарг. вор; мошенник
Speisesaal	столовая
Pferdchen	лошадка, конёк
entstellen	обезображивать; искажать; перен. тж. извращать; перевирать
Unterstützer	сторонник
vollstopfen	набивать, объедаться
Brautkleid	свадебное платье
bürgen	руча́ться
Wochentag	день недели, будний день, рабочий день
Schauspielerei	разг. актёрство; актёрская профессия
Rasiermesser	бритва
schmerzlos	безболезненный
vorbestraft	имеющий судимость, ранее судимый
Lieblingsfilm	любимый фильм
Meeresfrüchte	морепродукты
herausnehmen	вынимать, позволять себе
Landebahn	взлетно-посадочная полоса
Ultraschall	ультразвук
Frust	фрустрация, разочарование
Übereinkunft	договор, договорённость, соглашение
Wonne	блаженство, наслаждение, упоение, удовольствие
Wiederaufbau	восстановление
anwidern	быть противным, вызывать отвращение
unverbesserlich	непоправимый
pochen	стучать, настаивать
Campingplatz	кемпинг
Anregung	побуждение, толчок; импульс; инициатива; стимул
ausschütten	выливать, проливать (что-л. через край); высыпать, просыпать (песок и т. п.)
durchnässen	промокнуть
allerliebst	милейший, прелестный
Dienerin	служанка, прислуга
demütigend	унизительный
vergeigen	(про)играть на скрипке (какое-л. время)
Rettungsboot	спасательная шлюпка (лодка)
päpstlich	папский
Bagel	бейгл, бейгель
Erwärmung	нагревание, обогрев
Errungenschaft	достижение, завоевание
auseinanderhalten	разделять; различать, отличать
todmüde	до смерти уставший
Rechtfertigung	оправдание
Olivenöl	оливковое масло
Zwillingsschwester	сестра-близнец
Nichtraucher	некурящий, некурильщик
Scharlatan	шарлатан
Sicherheitsgurt	ремень безопасности
Milchstraße	Млечный Путь
Nachtwächter	ночной сторож
Ballast	балласт
Oberteil	верхняя часть
Macho	мачо
hetero	гетеро
reintun	засунуть (намеренно), вделать, всунуть
durchkreuzen	вычёркивать
mitzählen	причислять, включать
terroristisch	террористический
zusammenführen	сводить, свозить (в одно место)
verkabeln	соединять кабелем (проводами) (что-л.)
schmierig	грязный, неопрятный, нечистоплотный; засаленный
Ungnade	немилость
Tasten	нащупывать, ощупывать
Thronfolger	престолонаследник
Gefährtin	спутница; подруга; соратница
Armbrust	арбалет
herausreißen	вырывать, выхватывать, выдёргивать
heiser	хриплый, си́плый, охри́пший, осипший
wertschätzen	уважать (кого-л.); дорожить (кем-л., чем-л.)
rühmen	хвалить, восхвалять, превозносить
vorschnell	опроме́тчивый
phänomenal	феноменальный
unterbreiten	подстелить, предложить, вынести на рассмотрение
zahm	ручной (о животных); приручённый, укрощённый; домашний
zollen	платить пошлину
Zahnfleisch	десна
Tageszeit	время дня
Altersheim	дом престарелых
Kenner	знаток, эксперт
fortschreiten	продвигаться
Stereoanlage	стереосистема
Petersilie	петрушка
verankern	морск. поставить на якорь; поставить якорь
Brünette	брюнетка
Schleuder	техн. центрифуга; сепаратор
ausplaudern	выбалтывать, разбалтывать
zwicken	рег. (ю.-нем., ср.-нем.) прищемлять; щипать
Zehenspitze	кончик пальца ноги, цыпочки
Zufluchtsort	убежище
Geheimhaltung	обязанность не разглашать тайну; сохранение в тайне, засекречивание; конспиративность; утаивание
Blutverlust	кровопотеря
verzerren	искажать
Vorwarnung	предостережение, предупреждение
Kolumne	полигр. полоса (набора), колонка, столбец
Klaviermusik	фортепьянная музыка
unerlaubt	непозволительный, недозволенный, запретный
Plattenspieler	проигрыватель; патефон
Schraubenschlüssel	гаечный ключ
reibungslos	беспрепятственный, бесперебойный
Sonderangebot	распродажа товаров (б. ч. по сниженным ценам)
Oberkörper	верхняя часть туловища
Zauberin	волшебница, чародейка, колдунья
Sandale	сандалия
heften	прикреплять (к чему-л.)
Halbinsel	полуостров
Hocker	табуретка, табурет, домосед
Inhaber	владелец, обладатель, носитель, правообладатель
Kreuzworträtsel	кроссворд
Vorbehalt	оговорка, условие, ограничение
Kirchenglocke	церковный колокол
Ernennung	назначение (на какую-л. должность)
zerstört	разрушенный
Polizeiauto	полицейская машина
Backe	щека
unprofessionell	непрофессиональный
Verfall	разрушение; ветхость; распад
essbar	съедобный
Freiheitsstatue	статуя Свободы
Stadtrand	городская окраина
würfeln	играть в кости, нарезать кубиками
geringfügig	маловажный, незначительный, ничтожный
Teilchen	частица
erpicht	падкий, жадный
treffend	меткий, точный
Durchreise	транзит, проезд
Wäscherei	прачечная
Ablenkungsmanöver	отвлекающий манёвр
Jungfräulichkeit	девственность
Suchtrupp	поисковый отряд
Todesopfer	жертва
Woge	волна, вал
Homosexuelle	гомосексуалист
ungeklärt	невыясненный, неясный, непрояснённый
kicken	ударять, толкать (шайбу - в хоккее); бить (по мячу - в футболе)
Herzstillstand	мед. остановка сердца
Winterfell	Винтерфелл
Signor	синьор
Belegschaft	персонал
Innenseite	внутренняя сторона
Absender	отправитель
nichtig	бессмысленный, недействительный
Holzfäller	лесоруб, дровосек
Bauchweh	боль в животе
Selbstmordversuch	покушение на самоубийство, попытка самоубийства
Heuschrecke	кузнечик, саранча
Annäherung	приближение (тж. мат.); подход
Fehltritt	неправильный шаг
mittellos	неимущий, несостоятельный, без средств
Entzündung	воспаление, воспламенение
einordnen	размещать, расставлять, располагать (в определённом порядке); ставить на своё (определённое) место; классифицировать, распределять
entsagen	отказываться
geschützt	защищённый
sinnen	думать, замышлять
Sieb	сито, решето
geschwind	проворный, шустрый
beteuern	(торжественно) заверять, уверять (в чём-л. кого-л.), клясться (в чём-л. кому-л.)
Gemetzel	резня, бойня
Unze	унция
einmarschieren	воен. вступать
Vegetarierin	вегетарианка
erhältlich	который может быть получен ( куплен ), имеющийся (в продаже), продажный
Wasserstoff	водород
begierig	(nach D, auf A, уст. G) жадный (к чему-л., на что-л., до чего-л.), алчный (к чему-л.); жаждущий, страстно желающий (чего-л.); падкий (на что-л.)
Sommersprosse	веснушка
zusammenfassen	подытожить, обобщить, объединять
Sicherheitsvorkehrung	мера безопасности
Kripo	уголовный розыск
vermöbeln	разг. спустить, загнать ( вещи); истратить, промотать ( деньги)
Foyer	фойе
zudecken	накрывать, укрывать
hoffnungsvoll	полный надежд, преисполненный надежды
ausladen	выгружать (груз); разгружать (вагон, судно); высаживать (пассажиров, десант)
Überraschungsparty	вечеринка-сюрприз
Vorwahl	код города
piepen	чирикать; пищать (обыкн. о птицах)
pokern	играть в покер
delikat	деликатный
Finanzminister	министр финансов
Abendkleid	вечернее платье
drohend	угрожающий
verdreifachen	утраивать
Hühnerstall	курятник
Sauberkeit	чистота
Verrücktheit	сумасшествие
anregend	возбуждающий, интересный, увлекательный
erfunden	выдуманный, вымышленный
Sternbild	созвездие
Schnitzel	обрезок, шницель
Ruderboot	гребная шлюпка (лодка)
bezichtigen	обвинить
Magenschmerz	боль в животе
auswärts	наружу
Röhre	труба, трубка, духовка, электронно-лучевая трубка
Tonband	магнитофонная плёнка (лента)
Weihwasser	святая вода, освящённая вода
Überweisung	перевод, перечисление (денег)
zwielichtig	неясный, двойственный, подозрительный
Sonnabend	суббота
Heimkehr	возвращение домой, репатриация
Rast	отдых, передышка, остановка; пауза (в пути); привал
Wellenlänge	длина волны
Vergnügungspark	(общественный) парк отдыха; место народных гуляний
Evangelium	Евангелие
Verschwörungstheorie	теория заговора
vorbeugen	предотвращать, наклоняться (вперёд)
ungemütlich	неуютный
anmaßend	самонадеянный, высокомерный
Kreuzfahrt	круиз, крестовый поход
Bauteil	конструктивный элемент
Totschlag	убийство (в драке)
Zyklop	киклоп, циклоп
Drilling	трёхстволка (ружьё)
Feldherr	полководец
verschwimmen	расплываться (о красках, контурах)
betroffen	затронутый, пострадавший
befugen	давать право, уполномочивать (на что-л.)
Mietvertrag	договор аренды
Horoskop	гороскоп
enthaupten	обезглавливать (тж. перен.); отсечь голову (кому-л.)
abräumen	убирать
auftauen	оттаивать
Schlagsahne	взбитые сливки
Pfau	павлин
Portugiese	португалец
pflanzlich	растительный
auslaugen	выщелачивать, вымывать
verpetzen	наябедничать
ermüden	утомлять, измучить
Mittagsschlaf	послеобеденный сон
Fernsehsendung	телевизионная передача, телепередача
Verstopfung	затыкание
entbehrlich	ненужный, излишний
unaufhaltsam	неудержимый (напр., о потоке, наступлении); безудержный (напр., о рыдании)
Hochachtung	глубокое уважение
Vielfraß	росомаха
kurieren	лечить (немедикаментозно)
umfahren	объезжать, наезжать, переезжать
weltberühmt	пользующийся всемирной славой, прославленный на весь мир
ungewollt	не желая того, невольно
Flugplatz	аэродром
Lakai	лаке́й
freundlicherweise	любезно, из любезности
Einzelzimmer	одноместный номер
Kluft	трещина, пропасть
Redefreiheit	свобода слова
Knospe	почка, бутон
Schachspieler	шахматист
geworden	ставший
modisch	модный
Aufseher	смотритель
Vermittler	посредник
Herausgeber	издатель, редактор издания, эмитент
Schlachter	мясник
Kopfverletzung	ранение (повреждение) головы
Gendarm	жандарм
Panikattacke	паническая атака
Außenstehende	посторонний
dazukommen	подходи́ть, подойти́, присоединяться к
vergiftet	отравленный
Balboa	бальбоа
zweitausend	две тысячи
Geruchssinn	чувство обоняния
Wohltat	благодеяние
Besserwisser	ирон. всезнайка, умник
Eichel	жёлудь, залупа
entgegenbringen	проявлять, показывать
weben	ткать
Weihnachtsfest	рождество, праздник рождества
unlängst	недавно, на днях
bergauf	в гору, на гору
Tonfall	тон, интонация
Beil	топорик
Schlaflosigkeit	бессонница
Konkurs	банкротство
erbarmen	сжалиться, смиловаться, проявить сострадание, проявлять сострадание
Hab	имущество, добро
vernichtend	разгромный, уничтожающий
ausbrüten	насиживать
Vorschule	дошкольная подготовка, дошкольное образование
Psychose	психоз
Bewerbungsgespräch	беседа с кандидатом на вакантное место
Heulsuse	плакса
hinterlistig	коварный, хитрый, вероломный
Zehner	(число, цифра, номер) десять, десятка
Grips	разг. ум
Blähung	мед. вздутие, метеоризм, газы
Kolonne	колонна, строй, ряд
Streiterei	беспрерывные ссоры (споры, дрязги)
erdrosseln	задушить
holprig	ухабистый, неровный, с выбоинами (о дороге)
Harke	грабли
Augapfel	глазное яблоко
ordinär	обычный, ординарный
wiederbekommen	получать обратно
Schlafmittel	снотворное (средство)
Erfrischung	освежение, подкрепление
unecht	ненастоящий, поддельный, фальшивый
Nilpferd	гиппопотам, бегемот
Nebenzimmer	дополнительная комната
Elternhaus	отчий дом, родной дом, родительский дом
bekümmern	огорчать, печалить, тревожить
Aschenputtel	Золушка
Bücherregal	книжный шкаф
hänseln	дразнить (кого-л.), подтрунивать (над кем-л.)
Sommertag	летний день
frostig	морозный
Laufpass	отставка, от ворот поворот
preiswert	недорогой
Staatsmann	государственный деятель
anhaltend	длительный, затяжной, продолжительный, стойкий
Rückendeckung	воен. прикрытие с тыла
Beben	землетрясение
Bosse	боссы
haufenweise	кучами, валом
verschrecken	отпугивать, спугивать
Ziellinie	линия финиша
Bettlaken	простыня
Hörgerät	слуховой аппарат
Bauchgefühl	шестое чувство, интуиция
massenhaft	массовый, массово
Würze	кулин. пряность, приправа
Tofu	тофу
Brüderlichkeit	братство
Tabu	табуированный, запрещённый, неприемлемый
ersichtlich	понятный, ясный, очевидный
erübrigen	сберегать, (с)экономить; оставлять
Fohlen	жеребёнок
Vorabend	канун
Betreuung	опека, опекун
Blutegel	пиявка
Vertrieb	продажа, сбыт
gefragt	спрошенный, востребованный
willig	согласный на что-либо, готовый к чему-либо, услужливый, послушный. — Он готов на всё.
Pflug	плуг
Maurer	каменщик
Kranich	журавль
Polizeiwagen	полицейский автомобиль
nunmehr	отныне
Familientreffen	семейная встреча
rar	редкий, дефицитный
umhören	прислушиваться (к тому, о чём говорят вокруг); расспрашивать, порасспросить (о чём-л.)
hochrangig	высокопоставленный, занимающий высокий пост
verbleibend	оставшийся
fiktiv	фиктивный
Abschiedskuss	прощальный поцелуй
übereinander	одно над другим, друг над другом; друг на друга; друг о друге
Gerüst	строительные леса
Gesprächsthema	тема разговора
bedeutungsvoll	многозначительный, важный
wiederkehren	возвращаться, повторяться
Weltuntergang	конец света
Heuhaufen	стог
Elfenbein	слоновая кость
annähen	нашить, пришить
innehalten	остановиться, замереть, сделать паузу
Ikone	икона
extern	внешний, наружный
Anhieb	засечка, зарубка
Reisebüro	бюро путешествий
erwartet	ожидаемый
Sonntagmorgen	воскресное утро
Fotoalbum	фотоальбом
ereilen	постичь, застигать, настигать (о смерти, несчастье и т. п.)
verdunkeln	затемнять; маскировать (свет)
herunterkommen	сходить (вниз), спускаться (с чего-л.)
Mundwerk	разг. подвешенный язык
Bibliothekarin	библиотекарь
Kabelfernsehen	кабельное телевидение
Fasan	фазан
schnuppern	нюхать, обнюхивать (о животных)
bleibend	продолжительный, прочный, постоянный; непреходящий
auftischen	подавать, ставить на стол
unweigerlich	неизбежный
vergänglich	преходящий; бренный
aufgeschlossen	общительный, отзывчивый
vorübergehen	проходить (мимо кого-л, чего-л)
Mindestlohn	минимальная зарплата
anstreichen	красить, окрашивать (стены и пр., нанося краску кистью)
Kundschaft	покупатели, заказчики, потребители, клиентура
Schachzug	шахматный ход (тж. перен.)
Lagerhalle	складское помещение, хранилище
Erpresser	вымогатель; шантажист
eingravieren	выгравировать
verwöhnt	избалованный
leblos	безжизненный; бездыханный; неживой
verduften	выдыхаться, терять запах
unentbehrlich	необходимый; незаменимый
Erbschaft	наследство; наследие
Wiedervereinigung	воссоединение
Windpocke	ветряная оспа
zwölfte	двенадцатый
verfilmen	экранизировать, снимать для фильма
fernbleiben	отсутствовать, оставаться в стороне, не интересоваться
feilschen	торговаться
Fonds	фонд
Strandhaus	дом на пляже
Separatist	сепаратист
Justizministerium	министерство юстиции, минюст
Hinterzimmer	задняя комната
Widerling	низкий человек, презренный человек
Gesetzloser	разбойник, вне закона
Rippchen	рёбрышки
Seifenoper	мыльная опера
unehelich	внебрачный
Landstraße	шоссе, Ландштрасе
umtauschen	обменять
unfehlbar	непогрешимый; безошибочный
ragen	возвышаться
wappnen	вооружать, оснащать (б. ч. перен.)
bewerkstelligen	производить, совершать, осуществлять; устраивать
Vollkommenheit	совершенство
Glückssträhne	полоса удачи
Haube	чепец, чепчик; колпак
Lebenswerk	дело жизни
Honorar	гонорар
Befund	состояние; данные осмотра (анализа); заключение (специалистов) о состоянии (чего-л., кого-л.)
Planänderung	изменение планов
Leinen	льняной
Ausflucht	уловка, увертка, отговорка
verzaubert	заколдованный, очарованный
tollwütig	бешеный
kommerziell	коммерческий
Nutzung	использование, пользование
Palästinenser	палестинец, палестинка
Bedacht	осмотрительность
unbegreiflich	непонятный, непостижимый
Geschichtsbuch	учебник истории
Generaldirektor	гендиректор, генеральный директор
Missetat	злодеяние, преступление
närrisch	глупый, дурной
Bienenstock	улей
keuchen	задыхаться, тяжело дышать
lichten	проредить
Aufständische	повстанец, инсургент
Bruderschaft	братство
beispielsweise	к примеру
Gesundheitszustand	состояние здоровья
Nachthimmel	ночное небо
Wortschatz	запас слов
veranlagen	устанавливать размер налога (тариф обложения); оценивать, исчислять
versiegen	иссякнуть
alleinerziehend	воспитывающий в одиночку
sägen	пилить
ableiten	объезжать, обходить, находить производную, дифференцировать, заземлять
Rasierer	бритва
Hängematte	гамак
Vollendung	завершение, окончание
Gummibärchen	мармеладный мишка
unvermeidbar	неизбежный
verleumden	клеветать ( оклеветать )
ergattern	заполучить
einfinden	sich ~ появиться, объявиться; найтись
zerspringen	лопаться, трескаться; разрываться (на части) (тж. перен., напр., о сердце); разлетаться на куски; взрываться
Verwandlung	превращение; метаморфоза
einstweilig	канц. временный; предварительный
Nippel	соска, сосок
hochnehmen	поднимать
Spalt	щель, зазор, трещина, расселина
Zehntel	одна десятая
Schlüsselloch	замочная скважина
Blindheit	слепота
rasant	настильный (о траектории артиллерийского снаряда)
ölen	смазывать маслом
Leichenhalle	морг
Sichtkontakt	зрительный контакт
Whistler	Уистлер
abnutzen	изнашивать, изнашиваться, срабатываться
ausborgen	одалживать
Bettchen	кроватка
Gliedmaße	конечности
Straftäter	преступник
Spielraum	место (помещение) для игр
Blinddarm	слепая кишка
Feueralarm	пожарная тревога
Gebein	кость
Hilferuf	крик (призыв) о помощи, зов на помощь
auftun	отверзаться, отверзнуться, разверзаться, разверзнуться
knicken	надламываться, ломаться
unzureichend	недостаточный
Wendepunkt	переломный момент
Beschuldigung	обвинение (G в чём-л.)
Blumenstrauß	букет цветов
Fensterscheibe	оконное стекло
Vorarbeiter	старший рабочий; десятник
Terminplan	расписание, график
Filmemacher	автор фильмов (как сценарист и режиссёр)
Pappe	картон
Schlitz	прорез, разрез, прореха, пройма
Greif	грифон
Röntgenaufnahme	спец. рентгенограмма
dampfen	(ис)пускать пар; дымиться (о кушанье)
Todsünde	смертный грех
glätten	диал. разглаживать, гладить (бельё)
quasseln	болтать
übersinnlich	сверхчувственный, трансцендентный
Chirurgie	хирургия
Liebesleben	любовная жизнь
Fluchtweg	путь отхода
labil	неустойчивый, лабильный
Hangar	ангар
Dings	штуковина
abhaken	отцеплять, снимать с крючка
Pflegefamilie	приёмная семья
knackig	хрустящий
Auslieferung	экстрадиция
Spital	больница, госпиталь
Wicht	устар. существо, создание
Modul	модуль
Schlaumeier	хитрец, всезнайка /
hochfahren	вскочить
reizvoll	привлекательный; прелестный
Schwätzer	болтун
überschlagen	накинуть (напр., платок)
Brut	выводок
Korsett	корсет
Stacheldraht	колючая проволока
anbaggern	приставать, заигрывать (с представителем противоположного пола)
schänden	позорить, пятнать, осквернять
festbinden	завязывать; скручивать
gestört	нарушенный, чокнутый
Bierchen	разг., ласк. к Bier; пивко
Morgenstunde	утренний час
Glut	жар
umliegend	окрестный, окружающий
Anreiz	побуждение, стимул; импульс
Pult	пульт, кафедра
Alge	водоросль, водоросли
Achsel	плечо, подмышка, подмышечная впадина
Großmeister	шахм. гроссмейстер
Halbschwester	сводная сестра
sprudeln	бить ключом, пениться
picknicken	устраивать пикник
Unterrichtsstunde	урок (в школе), (учебный) час
Esstisch	обеденный стол
Küstenwache	береговая охрана
zerschmettern	разбить; раздробить; размозжить
seicht	неглубокий, неприхотливый
wähnen	воображать, ошибочно (пред)полагать
Verstärker	усилитель
Haupteingang	главный вход; парадный подъезд; портал
Tiefgarage	подземная автостоянка
Verwüstung	превращение в пустыню
Ansage	объявление, оповещение, извещение; предупреждение (о чём-л.)
Alleingang	самостоятельные действия; действия в одиночку
verschwommen	размытый (фотография), расплывчатый
stattgeben	канц. удовлетворять, принимать (во внимание); исполнять
wegsehen	отворачиваться, игнорировать
Sphäre	сфера
ausmalen	расписывать
Masern	корь
Blech	листовой металл; листовая сталь; жесть; стальной лист
Gründung	основание, учреждение
Stätte	место
nachprüfen	пересматривать; повторно ( дополнительно ) проверять (контролировать), перепроверять
Schnappschuss	моментальный фотоснимок, моментальная съёмка (подвижных объектов) без инсценировки
Rampe	рампа
beklauen	разг. обворовывать
Schlitzauge	узкоглазый
Likör	ликёр
Geldstrafe	штраф
einäschern	предать кремации, кремировать
restaurieren	реставрировать
übereilen	поступать необдуманно (опрометчиво); поторопиться (с чем-л., в чём-л.)
abverlangen	вытребовать, потребовать
drein	туда, в это
beharrlich	упо́рный, насто́йчивый
Dreißig	тридцать
schwatzen	сплетничать
verwelken	вянуть, увядать, блёкнуть (тж. перен.)
jedweder	всякий, любой
Tischler	столяр
verzieren	украшать
abgewöhnen	отучать (кого-л. от чего-л.)
Ziegelstein	кирпич
Begebenheit	событие, происшествие, случай
wanken	качаться, дрогнуть, пошатываться, потерять равновесие
geschäftig	деятельный; трудолюбивый; хлопотливый
sonnen	греться на солнце, загорать, купаться в лучах чего-либо, наслаждаться
Klientin	клиентка
Vernehmung	допрос; опрос
statuieren	устанавливать
prophezeien	пророчить, пророчествовать
Einkaufswagen	тележка для покупок
Müllcontainer	мусорный контейнер
Meute	свора, толпа
Fahrerflucht	уклонение водителя автомашины от ответственности (если водитель после аварии или наезда не останавливается, á пытается скрыться)
Infusion	вливание
Klapperschlange	гремучая змея
ruhmreich	знаменитый; известный
Kanten	рег. (н.-нем.) краюшка (горбушка) хлеба
Ersatzschlüssel	запасной ключ
vielseitig	многосторонный, многосторонний, разносторонний, многостраничный
Erneuerung	обновление; реставрация; замена
offenkundig	очевидный, явный; общеизвестный
warmherzig	сердечный, тёплый
Schussverletzung	огнестрельное ранение, огнестрельная рана
Taschenmesser	складной нож
Judentum	еврейство, иудаизм
Kaffeetasse	кофейная чашка
Sorgfalt	тщательность, точность, добросовестность
Kochbuch	кулинарная книга, поваренная книга
sachlich	деловой; конструктивный (о критике)
Impfung	прививка
stinkreich	разг. очень богатый
Vöglein	птичка
unscharf	тупой, неотточенный
Kanarienvogel	канарейка
Fingerspitze	кончик пальца
schätzungsweise	примерно, приблизительно
Rauschgift	опиат, наркотик
jeweilig	соответствующий, данный
grell	яркий, ослепительный, резкий, пронзительный
zurückstellen	ставить обратно
Todfeind	смертельный (заклятый) враг
zerfressen	проедать, прогрызать; перегрызать (о грызунах); изъедать (о моли); разъедать (о кислоте и т. п.)
Postleitzahl	почтовый индекс
Erhöhung	повышение
Kindheitserinnerung	воспоминание детства
Geheimgang	потайной ход
Schneeball	снежок, калина
gutmütig	добродушный
Beet	клумба, грядка
zensieren	оценивать, цензурировать
betten	укладывать (в постель)
Verwarnung	предупреждение
Törtchen	тортик
Pocke	оспина
geleiten	провожать, сопровождать
ausgewählt	выбранный
humpeln	прихрамывать, хромать; ковылять
Krippe	кормушка, хлев, ясли
Stieftochter	падчерица
Brandstifter	поджигатель
verfangen	действовать, запутываться
besetzt	занятый
niederreißen	срывать, опрокидывать; сбивать
bestmöglich	наилучшим образом
weiden	пасти(сь)
verspannen	перекашивать (что-л. при неправильном зажиме)
geschmolzen	расплавленный
Kloß	клёцка
Brustwarze	соска, сосок
grimmig	гневный, лютый, свирепый
inspizieren	инспектировать, проверять, контролировать; осматривать (что-либо); осуществлять надзор (контроль) (за чем-л.)
gesucht	разыскиваемый
Gefährte	спутник; товарищ; соучастник; соратник
Kühnheit	смелость
orangefarben	оранжевый
trachten	стремиться (к чему-л.), добиваться (чего-л.), сильно желать (чего-л.)
Psychologin	психолог
obliegen	прилежно заниматься (чем-л.); предаваться, отдаваться (чему-л.)
Liege	шезлонг; кушетка
Ausfall	выпадение
zugestehen	признавать (за кем-л. право)
abtun	снимать, сбрасывать (одежду); освобождаться (от чего-л.); бросать (что-л.)
abblitzen	отказывать
Markenzeichen	товарный знак
Trubel	суета; суматоха, переполох; волнение
schinden	обдирать, терзать, эксплуатировать, надрываться
betrauern	огорчать
Geweih	оленьи рога
mindern	уменьшать, убавлять, сокращать, снижать
belanglos	незначительный, не имеющий значения, неважный, иррелевантный
nahestehen	быть близким (кому-л.); быть в близких отношениях (с кем-л.); быть близким другом (знакомым) (кого-л.)
Hochwürden	ваше преподобие
übrigbleiben	оставаться (в наличии)
Ratgeber	советчик
Abscheu	отвращение
Meerwasser	морская вода
voraussichtlich	предполагаемый, вероятный, ожидаемый
bisweilen	иногда, до сих пор
eingeschüchtert	запуганный, робеющий
Einsiedler	отшельник (тж. перен.); затворник, анахорет, эремит
Berichterstattung	освещение
Alkoholproblem	проблема с алкоголем
Zauberwort	волшебное слово
Feierlichkeit	празднество, торжество, разднество
Hausschuh	домашняя туфля; ночная туфля
scheuern	тереть, натирать (повреждать трением)
Tollpatsch	growth недотёпа
zumuten	требовать (чего-л. дурного, непосильного от кого-л.)
ungenießbar	несъедобный; негодный; порченый (о продуктах)
ersinnen	выдумывать, измышлять
Engländerin	англичанка
Schäfchen	овечка
sehnsüchtig	исполненный тоски, тоскующий; полный страстного ожидания
Frack	фрак
Sinneswandel	изменение взглядов
ansatzweise	частично, в некоторой степени
Wertpapier	ценная бумага
aufrichten	поднимать, ставить на ноги, подбадривать
durcharbeiten	прорабатывать
ausradieren	стирать (резинкой); выскабливать, подчищать (письмо, рисунок)
Eskimo	эскимос
Volltrottel	полный придурок
maskiert	в маске
Fernsehsender	телевизионный передатчик; телевизионная передающая станция; телецентр
zügig	быстрый, скорый, стремительный
zudrücken	зажимать; плотно закрывать
Montagmorgen	утро понедельника
dämpfen	тушить, гладить
steinern	каменный (тж. перен.)
Wachtmeister	унтер-офицер полиции
vermehrt	увеличенный, усиленный
Ausbreitung	расширение, развитие; (при)умножение
vormittags	до полудня, в первой половине дня, утром
geräumig	просторный, вместительный
umringen	окружать
achtzig	восемьдесят
angetan	увлечённый, очарованный
Erniedrigung	унижение, понижение, снижение, уменьшение
Neustart	перезапуск, повторный (за)пуск; рестарт
Tollwut	бешенство, водобоязнь
aufsammeln	подбирать, собирать
durchschlagen	перерубать
ausfahren	выезжать; выходить (о поезде, судне)
Telefonleitung	телефонная линия
aufspießen	накалывать, пронзать; поднимать на рога (на вилы); сажать на кол; надевать на вертел
überdrüssig	надоело (употр. в сочетаниях с sein)
Lebensart	образ жизни; быт
Überlegenheit	превосходство
seinerzeit	в то время
angewöhnen	приучать (к чему-л. кого-л.)
Abhang	склон
Hintereingang	задний вход; чёрный ход
verstümmeln	калечить, увечить
schlitzen	прорезывать (разрезать, надрезать) вдоль
abtauchen	погружать, скрываться, пригибаться
Kongressabgeordneter	конгрессмен
eigens	специально; нарочно
Skrupel	сомнение, скрупулёзность
wohlwollend	благосклонный, благоволящий, доброжелательный
gleichberechtigt	равноправный
Geografie	география
hocherfreut	очень рад
erbittert	ожесточённый
Spesen	издержки, накладные расходы
Hemmung	задержка; затруднение, препятствие, помеха; прекращение; подавление, обуздывание (каких-л. чувств); сдерживающий фактор
Aas	падаль, падло
unfruchtbar	неплодородный, бесплодный
stilllegen	приостанавливать, прекращать работу [эксплуатацию]
Zusammensetzung	состав, сложное слово, словосложение
Sterbende	умирающий
Balg	вредный ребенок
aufzählen	перечислять (по порядку)
Verräterin	предательница
Todesanzeige	извещение о смерти, кончине кого-либо (в газете)
niederträchtig	низкий, подлый, гнусный, мерзкий
türmen	громоздить
Kartoffelbrei	картофельное пюре
unentwegt	неуклонный, непрерывный (напр., о развитии чего-л.)
Raumfahrt	космический полёт
Konzentrationslager	концентрационный лагерь
Strudel	водоворот, штрудель
Tratsch	разг. болтовня, сплетни; поклёп
reizbar	раздражительный
Vorsehung	провидение
Parkett	паркет
hierauf	затем, после этого
Verordnung	предписание, декрет
Diele	доска
denunzieren	доносить (на кого-л.); выдавать (кого-л.)
Mundharmonika	гармоника
zurücksetzen	ставить обратно (на прежнее место); отводить (подавать) назад, осаживать, отодвигать
andersrum	наоборот
Wilderer	браконьер
Ferngespräch	междугородный (телефонный) разговор, телефонные переговоры
Soziopath	социопат
Übergriff	превышение власти (полномочий); злоупотребление (властью); вторжение (в чью-либо компетенцию)
festmachen	закреплять, швартовать
unerfreulich	нерадостный
Wohnsitz	местожительство
Müllhalde	свалка
Eingebung	внушение; вдохновение; (внезапная) мысль, наитие, интуиция
Gefallener	павший
Holzkopf	разг. дубовая голова, тяжелодум
schwirren	гудеть, проноситься
profitabel	прибыльный, выгодный
fahrlässig	небрежный, по неосторожности
getreu	верный, преданный, последовательный, точный
Ex-Freundin	бывшая девушка
Durchsuchung	обыск, осмотр
herbitten	просить зайти (войти); просить прийти
Hackbraten	мясной рулет, фарш
E-Mail-Adresse	адрес электронной почты
willens	готовый, желающий
Ladegerät	зарядное устройство
Spinnwebe	паутина
Verliebte	влюблённая
Nische	ниша
ausschöpfen	вычерпывать
Schulbus	школьный автобус
Wappen	герб
Feuerholz	дрова
Posaune	тромбон
festigen	укреплять
aufblasen	надувать
Hysterie	истерия
Schlich	лазейка
verwehen	развеять
Wettstreit	соревнование, состязание; перен. тж. соперничество
zwischendurch	через самую середину (чего-л.)
Getue	суета, возня
Zuwendung	ассигнование, отчисление, ссуда; пособие; пожертвование; дарение
taktlos	бестактный, нетактичный
Wachsamkeit	бди́тельность
Kruste	хлебная корка
Spaßvogel	шутник, весельчак
zupfen	дёргать, подёргивать, защипывать (струны)
abführen	отводить, уводить (тж. перен.); отвозить
verzwickt	запутанный, сложный, замысловатый
Freundeskreis	круг друзей
Kimono	кимоно
faulenzen	бездельничать
Abbildung	иллюстрация, изображение, функция
Lordschaft	светлость
Bewährungshelfer	сотрудник по условно-досрочному освобождению
Gebärmutter	матка
Ausstattung	оборудование, оснащение
verschleppen	насильно увозить, затягивать, запускать
Aufschlag	удар (обо что-л.); попадание, разрыв (снаряда)
Terroranschlag	нападение террористов
gegenübertreten	подходить, относиться (как-л. к кому-л.)
Stuhlgang	очистка
Arschkriecher	подхалим, жополиз
Vorschau	предварительный просмотр
unterdrückt	подавленный
listen	перечислять, вносить в список; составлять список
sticken	вышивать
Besinnung	сознание
bissig	едкий, колкий, язвительный; злобный
übersät	усыпанный, покрытый
bekanntlich	как известно
Rückspiegel	зеркало заднего вида
unterdessen	между тем
schwelgen	наслаждаться (чем-л.); (страстно) отдаваться (чему-л.); заниматься (чем-л.) с удовольствием (с наслаждением)
mitansehen	ich kann das nicht länger ruhig mitansehen — я больше не могу смотреть спокойно на это
nahrhaft	питательный, сытный
Landwirt	фермер, агроном
Krempel	разг. хлам, старьё
Erwähnung	упоминание
Erschütterung	сотрясение (тж. мед.); вибрация
Rutsche	горка
Taschenrechner	микрокалькулятор
unbeaufsichtigt	безнадзорный
sorgsam	тщательный; добросовестный
träge	вялый, медлительный, инертный; ленивый
Weltbevölkerung	население Земли, мировое население
Minirock	мини-юбка, юбка мини
naschen	лакомиться (чем-л.); украдкой таскать (еду, сладости); смаковать
Unwesen	бесчинство
Klaps	шлепок; подзатыльник
Tapete	обои
erregend	возбуждающий
abkratzen	соскабливать, соскребать, сцарапывать, сдохнуть
Trauerfeier	поминки
Laufbursche	мальчик на побегушках; рассыльный
Abmarsch	выступление, уход
Run	забег, наплыв
besagt	указанный, упомянутый
draufhaben	уметь, быть мастером
Straßensperre	дорожное заграждение
losziehen	тро́гать
Brustkorb	грудная клетка
Grünschnabel	новичок
Wörtchen	разг. нагоняй
Bestreben	sich ~ стараться, стремиться (что-л. делать)
Sabbat	шаббат
woandershin	куда-то в другое место
Schizophrenie	шизофрения
Verfolgungsjagd	автомобильная погоня, автопогоня
Abtei	аббатство
unantastbar	неприкосновенный
Zuckerwatte	сахарная вата, сладкая вата
verschwitzen	пропитать потом (одежду)
Vergrößerung	увеличение
Nerz	норка
Verurteilter	осуждённое лицо, осуждённый, приговорённый, судимый
einreiben	натирать, втирать
nordwestlich	северо-западный
teils	частично
Sehvermögen	зрение
Preisschild	ценник
Bettwäsche	постельное белье
Busbahnhof	автостанция, автовокзал
Arbeitskraft	рабочий
ausblenden	(постепенно) затемнять (кадр)
schrill	пронзительный, резкий
landwirtschaftlich	сельствохозяйственный
Kardiologe	сердечник, кардиолог
ausgedehnt	обширный, растянутый
Motorhaube	капот двигателя (мотора)
Torwart	вратарь, голкипер
Zeiger	стрелка
unbehaglich	неприятный
Karawane	караван
Pfosten	столб, столп, колонна, пилон
verordnen	прописывать ( прописать ), назначать ( назначить ), назначать ( назначить ), предписывать, отдавать распоряжение ( отдать распоряжение ), приказывать ( приказывать ), постановлять ( постановить )
Wirbelsturm	ураган, циклон
Leim	клей
morgendlich	утренний
rutschig	скользкий
Getriebe	коробка передач
Bruchbude	разг. халупа, развалюха; помещение или здание в плохом состоянии
Rückfall	мед., юр. рецидив; повторность (преступления); возврат (болезни)
mausetot	мертвёхонький / мертвёхонькая / мертвёхонькое
Dornröschen	Спящая Красавица
einschleichen	прокрадываться
unschätzbar	бесценный, неоценимый
Pünktlichkeit	пунктуальность, точность
Arschgesicht	вульг. урод; букв.: лицо-жопа, жопорожец
festnageln	прибивать, прибивать гвоздями, подчеркнуть, поймать на слове
brenzlig	тревожный
Gestein	геол. горная порода
Konservatorium	консерватория
Ableben	кончина
Duett	дуэт
Bettzeug	постельные принадлежности /
immerdar	поэт. навсегда
Übeltäter	злодей, злоумышленник, преступник
Bücherwurm	книжный червь
bedürftig	нуждающийся (G в чём-л.)
furchteinflößend	устрашающий
zusammenlegen	сложить (положить) в одно место; свернуть
Gynäkologe	гинеколог
Tagtraum	сон наяву; дневные грёзы
Untat	злодеяние
fungieren	действовать
verdampfen	испаряться, испарять
fehlerfrei	безошибочный
zanken	бранить, ругать
Attrappe	макет, муляж, бутафория
Dickkopf	упрямец; глупец
knebeln	связывать (тж. перен.)
Krake	осьминог
Aufforderung	приглашение, вызов, призыв, запрос
Herangehensweise	подход, метод, методика, тактика
Empörung	возмущение, негодование
Wohlwollen	благосклонность, расположение, доброжелательство, доброжелательность
Schuhgröße	размер обуви
planmäßig	пла́новый
Hauptfigur	центральная фигура, главное действующее лицо
Unternehmung	предприятие
Geologe	геолог
ergießen	изливать
unbeantwortet	оставленный без ответа
Nagellack	лак для ногтей
Grat	ребро; край, кромка
Verdauung	пищеварение
Matsch	слякоть, грязь
Gebrüder	братья
jähzornig	вспыльчивый, запальчивый, гневливый
Meisterin	мастерица
stutzen	подрезывать; подстригать; укорачивать; обрубать
zufriedenstellend	удовлетворительный
Spezialgebiet	дисциплина, специальность
Schnitte	ломоть, отрезанный кусок
Kostprobe	проба, образец
Hunderter	сотня
Schutzhaft	юр. превентивное заключение
Schützling	протеже
aufschnappen	подхватывать, ловить (на лету) (брошенный кусок зубами - о собаке)
störrisch	упрямый; норовистый
Beunruhigung	беспокойство, тревога
Schluckauf	физиол. икота
Baumarkt	строительный рынок
Trunk	глоток
umsichtig	осмотрительный, осторожный
Angstzustand	состояние страха, приступ (беспричинного) страха
verlauten	стать известным
Diagramm	диаграмма
zuflüstern	нашёптывать (что-л. кому-л.), наушничать, сплетничать
elfte	одиннадцатый
kapitalistisch	капиталистический
gepflegt	ухоженный
eigenständig	самостоятельный, независимый
lauwarm	чуть тёплый
würzig	пряный, ароматный
Bergsteiger	альпинист
Willenskraft	сила воли
hinreichend	достаточный, соразмерный, соответствующий
Verständigung	извещение, уведомление
Birke	берёза
Bäuerin	крестьянка
Nordosten	северо-восток
Töchterchen	доченька
Besonderheit	особенность
abwägen	сравнивать, взвешивать
Schwanzlutscher	минетчик
Sol	соль
Abschuss	сбитие, отстрел
Astronom	астроном
unschädlich	безвредный, безопасный; безобидный
Schulmädchen	школьница
galant	галантный, учтивый
amtierend	действующий
hirnlos	безмозглый / безмозглая / безмозглое
Fußballmannschaft	сборная по футболу, футбольная сборная
Meeresgrund	морское дно, дно моря
Brandung	прибой
Vorfreude	предвкушение радости
Ungewissheit	неопределённость, неизвестность
Sodbrennen	изжога
Zahnseide	зубная нить
verrechnen	рассчитать (что-л.), произвести расчёт (чего-л.)
Schmerztablette	болеутоляющая таблетка
Blutgefäß	кровеносный сосуд
überbieten	предлагать (давать) более высокую цену (чем кто-л.)
zusammentragen	сносить (в одно место)
schwindeln	мошенничать, мухлевать, жульничать
Betäubung	оглушение (шумом)
Plane	брезент, тент
Kriegsführung	ведение войны
Dickschädel	упрямец
Hehler	укрыватель (тж. юр.)
Brautpaar	молодожёны, молодые, новобрачные, жених и невеста
Steig	горная тропа, подъём
Einschlag	вбивание, забивание, вколачивание
Kontonummer	номер счёта
Gräueltat	гнусное преступление, зверство
Makrele	скумбрия, макрель
versprochen	обещанный
verwunderlich	удивительный, странный, причудливый
Unfallort	место происшествия
Unbehagen	неприя́тное чу́вство, неприя́тное ощуще́ние
US-Regierung	правительство США
Spießer	разг. обыватель, мещанин
Identifizierung	идентификация
Flugbahn	траектория
zurückerobern	отвоёвывать обратно
unrein	нечистый, неопрятный, грязный; нечистоплотный
Kurzschluss	короткое замыкание
hinfliegen	лететь (куда-либо)
schauspielern	играть роль (б. ч. перен.); разыгрывать комедию; делать (что-либо) напоказ; притворяться, делать вид
ausgefallen	необычайный, исключительный; странный, особенный
Gehweg	тротуар
Atomkraftwerk	атомная электростанция
Äquator	экватор
sozialistisch	полит. социалистический
Jugendamt	управление по делам молодёжи
Gerichtsmediziner	судмедэксперт
Kraftfeld	силовое поле
Saxophon	саксофон
Kirchturm	церковная башня, башня церкви
Zusammensein	совместное времяпровождение, встреча
Staatsbürgerschaft	гражданство
ökologisch	экологический
Personalausweis	удостоверение личности
Bitterkeit	горечь
Bettruhe	постельный режим
redlich	честный; добросовестный
weitererzählen	продолжать (рассказ)
Blickfeld	поле зрения
entflammen	воспламенять, разжигать
Faultier	лени́вец, лентя́й
Pazifist	пацифист
tugendhaft	добродетельный; благонравный
heitern	веселеть, проясняться
kentern	опрокидывать (килем вверх) (судно)
Piepen	чирикать; пищать (обыкн. о птицах)
Eisenkraut	вербена, вербена лекарственная, лимонная вербена
Essenszeit	время еды
Gehilfe	помощник
Appell	линейка
hochklettern	взбираться
einflößen	влива́ть, внуша́ть
registriert	зарегистрированный
Zeitgenosse	современник
Herberge	турбаза
Chamäleon	хамелеон
umständlich	обстоятельный, подробный
mobben	жарг. травить, гнобить (сотрудника, одноклассника и т. д.)
Tabelle	таблица
tragend	несущий
grunzen	хрюкать
davontragen	уносить, унести, одерживать, одержать
Wohlfahrt	благосостояние, благотворительность
Ballsaal	бальный зал
Fehlverhalten	неправильное поведение
zeitweise	временно, временами
Kristallkugel	хрустальный шар
erdrücken	задавить
Weinberg	виноградник
dröhnen	греметь
wegwischen	стереть
einrosten	заржаветь
Leier	муз. лира (музыкальный инструмент)
ausatmen	выдыхать, испустить последний вздох, умирать
Eheleben	супружеская жизнь, супружество
Ausübung	выполнение, исполнение, совершение; занятие (напр., ремеслом)
Enkeltochter	внучка
Gerichtsverfahren	юр. судебный процесс
Gedächtnisverlust	мед. амнезия
Seitenstraße	боковая улица
Augenfarbe	цвет глаз
zurückkaufen	выкупать
Fuge	щель, фуга
Stundenkilometer	километр в час
Zecke	клещ
vorlaut	нескромный; дерзкий; наглый
weiterbringen	продвигать дальше (какое-л. дело)
strafrechtlich	уголовно-правовой
abfliegen	отлетать, улетать, вывозить самолётом, облетать
Priesterin	жрица
Vermieterin	наймодательница, арендодательница, хозяйка
Salzwasser	солёная вода
Blaubeere	черника
Immobilienmakler	риелтор
Füllung	наполнение, пломба, начинка, набивка
Bajonett	штык
regulär	регулярный
Rollschuh	rólikowye konjkí, róliki
gabeln	разветвляться
Finanzkrise	финансовый кризис
vermindern	уменьшать, сокращать
Nachtwache	ночная стража; ночная охрана
Tournee	турне
Tresorraum	хранилище
Camelot	Камелот
Gringo	гринго
Schuhkarton	коробка из-под обуви
Werkzeugkasten	инструментальный ящик
Nachlässigkeit	небрежность, неаккуратность
Feindschaft	вражда
verschießen	расстреливать, расходовать (боеприпасы)
Gänseblümchen	маргаритка
Hafer	овёс
unbeholfen	нерасторопный, неловкий, неуклюжий; беспомощный
verschmähen	пренебрегать
zertreten	растоптать
ansteigen	подниматься, повышаться (об уровне воды); возрастать, увеличиваться (о количестве); возвышаться
salzen	солить
Gartenarbeit	работа в саду, работа на огороде
Altstadt	старый город
entgegengesetzt	противоположный
Alimente	алименты
Rennfahrer	гонщик
Knacker	щипцы (для орехов)
Augenkontakt	зрительный контакт
Visite	обход, визит
Scheusal	чудовище
Söhnchen	сыночек
Kanonenkugel	пушечное ядро
überhören	недослышать, прослушать; пропустить мимо ушей
kopflos	безголовый, безмозглый, безрассудный
einen	объединять, сплачивать
Sanatorium	санаторий
Rambo	Рэмбо
kompromittieren	компрометировать
mitgeben	давать (с собой)
Räumlichkeit	помещение
Fortpflanzung	размножение, продолжение рода
abtrocknen	вытирать (насухо)
Soldatin	военнослужащая — женщина
wackelig	шаткий, неустойчивый, шатающийся
jungfräulich	девственный, девичий
Primzahl	простое число
Beinbruch	перелом ноги
Viagra	виагра
Lump	негодяй
Umkleide	раздевалка
Memme	трус, трусиха, слабак
abartig	ненормальный, аномальный
straff	тугой, подтянутый
sündig	грешный, греховный
managen	справляться
Frauchen	хозяйка, жёнка, жёнушка
Anrecht	право, абонемент, подписное право
Falschgeld	фальшивые деньги (денежные знаки)
hingucken	смотреть, глянуть
Steuergeld	налоговая сумма
Ebbe	отлив, безденежье, голяк, кризис
Umweltverschmutzung	загрязнение окружающей среды
benachbart	сосе́дний
schnurren	мурлыкать
zücken	обнажить (меч)
gebacken	испечённый
Feststellung	констатация
Springbrunnen	фонтан
Militärdienst	военная служба
Stickstoff	азот
horchen	подслушивать, вслушиваться, прислушиваться, слушать
Buchmacher	букмекер
Jarl	истор. ярл (наместник короля в Скандинавии)
Speisewagen	вагон-ресторан
Dienstleistung	услуга
Tischdecke	скатерть
Überzahl	большинство
spießig	филистерский, обывательский, узколобый
Betäubungsmittel	наркотик, обезболивающее
exekutieren	казнить
Beharrlichkeit	упорство, настойчивость
überfliegen	перелетать (через что-л., куда-л.)
Korken	пробка
Verzicht	отказ
Händedruck	рукопожатие
Keksdose	банка для печенья
Bruchstück	обломок, осколок; деталь (статуи)
bisexuell	бисексуальный
fremdgehen	изменить
Augenlicht	зрение, глаз
konzipieren	делать конспект, составлять, забеременеть, зачать
Angler	удильщик
Dichterin	поэтесса
provisorisch	предварительный
Greis	старец, старик
unerlässlich	необходимый
Halsschmerz	ангина
pingelig	придирчивый, въедливый
vollendet	завершённый, совершенный
glitzern	блестеть, сверкать
Quadrant	квадрант
Möpse	сиськи
Polizeipräsident	начальник полиции
Fahrlässigkeit	халатность, небрежность, нерадивость; беспечность, неосторожность, невнимательность
mühelos	без труда / нетрудный, лёгкий / легко
Krankenpfleger	санитар
Kartoffelchip	картофельный чипс
Semmel	булочка
Brennstoff	топливо
Stimmengewirr	гул голосов
wegsperren	запереть, упрятать
Feingefühl	чуткость, деликатность, такт
Hausverbot	запрет входа в здание
schränken	перекрещивать; укладывать крестом (крест-накрест)
einstechen	прокалывать; прободать
verglühen	(медленно) потухать, угасать, догорать (тж. перен., напр., о закате)
zusprechen	присуждать (премию и т. п. кому-л.)
Andeutung	намёк, указание
Weinkeller	винный погреб
sanftmütig	кроткий
rezitieren	читать, декламировать
Sippe	род, клан, семейство
Unruhestifter	баламут, дебошир
Pendel	маятник
Delle	углубление, впадина (в почве)
selbstgefällig	самодовольный
Vorgesetzte	начальник, начальница; шеф (разг.)
Hitzewelle	тепловая волна
Sturheit	неподвижность, осоловелость (взгляда)
Hausschlüssel	ключ от дома (от квартиры)
Dolmetscherin	переводчица
Atomkrieg	атомная война
Eheschließung	заключение брака, вступление в брак, бракосочетание
Quell	поэт. ключ, родник, источник, ручей
ausbleiben	не случи́ться
Wiederwahl	переизбрание
Anziehung	привлекательность
Wahrsagerin	прорицательница
Neandertaler	неандерталец, неандертальский человек
unzerstörbar	неразрушимый, несокрушимый
hinfort	прочь, отныне
Ritze	щель, трещина
absegnen	разг. одобрить, санкционировать, давать благословение (на что-л)
übertrumpfen	бить, крыть, превосходить
Gebrauchtwagen	подержанный автомобиль
verächtlich	презрительный, пренебрежительный
Gerste	ячмень
zunutze	на пользу
Perlenkette	жемчужное ожерелье
verdrecken	испачкать, загрязнить, загадить, изгваздать
Warteliste	лист ожидания
Umschweif	обиняки
Vollzeit	полный рабочий день
Bahre	носилки
Tagung	заседание
bevölkern	населять; заселять
missbilligen	порица́ть (кого́-л./что-л.), осужда́ть (кого́-л./что-л.), не одобря́ть (что-л./чего́-л.)
entheben	избавлять, освобождать, отрешать, отстранить
Ausgrabung	раскопка
Unmensch	изверг, чудовище
anerkannt	признанный, пользующийся (всеобщим) признанием
verirrt	заблудившийся
Zeitreisender	путешественник во времени
kriegerisch	воинственный
muskulös	мускулистый
Bettdecke	одеяло
Hundehütte	конура
Naturgesetz	закон природы
Baumhaus	жилище на ветвях дерева, дом на дереве
Geborgenheit	защищённость, безопасность
Basar	базар
Ohrläppchen	ушная долька, долька, ушная мочка, мочка
Stoßstange	толкатель
pflastern	мостить, замащивать
Radieschen	редис
Katzenfutter	кошачий корм
Betroffener	пострадавший
Ingwer	имбирь
hitzig	вспыльчивый, запальчивый, гневливый
zimt	корица
Blumenladen	цветочный магазин
trügerisch	обманчивый
überanstrengen	переутомлять, перенапрягать, переутомляться, чрезмерно напрягаться
verhüten	предотвращать (что-л.); предохранять (от чего-л.)
Bankraub	ограбление банка, налёт
erkenntlich	благодарный, признательный
Ammoniak	аммиак
Reportage	репортаж
Mannomann	ну надо же
unauffindbar	неуловимый; пропавший, потерянный безвозвратно; исчезнувший бесследно; не могущий быть найденным
Sozialarbeiter	социальный работник
Messung	измерение, замер
Geschlechtskrankheit	венерическая болезнь
konventionell	общепринятый, обычный, традиционный
indiskret	нескромный; бестактный; болтливый, не умеющий хранить тайну
Erhaltung	получение
Kunstgalerie	художественная галерея
beherzigen	принимать к сердцу; принимать во внимание
Zugeständnis	признание
verunreinigen	загрязнять
Tintenfisch	каракатица
allwissend	всезнающий
baufällig	ветхий, обветшалый
Reiseführer	гид, путеводитель
abgeraten	отговорённый
Kohlenhydrat	углевод
tags	днём
Rückflug	обратный полет
Feldzug	поход
Antidepressivum	антидепрессант
Stuntman	каскадёр
Passierschein	пропуск
zusammenpassen	подходить друг к другу; сочетаться, (гармонировать) (друг с другом)
Hülse	гильза
unbefleckt	непорочный
Butterbrot	хлеб с маслом, бутерброд
Nahrungskette	пищевая цепь
Uhrwerk	часовой механизм
auschecken	выписываться, чекаут
Bildfläche	сцена, поле зрения
Dirne	девка, девица; проститутка
Interessent	заинтересованное лицо, покупатель, потребитель, претендент
abschirmen	прикрывать, загораживать, отгораживать, защищать (от света, ветра, взгляда); экранировать
besudeln	марать, пачкать, (за)гадить
Eskorte	эскорт, сопровождение
hinführen	отводить; приводить
Phaser	фазер
drankriegen	разг. заставлять кого-л. исполнить требуемое дело
Erbin	наследница
Hinterwäldler	дикарь
Flammenwerfer	огнемёт
Schwingung	раскачивание, качание; размах
Spanner	вуайерист
Schmuggler	контрабанди́ст
Patronenhülse	гильза
Schlagzeuger	барабанщик, ударник
Benutzung	пользование, использование, употребление
verströmen	распространять, излучать
Liedchen	песенка
hinzukommen	подходить
Zahnstocher	зубочистка
verpfänden	закладывать (имущество, вещь); отдавать ( вещь) в залог
erbarmungslos	безжалостный
Rute	ро́зга
Nasenloch	ноздря
zurückschrecken	ужасаться, страшиться, пугаться, бояться (чего-л.)
abändern	изменять, переделывать
benutzt	использованный, занятый
Nachhauseweg	auf dem Nachhauseweg — по пути домой
Lebenserwartung	вероятная (ожидаемая) продолжительность жизни
Bierflasche	пивная бутылка
kund	известный, объявленный
pendeln	качаться
Geburtstagskuchen	торт на день рождения
Niederschlag	осадки, осадок
allgegenwärtig	вездесущий
fünftausend	пять тысяч
Tischtennis	настольный теннис
außerstande	не в состоянии
Entstehung	возникновение, происхождение, зарождение, образование
auswandern	эмигрировать
Staatsanwältin	прокурорша
Kontrollraum	диспетчерская
Tantchen	тётенька
schwachsinnig	бредовый
Gefreiter	ефрейтор
hochjagen	вспугнуть (и заставить подняться вверх), поднять (птицу, зверя)
Schläfchen	дремота
Verhaltensweise	поведение, манера вести себя
Ermutigung	ободрение, воодушевление, поощрение
ehesten	скорее всего
drogenabhängig	наркозависимый
Überschrift	заголовок
möblieren	меблировать
knirschen	хрустеть, скрипеть; скрежетать
hervorheben	подчёркивать, отмечать, указывать, выдвигать
Devise	девиз, валюта, у.е.
Gehege	ограда
Erweiterung	расширение, распространение, увеличение
Schwiegereltern	родители мужа
Ausverkauf	распродажа
Couscous	кускус
Akademiker	человек с высшим ( университетским ) образованием
Hustensaft	микстура/сироп от кашля
übertönen	заглушать, заглушить
zehren	изматывать, питаться, выжить, жить воспоминаниями
Sterbebett	смертное ложе, смертный одр
Versuchskaninchen	подопытный кролик
Vorschlaghammer	кувалда
Herausforderer	бросающий вызов; вызывающий на поединок; претендент
Innerei	потроха
Schmiere	смазка
Urne	(погребальная) урна
Spielschuld	карточный долг
Schlafplatz	спальное место
Makkaroni	макароны
Zusatz	дополнение; добавление; добавка
Trüffel	трюфель
herumstehen	стоять (кругом) (вокруг чего-л.)
fahnden	преследовать, выслеживать (кого-л.), охотиться (за кем-л., за чем-л.); разыскивать (кого-л., что-л.); производить розыск (скрывшихся преступников, пропавших без вести лиц)
Doughnut	пончик
Bauwerk	сооружение, постройка
Falltür	люк, опускная дверь
Feldmarschall	фельдмаршал
verrottet	гнилой, сгнивший, истлевший; разложившийся; прелый, перепревший
beurlauben	давать отпуск (кому-л.); отпускать (кого-л. с собрания и т. п.); дать (временную) отставку (кому-л.); на время освобождать (кого-л.) от должности; увольнять в отпуск (в запас) (кого-л.)
Himbeere	куст малины, малина
herrschend	господствующий, правящий
Gurgel	анат. горло
Empfehlungsschreiben	рекомендательное письмо
Riesenfehler	огромная (чудовищная) ошибка
Aushilfe	помощь, помощник
Flegel	цеп
entblößen	раздеть, оголить
Ritus	обряд
ehelich	брачный, супружеский
Erzfeind	Заклятый враг
ausstechen	выкалывать
herumspielen	играться, баловаться
nachjagen	стремиться (к чему-л.), ловить (что-л.)
Hexer	колдун
einpflanzen	сажать, высаживать, пересаживать
präparieren	приготавливать, подготавливать
Schlafsaal	общая спальня (в общежитии и т. п.)
unbefugt	некомпетентный, неправомочный; не уполномоченный, не имеющий права (на что-л.)
Erwerb	ремесло; промысел; занятие
unglaubwürdig	недостоверный, маловероятный, сомнительный
unbeständig	изменчивый, непостоянный, переменчивый
Geselle	подмастерье
Milchprodukt	молочный продукт
Fabel	басня, сказка, вымысел, фабула
renommiert	уважаемый, знатный
durchschlafen	просыпать
Anhang	приложение
Strapaze	(большое) напряжение; (чрезмерная) нагрузка
Traumhaus	дом мечты
Geldgeber	кредитор
Kräutertee	травяной чай
Einkunft	(чистый) доход (за вычетом соответствующих расходов)
aushungern	морить голодом, взять измором
vermögend	состоятельный, зажиточный
niedermachen	разнести, разделать, отругать (кого-л.)
andersherum	наоборот
geflügelt	окрылённый
einhandeln	покупать, скупать; приобретать
Sandsack	мешок с песком
zuführen	подвозить (кого-л., что-л. кому-л., чему-л.); подводить (кого-л. к кому-л.); доставлять
entweichen	высок. удаляться, скрываться (из виду); убегать (откуда-л., от кого-л.)
Porto	почтовый сбор
Transportmittel	транспортное средство
ausfressen	выедать, выгрызать
Untersuchungshaft	предварительное заключение
erhaschen	поймать, ловить, схватить (тж. перен.)
glitschig	скользкий
wohlbehalten	невредимый
entern	морск. захватывать (корабль), брать на абордаж
Bluttransfusion	переливание крови
schizophren	шизофреник, шизофренический
vermiesen	разг. испортить (напр., удовольствие кому-л.); отбить охоту (к чему-л. у кого-л.)
Buckliger	горбун
ausleben	реализовать, наслаждаться жизнью
Bildhauer	ваятель, скульптор
Urenkel	правнук
Urknall	большой взрыв
steckenbleiben	застревать
erzürnen	рассердить
zutreffend	соответствующий действительности, применимый
Eheleute	супруги, женатая пара
gedankenlos	необдуманный
beklemmend	гнетущий
erschließen	осваивать
Verkehrsmittel	средства транспорта
heimbringen	приводить домой, провожать домой, приносить домой
simsen	посылать SMS-сообщения
Dreckschwein	свинья, грязная скотина
Gesprächspartner	собеседник
abonnieren	выписывать, подписываться
Fügung	судьба, стечение обстоятельств
ungeschoren	нестриженый, оставлять в покое, оставить в покое, безнаказанный
Radiosendung	радиопередача
meißeln	выдалбливать, высекать (резцом); обрубать зубилом; долбить; чеканить; ваять
Kot	испражнения, кал, говно, грязь
Segelboot	парусная лодка, парусное судно; яхта
vorzugsweise	преимущественно; предпочтительно
Hürde	(камышовый) плетень
zimperlich	чувствительный, щепетильный
Abriss	снос, демонтаж, аннотация, резюме
Blutkörperchen	кровяное тельце
Amok	амок, буйство
Handschlag	рукопожатие
Dingsbums	разг. штука, штуковина, фиговина
Lebensmittelvergiftung	пищевое отравление
Pflegerin	сиделка, медсестра
Frettchen	хорёк-альбинос
Grotte	грот
Sehne	сухожилие
Vagabund	бродяга
anmalen	раскрашивать, расписывать, размалёвывать; подкрашивать
Zahnspange	брекеты
Pelzmantel	шуба, меховое пальто
Aperitif	аперитив
Lichtgeschwindigkeit	скорость света
Banknote	банкнота, купюра
Seehund	обыкновенный тюлень, тюлень
schnüren	зашнуровывать, шнуровать; завязывать, стягивать
Rapunzel	Рапунцель
weltlich	земной, мирской, светский
ansehnlich	значительно
unaufmerksam	невнимательный
unverzichtbar	обязательный, непременный, непреложный
Papierkorb	корзина для бумаг
gravierend	значительный, существенный, весомый
Pensionierung	выход на пенсию
Verhängnis	рок
Himmelskörper	небесное тело
Polin	полька
strotzen	изобиловать (чем-л.), быть полным (чем-л., чего-л.)
Tatverdächtiger	подозреваемый
Autofahrt	поездка на автомобиле, автомобильная поездка
Küchenschabe	таракан
zugegeben	признаться, по правде говоря
Befehlshaber	командующий
Gesuch	запрос
Streuner	бродяга, бездомное животное
Drogenhändler	торговец аптекарскими и хозяйственными товарами, дрогист
verschanzen	укрыться
Nachrichtendienst	разведывательная служба, разве́дка, служба новостей, информационное бюро
todsicher	наверняка, обязательно
Studiengebühr	плата за обучение
restlos	полный, совершенный
Lohnerhöhung	повышение заработной платы
gesellen	соединять, сплачивать
Cholera	холера
hervorgehen	происходить; выходить
anlehnen	прислонять
veraltet	устаревший
Tierchen	зверёк
Verehrung	уважение, почитание
Kopftuch	платок
Ablage	архив, картотека, место для документов
Zeche	шахта, рудник
Wasserflasche	бутылка воды
Raststätte	автостоянка (с рестораном, заправочной станцией и автосервисом) при автостраде
Stoppschild	знак обязательной остановки
aufweisen	иметь, показывать
verhätscheln	(из)баловать, изнеживать, заласкать
leibhaftig	олицетворённый, воплощённый; настоящий, реальный; вылитый, живой
Ladyschaft	миледи
Spurensicherung	обеспечение сохранности следов, фиксация следов
Triade	триада
Sägewerk	лесопилка
Gelaber	разг. пустая болтовня, трескотня, трёп
Rüpel	грубиян, хам
Pfefferspray	перцовый баллончик
Eigentumswohnung	квартира, принадлежащая лицу на правах собственности
petzen	ябедничать
bewölken	sich ~ покрываться облаками, заволакиваться
windelweich	бесхребетный, беспринципный
vollzählig	полный, в полном составе
Putsch	переворот, госпереворот, путч
Milz	селезёнка
Kaiserschnitt	кесарево сечение
bezwecken	иметь целью, ставить себе целью
schutzlos	беззащитный
Erreger	возбудитель
Cornflakes	кукурузные хлопья
Gasleitung	газопровод
Bürgerrecht	гражданское право, гражданские права
wiederauferstehen	воскресать
auftanken	заправлять (горючим)
Zulu	зулу, зулус, зулуска
Regierungsbeamter	правительственный чиновник; государственный служащий
Rummel	гам, гвалт, суматоха; шум, шумиха
Äther	эфир
überführen	перевозить; переводить; перебрасывать (напр., войска)
Leiterin	руководительница
Fusel	сивуха, палёнка
Närrin	дурочка
Abzweigung	поворот, съезд
Hunne	гунн
Typhus	мед. тиф
Renner	беговая лошадь, скаковая лошадь, рысак
Prothese	протез
ausmerzen	искоренять
allzeit	всегда
Völkermord	геноцид
einbüßen	утрачивать, терять, лишаться
Hausarzt	домашний, семейный врач
Unmöglichkeit	невозможность
verharren	оставаться, пребывать (в каком-л. состоянии); (за)коснеть
Pressefreiheit	свобода печати
unterstreichen	подчёркивать
kläglich	жалобный
denkend	мыслящий
Teufelskreis	порочный круг
achtsam	внимательный, наблюдательный, осмотрительный
Nektar	нектар
Beilage	гарнир, приложение
Schachfigur	шахматная фигура
belebt	оживленный, одушевленный
ahoi	эй, ахой
befehligen	приказывать
einschleusen	гидрол. шлюзовать
anzapfen	спец. каптировать
andocken	стыковаться, производить стыковку
Anus	анус
glücken	удаваться, удаться
Frühaufsteher	челове́к, привы́кший ра́но встава́ть
stündlich	ежечасно
Wahrsager	предсказатель
Geschäftsleitung	руководство фирмой
Beifahrersitz	сиденье пассажира
Ladenbesitzer	лавочник
austoben	порезвиться, поиграться, поноситься, побеситься
abstammen	происходить, выходить
bahnbrechend	новаторский, оригинальный, пионерский
brüderlich	братский
meisterhaft	мастерский, искусный, превосходный, законченный
Galle	желчь
Seligkeit	блаженство; высшее счастье; наслаждение
Sphinx	сфинкс
Gram	горе, скорбь
bewohnbar	жилой; обитаемый; пригодный для жилья
versengen	обжечь, опалить, подпалить
bewirten	угощать, принимать у себя (кого-л.)
hineinversetzen	sich ~ представить себя на месте (поставить себя на место) другого (человека)
beispiellos	неслыханный, невиданный, беспрецеде́нтный
abstauben	смахивать (сметать, вытирать) пыль (с чего-л., где-л.), выколачивать пыль (из чего-л.)
knipsen	щёлкать
Schall	звук
Kunststoff	пластмасса, пластик
Seifenblase	мыльный пузырь
Dumpfbacke	тупица
Hauptverdächtiger	главный подозреваемый
Abgesandte	посланница
Lebensdauer	продолжительность жизни; долговечность
Holzkohle	древесный уголь
Gräuel	ужас; отвращение, мерзость
Hagel	град
hierherbringen	привести сюда
Gecko	геккон
pummelig	пухлый
Strauch	куст, кустарник
berauscht	опьянённый, упоённый
Schürzenjäger	бабник
Delirium	делирий
Stromversorgung	электропитание; токоснабжение, электроснабжение, снабжение электроэнергией
Vorzimmer	приёмная
Tonbandgerät	магнитофо́н
richtigstellen	поправлять, исправлять, прояснять
entgleisen	сходить с рельсов
unterwürfig	покорный, смиренный, послушный
normalisieren	нормализовать
fesselnd	захватывающий
dazwischenkommen	вклиниваться, перебивать, препятствовать
Arbeitsbedingung	условия труда
Erhalt	получение
Schüchternheit	робость
Scheibenwischer	стеклоочиститель, дворник
Internetseite	интернет-страница
Tierart	вид животных
Rückmeldung	обратный контроль, обратная информация; ответ
Kastanie	каштан
bedrückend	гнетущий, тягостный
geteilt	разделённый
Anwaltskanzlei	адвокатская контора, офис адвоката
Gnom	гном
Müllwagen	мусоровоз
Pförtner	швейцар, привратник, портье; носильщик; вахтёр, консьерж, проходной, придверник, сторож
rundherum	вокруг, кругом
Herzschmerz	сердечная боль
geschwollen	опухший
Stammgast	завсегдатай (кафе и т. п.); постоянный клиент
verfrachten	перевозить, отправлять (груз)
verbarrikadieren	баррикадировать; забаррикадировать
sterilisieren	стерилизовать, кастрировать
malerisch	живописный, красивый, красочный
Diabetiker	диабетик
Beschaffenheit	состояние, свойство, качество
Unterwerfung	покорение, подчинение, порабощение
Glückszahl	счастливое число
Ketzerei	ересь
Gerichtsvollzieher	судебный исполнитель
Parkuhr	стояночные часы
Lappalie	мелочь
Hauptziel	главная (основная) цель; основная задача
Königshaus	королевский (царский) дом, королевская (царская) династия
entlohnen	вознаграждать, вознаградить, расплачиваться, оплачивать
Mohn	мак
Vergaser	карбюратор
Vertretung	представительство (деятельность)
Verbundenheit	(тесная) связь
Abendmahl	тайная вечеря
Lesung	чтение (законопроекта в парламенте и т. п.)
Jurastudium	изучение права
Rettungsaktion	спасательная акция, меры по спасению
Meineid	клятвопреступление, ложное показание под присягой, лжесвидетельство
Blackbox	чёрный ящик
aufkaufen	раскупать
Gefolgsmann	сопровождающий
zumeist	преимущественно
Brennholz	дрова́
schlichtweg	просто
Baseballspieler	бейсболист
grasen	пастись
Blinker	поворотник
Buchs	самшит
Niedergang	закат (солнца)
Roggen	рожь
Kehrseite	оборотная сторона, изнанка
Zerstreuung	рассеивание; распыление; рассыпание; разбрасывание
Gattung	род, вид, жанр
Abhandlung	сочинение, (научная) статьи; труд; трактат
schlürfen	шаркать ногами (туфлями) (при ходьбе)
Bedürftiger	нуждающийся, малоимущий (человек)
Konvoi	конвой
Valium	валиум
Hilfssheriff	помощник шерифа
Ration	рацион, паёк; дача (фуража)
anwerben	набирать, вербовать, нанимать; привлекать
Assistenzarzt	ординатор
Einigkeit	единство, согласие
Elektroauto	электромоби́ль
Draufgänger	сорвиголова
Dampfer	пароход
Ringer	борец
Wohltätigkeit	благотворительность
Zählung	счёт, подсчёт
unentdeckt	неизвестный, неоткрытый
herausschneiden	вырезать, вырезывать, вылущивать
faseln	пороситься
Weltreise	кругосветное путешествие
Beisein	присутствие
Dosenöffner	консервный нож, открывашка
Bindestrich	дефис
Kohlenstoff	углерод
ungebildet	необразованный, некультурный
verzogen	избалованный, покоробленный
flauschig	пушистый, шерстистый
Prärie	прерия
Geheiß	веление, повеление
unbrauchbar	непригодный
Kettenreaktion	цепная реакция
Festnetz	стационарный телефон
Bordkarte	поса́дочный тало́н
Boxkampf	бокс, боксёрский поединок, боксёрский бой
Promi	знаменитость
Gehaltsscheck	зарплатный чек
Vergiftung	отравление
geschmeidig	гибкий; эластичный
begrapschen	мацать, лапать
Wackelpudding	желе
Enzym	энзим, фермент
Neugeborenes	новорождённый
Anlauf	разбег
Sprechstunde	приёмное время
Einhalt	einer Sache ~ gebieten — прекратить что-л., положить конец чему-л.; приостановить что-л.; пресечь что-л.
revidieren	проверять, исправлять, поправлять, ремонтировать
ergötzen	доставлять наслаждение (кому-л.), радовать (кого-л.); веселить, развлекать, забавлять, потешать (кого-л.)
senkrecht	вертикальный, перпендикулярный
kucken	диал. смотреть, глядеть; см. gucken
undeutlich	неясный; неотчётливый, смутный
ausschreiben	выписывать; делать выписки
Liebschaft	любовная связь, роман
Neuerung	новшество, нововведение
Weihnachtslied	рождественская песня
unbestreitbar	неоспоримый, бесспорный
hauchen	дохнуть
hineinkommen	входить
bangen	тревожиться, беспокоиться, бояться
hingebungsvoll	беззаветный, беззаветно преданный
Gehaltsliste	платёжная ведомость на выдачу заработной платы
Gastgeberin	хозяйка
Loge	ложа
Tang	водоросли
gefühlvoll	чувствительный; прочувствованный; сердечный
blutrünstig	кровожадный
lahmlegen	перен. парализовать, останавливать
nachstellen	регулировать, (дополнительно) устанавливать (настраивать), подстраивать
zeitgenössisch	современный
schneebedeckt	заснеженный
Rückgang	уменьшение, сокращение
Kriegsende	окончание войны
Gefängnisstrafe	тюремное заключение
Umkleidekabine	примерочная
abhanden	потеряно (употребляется только в единственном словосочетании: abhanden kommen
Chlor	хлор
Fünfziger	пятидесятые, пятидесятилетний
Ladendiebstahl	магазинная кража
jammerschade	очень (ужасно) жаль
untermauern	укреплять, подтверждать, доказывать
Überlieferung	передача; вручение
offenlegen	раскрывать; выдавать (на ознакомление, проверку); сообщать
unerschütterlich	непоколебимый, незыблемый; стойкий, невозмутимый (о спокойствии)
verkneifen	удерживаться (от чего-л.); скрывать, подавлять (напр., боль)
Nationalgarde	национальная гвардия
Grundgütiger	боже правый
verkorksen	(ис)портить
Pegasus	Пегас
Stabschef	воен. начальник штаба
Drehung	вращение
Sprengkopf	боеголовка
verschlüsselt	закодированный
Bratwurst	жаренная
Hufeisen	подкова
ungenau	неточный
Bundesregierung	федеральное правительство
Dunst	дымка
spürbar	ощутимый, заметный
Beschleunigung	ускорение
Privatsache	личное дело
Lieblingsblume	любимый цветок
Milchmann	молочник
Schenke	трактир, бар
nisten	гнездиться; вить гнёзда
geschmackvoll	со вкусом
Relativitätstheorie	теория относительности
verschönern	приукрашивать; лакировать (действительность)
Entdecker	исследователь
vermessen	самонадеянный, излишне самоуверенный
Höchstgeschwindigkeit	предельная (максимальная) скорость
Glasscherbe	осколок стекла
gackern	кудахтать, клохтать
wiederaufbauen	восстанавливать
vergnüglich	развлекательный
Gesamtheit	совокупность; полнота; целостность
Backofen	печь
Landleben	сельская жизнь
Entlein	утёнок
Weinflasche	винная бутылка
unbedacht	необдуманный, опрометчивый
Anfängerin	женск. к Anfänger; начинающая; новичок; дебютантка
Arzneimittel	лекарство
Synonym	синоним
sträuben	топорщить; ерошить; поднимать
hageln	идёт град
verschärfen	обострять, усиливать
beschenken	одаривать
Weisheitszahn	зуб мудрости
Grübchen	ямочка, ямка
Schwinge	маховое перо (у птиц); крылья (тж. перен.)
Gerichtsverhandlung	судебное разбирательство, судебный процесс
Herrenhaus	помещичий дом, помещичья усадьба; господский дом
Säuberung	чистка, мытьё; уборка
Süßkartoffel	батат
Klinke	ручка двери
vorsichtshalber	ради осторожности, для предосторожности, для перестраховки
Massenvernichtungswaffe	оружие массового поражения
Mette	месса
sesshaft	оседлый, сидя́чий
schüren	раздувать огонь, разжигать
zudrehen	завёртывать (кран); прикручивать (винт)
angewandt	прикладной
strapazieren	(пере)утомлять, чрезмерно напрягать (нагружать); не щадить; подвергать нагрузкам (неприятностям)
Kotze	блевотина, тошнотина
Kur	лечение
Ferienlager	детский лагерь (для отдыха детей)
Beruhigung	успокоение; усмирение; умиротворение
Glatzkopf	лысый
Armdrücken	армрестлинг
Bandage	повязка, бандаж (медицинский)
Scheckbuch	чековая книжка
Flaschengeist	дух в бутылке, джинн в бутылке
heraufbeschwören	вызывать, выкликать
vergönnen	позволять, разрешать
Patrone	патрон
Pflegeeltern	приёмные родители
anreisen	приезжать, прибывать
Erstausgabe	первое издание
Geschäftsführerin	директриса
Umbau	перестройка
verwirken	лишаться
Trunkenbold	пьяница
spreizen	(широко) расставлять, растопыривать
gesetzestreu	законопослушный
humanitär	гуманитарный
einschleimen	разг., уничиж. sich ~ заискивать, подлизываться, льстить
Mandat	мандат, поручение, полномочия
Aufmachung	оформление, внешний вид
Spuk	привидение, призрак; нечистая сила
Demenz	деменция, слабоумие
Zwickmühle	комбинация игры в мюле
Bescherung	раэдача подарков на рождество
einschnappen	защёлкиваться; защёлкнуть, захватить; заскакивать
überladen	морск. перегружать (груз, товары)
Frauenzimmer	разг. баба, девка
Gepäckträger	носильщик
Notlage	бедственное положение, затруднительное положение
dürftig	скудный, бедный
ungeschützt	незащищённый
Väterchen	батюшка
unvorhersehbar	непредсказуемый
umwerben	ухаживать
Brigg	бриг
verkuppeln	сватать
vorwarnen	предостерегать, предупреждать
primär	спец. примарный
regnerisch	дождливый, дождлив
Schubkarre	тачка
alphabetisch	алфавитный
schwül	душный
Enzyklopädie	энциклопедия
Bolzen	техн., мех. болт
Missgeburt	урод
zugucken	смотреть, следить
beknackt	ограниченый, глупый
einfordern	(за)требовать, взыскивать (деньги)
deponieren	депонировать
Haferflocke	снежинка зерна
Vogelhaus	птичник
verkennen	недооценивать
Augenlid	веко
Ferienhaus	загородный дом, летний домик, дача
fürwahr	право, поистине, воистину, в самом деле, действительно
Unzulänglichkeit	недостаточность
schäumen	пениться, гневаться
Reiseplan	план (маршрут) поездки
anschwellen	набухать, вздуваться; пучиться; вздыматься
Geleit	сопровождение
nachsitzen	оставаться после уроков в школе (в наказание)
Rasur	подчистка; подчищенное место (в письме и т. п.)
Mütterchen	матушка
Hexenjagd	охота на ведьм
Südseite	южная сторона
Dialyse	диализ
Kreuzigung	распятие, пригвождение к кресту
Dschinn	джинн
extrahieren	извлекать, делать выписки
Sozialversicherungsnummer	номер социального страхования
Spule	катушка, бобина
Antikörper	антитело
Rennpferd	скаковая лошадь
Lavendel	лаванда
bestärken	поощрять, поддерживать, усиливаться, укреплять
rebellisch	мятежный, бунтарский, повстанческий
herunterfallen	падать
ziellos	бесцельный / бесцельная / бесцельное
Brechstange	лом
rosten	ржаветь, покрываться ржавчиной
Blümchen	цветочек
Meisterstück	пробная работа на звание мастера
Kies	гравий
Fischerboot	рыбачья лодка (барка)
Fernbeziehung	отношения на расстоянии
listig	хитрый, коварный
nächstgelegen	ближайший
genieren	стесняться
Hinblick	употр. в сочетаниях: im Hinblick auf etw. — ввиду чего-л., принимая во внимание что-л., в расчёте на что-л.; im Hinblick darauf, dass... — учитывая, что...
Erscheinungsbild	образ, облик
zerrissen	разорванный
Blumentopf	цветочный горшок
verkomplizieren	усложнять
duftend	ароматный, душистый
absehbar	предвидимый
Belehrung	поучение, наставление, совет, нравоучение
notorisch	очевидный, явный, общеизвестный; общепризнанный; заведомый
souverän	суверен
gelungen	удачный, удавшийся
übergewichtig	с избыточным весом
flussabwärts	вниз по течению
verjähren	прекращаться по давности
Abschleppwagen	буксир, буксирный автомобиль, автомобиль-тягач
Umkleideraum	раздевалка
Ankunftszeit	время прибытие
Brecheisen	лом
Sellerie	сельдерей
Widder	баран, овен, таран
strukturell	структурный
Ministerin	министр (женщина)
Geisteskrankheit	психическое заболевание, душевная болезнь
Grundrecht	основное право
glatzköpfig	лысый
Haftung	юр. материальная ответственность; порука, гарантия
Totengräber	могильщик, жук-могильщик
Nenner	знаменатель
unbeschadet	без ущерба для
Warenhaus	универмаг, универсальный магазин
Wichtigtuer	тщеславный (надменный) человек; человек, напускающий на себя важный вид; воображала (разг.)
Adressbuch	адресная книга
Fleischbällchen	фрикаделька
nachzählen	пересчитывать
Fehde	вражда; междоусобица, распря
Fratze	гримаса
belangen	касаться (кого-л., чего-л.), иметь отношение (к кому-л., к чему-л.)
Echse	ящерица
Übergewicht	избыточный вес
Zubereitung	приготовление
Trägheit	инерция
LKW-Fahrer	водитель грузовика
Frachtraum	пакгауз
raven	тусоваться, рейв
Infanterie	пехота
Gig	морск. гичка, вельбот
Gag	эффектный трюк (на эстраде, в фильме); импровизация
überrennen	затоптать (напр., в давке)
Bombenanschlag	покушение (с применением бомб) (auf A, gegen A на кого-л.)
Laib	коврига, каравай (хлеба); круг (сыра)
geraum	некоторый, изрядный
Augenarzt	глазной врач, окулист, офтальмолог
gehörig	принадлежащий (кому-л.)
Neige	устар. осадок на дне винной бутылки
Rohstoff	сырьё
ziemen	подобать, приличествовать; надлежать
Irrenanstalt	психиатрическая больница; психушка; дурдом
Kopierer	копировщик
Einmischung	вмешательство
Nervenkitzel	щекотание нервов, острые ощущения
Unterleib	живот
Pflock	кол, столб
Feuerball	огненный шар, сферическая светящаяся область (ядерного взрыва)
Marsmensch	марсианин
besprühen	обрызгивать; моросить (на что-л.)
abfüllen	наполнять
rachsüchtig	мстительный
fackeln	мигать (о свече); мерцать; пылать
baldig	скорый (по времени)
Gedränge	толкотня, давка, теснота
hereinfallen	свалиться (внутрь чего-л.)
Lieblingsbeschäftigung	любимое занятие
Lebensqualität	качество жизни
Wahlrecht	избирательное право (право избирать и быть избранным)
augenscheinlich	очевидный, видимый
fünfjährig	пятилетний
überschütten	пересыпать; переливать
Untertreibung	преуменьшение
Tribüne	трибуна
Selbstzerstörung	самоуничтожение
Verlies	темница, подземелье
patrouillieren	патрулировать
auspeitschen	отстегать плетью; высечь, выпороть
Wachturm	сторожевая башня
Unzucht	разврат, распутство, блуд
Überwachungsvideo	видео с камеры наблюдения
Vertraute	бли́зкая подру́га, бли́зкая знако́мая, дове́ренная, сподви́жница
abwickeln	выполнять, выполнять заказ
einfliegen	влетать
Testperson	подопытный
unheilvoll	гибельный, пагубный, роковой
Harz	смола, живица, Гарц, Харц
volllaufen	заполняться (жидкостью или сыпучим материалом)
einhüllen	закутывать, укутывать; окутывать; завёртывать, обернуть (во что-л.)
starrköpfig	упрямый, настойчивый; твердолобый
Lebensmittelladen	продуктовый магазин, гастроном
reiflich	зрелый, обдуманный, основательный
Schließung	закрытие (завода и т. п.)
stinklangweilig	фам. ужасно скучный
entschwinden	высок. исчезать, пропадать
Gutenachtkuss	поцелуй на ночь
scheinheilig	лицемерный
dünken	казаться
Sehkraft	зрение
Allgemeinheit	всеобщность, универсальность
Heißluftballon	воздушный шар
mitsingen	петь вместе с кем-л.; подпевать кому-л.
Weltherrschaft	мировое господство
Weltanschauung	мировоззрение
festlich	праздничный; торжественный
siebenmal	семь раз
Föhn	фён, фен
Raumanzug	скафандр
kunstvoll	артистичный; артистический
Körbchen	корзиночка
Brühe	бульон
bekiffen	накуриваться марихуаной
Verkörperung	воплощение, олицетворение
Bordstein	бордюр
Frachtschiff	грузовое судно
Bogenschießen	стрельба из лука
Unregelmäßigkeit	неправильность, нерегулярность; беспорядочность
verbeißen	сдерживать, подавлять (что-л.); удерживаться (от чего-л.)
betrauen	вверять
Piepton	звуковой сигнал
Herzproblem	проблема с сердцем
Milchkaffee	кофе на молоке; кофе с молоком
Reflexion	отражение, рефлексия
Fahrstunde	урок вождения
zuwinken	кивать (кому-л.); махать (кому-л.); (знаком) подзывать (кого-л.)
vergraulen	разг. запугивать
umkrempeln	заворачивать, отгибать (поля шляпы); засучивать (рукава); выворачивать наизнанку
gefährdet	угрожаемый (по какому-л. заболеванию), подверженный (какому-л. заболеванию)
verfrüht	преждевременный
behaart	волосатый
herkömmlich	обычный, традиционный
friedvoll	мирный, безмятежный
Holzweg	лесовозная дорога
verschränken	скрестить; положить крест-накрест
neblig	туманный
entlaufen	убегать (от кого-л., от чего-л.)
durcheinanderbringen	спутать, сбить с толку
bezaubern	заколдовать, околдовать
Umsetzung	перемещение; пересадка; перестановка
konsequent	последовательный
Feuerwehrleute	пожарные
Teekanne	чайник
Sexualleben	половая жизнь
Stöckchen	палочка
Wiederbelebung	оживление
Wehr	Вер
ordnungsgemäß	правильный; надлежащий
kursieren	распространяться, курсировать, ходить (о слухах)
ergo	итак, поэтому, следовательно
Beschuldigte	обвиняемый, обвиняемая
machtvoll	мощный
zusammenfallen	обрушиваться, обваливаться, рушиться (тж. перен.)
Gerichtsmedizin	судебная медицина
Mandantin	клиентка, доверительница
Transplantation	мед. пересадка, трансплантация)
Begnadigung	помилование
Geysir	гейзер
Kidnapper	похититель
Oberin	настоятельница
Rune	руны
kollabieren	мед. ослабевать, лишаться сил
liken	лайкать
wegpusten	сдувать
Brownie	брауни
Gasthof	(большая) гостиница (в сельской местности); постоялый двор
Quacksalber	шарлатан
Schlingel	озорник, сорванец
Meeresboden	морское дно, дно моря
Rückwärtsgang	задний ход; обратная перемотка (ленты магнитофона)
Geisteszustand	душевное состояние
Druckerei	типография
Verweis	замечание, выговор (тж. как мера дисциплинарного взыскания)
Zwangsjacke	смирительная рубашка
Frühlingsrolle	спринг-ролл, блинчик с начинкой
Annehmlichkeit	приемлемость
Fluchtversuch	попытка побега (к бегству)
herfallen	нападать, набрасываться, накидываться; обрушиваться (на кого-л., на что-л.)
Hau	удар
niederschreiben	записывать; написать; изложить (на бумаге); запротоколировать
Hausherr	хозяин (дома); глава семьи
nichtsnutzig	негодный; никчёмный (о человеке)
sechsmal	шесть раз
Beliebtheit	популярность, расположение
Ungehorsam	непослушный, непокорный
Scharfsinn	проницательность; сообразительность
Nabel	пупок
Raumfahrer	космонавт, астронавт
taktvoll	тактичный
Ausrichtung	выравнивание; выпрямление; рихтовка, выправление; выверка; юстировка, подгонка; установка (в определённом направлении)
Geldsack	денежный мешок, богач
vorzeigen	предъявлять
Übernachtung	ночёвка
Höhlenmensch	пещерный человек
zurückweichen	подаваться назад; отступать, отходить; уступать (кому-л., чему-л.)
einkehren	заезжать, заходить (в ресторан, гостиницу; к кому-л.); останавливаться (у кого-л., где-л.)
Weihnachtstag	Рождество, рождественский день
Psychoanalyse	психоанализ
Konsument	потребитель
Leberwurst	ливерная колбаса
Marienkäfer	божья коровка
gastfreundlich	гостеприимный
wiehern	ржать
wunderlich	странный, причудливый, диковинный
Weltmeisterschaft	чемпионат мира
Flussbett	русло реки
Innenminister	министр внутренних дел
Unterredung	переговоры, разговор, беседа
Petze	ябеда
Lutscher	гастрон. леденец
Etat	бюджет
Registrierung	регистрация; запись, фиксация
Goldbarren	слиток золота
Chefredakteur	главный редактор
Karnickel	диал. кролик
Gicht	подагра
unwiderruflich	безотзывный, необратимый, неотменимый
Lieblingsplatz	любимое место
Zeitlupe	скоростная (высокочастотная) кинокамера, цейтлупа, лупа времени
Zuständigkeitsbereich	компетенция
auffallend	бросающийся в глаза, выделяющийся, необычный
Ranke	усик (ползучего растения)
temperamentvoll	темпераментный
Grafik	график
Speichel	слюна
enterben	лишать наследства
Delegierte	делегат, делегатка
wimmern	жалобно плакать, хныкать
verbessert	улучшенный
weiterreichen	передавать (дальше)
Pfadfinderin	скаутка
Zenit	зенит
mütterlich	материнский, заботливый
schrauben	винтить
Afroamerikaner	Афроамериканец
erfrischen	освежать, подкреплять; оживлять
notwendigerweise	по необходимости, в силу необходимости; неизбежно
Erderwärmung	глобальное потепление
unmissverständlich	(совершенно) ясный, однозначный (по значению, содержанию, смыслу), недвусмысленный, не допускающий возражений, (совершенно) отчётливый
Geschirrspüler	посудомоечная машина
Verkaufszahl	число продаж
Eingangshalle	вестибюль
Wespennest	осиное гнездо
kitzlig	боящийся щекотки
Zyniker	циник
Erntedankfest	Обжинки
Telefonrechnung	счёт за телефон
Friedensvertrag	мирный договор
Robbe	тюлень
Sinfonie	симфония
Erdoberfläche	земная поверхность
reell	реальный, действительный
Klingonisch	клингонский
Abreibung	стирание, вытирание
Spucke	слюна
Schlüpfer	трико (дамское)
Teilhaber	участник, пайщик (напр., акционерного общества)
Kontaktperson	контактное лицо
Spritzer	брызнувшая струя, капля; брызги
Kriegsrecht	вое́нное положе́ние
Verdammnis	кара, наказание
verstört	смущённый, растерянный
Dossier	досье
Lok	локомотив
Sprengung	подрыв; взрыв; разрушение
hereinspazieren	фам. входить
durchlöchern	продырявить; изрешетить
gerichtlich	судебный
kontrolliert	контролируемый, проверенный
Oberarzt	старший врач; заведующий отделением (в больнице)
Sonderbehandlung	особая обработка, специальная обработка
Erstsemester	первокурсник
Kronjuwel	жемчужина короны
wegschließen	(убрать и) запереть
übereifrig	чересчур усердный (рьяный)
gebührend	надлежащий, должный, достойный
eingraben	закапывать, зарывать; вкапывать
überspielen	переиграть, заиграть, затрепать (напр., мелодию)
abklären	выяснять, выяснить
Papiertüte	бумажный пакет
Kriegsbeil	томагавк (тж. как символ войны у американских индейцев)
Zeitspanne	промежуток времени, период, срок
Jackentasche	карман куртки
engstirnig	узколобый
unverkäuflich	непродажный
Festtag	праздник, праздничный день, праздники
Nachspeise	десерт
wässern	мочить; замачивать; вымачивать; промывать
Außenposten	внешний пост, аванпост
Morddezernat	отдел убийств
Luftangriff	воздушное нападение
Sprengsatz	разрывной заряд (бомбы, снаряда)
zudröhnen	обдолбаться
Hausbesuch	посещение на дому (врачом больных, учителем учащихся)
reinwaschen	отмыть, обелить
aussaugen	высасывать
einlochen	техн. загонять в паз (в гнездо)
Anklagepunkt	пункт обвинения
runterladen	скачать, загрузить
Rolltreppe	эскалатор
dazugeben	добавлять, додавать
Fernsehprogramm	программа телевизионных передач
Sensibilität	чувствительность
Berücksichtigung	принятие во внимание (в соображение), учёт
bekriegen	воевать, сражаться
Enkelsohn	внук
Hausboot	плавучий дом
schlechthin	как таковой; типичный; в чистом виде; лишь, попросту
Widrigkeit	неприятность, неудобство
griesgrämig	ворчливый, угрюмый
Fittich	крыло, крылышко
Laboratorium	лаборатория
Gottesanbeterin	богомол
Folie	фольга, слайд
Kap	мыс
Meilenstein	веха
Fliese	каменная плита (естественная)
turnen	спортивная гимнастика, физкультура
verwegen	отважный, смелый, удалой
bärtig	бородатый
siedeln	селиться, заселять, колонизировать
Radiergummi	рези́нка, ластик
Gebrauchsanweisung	руководство по эксплуатации
Meerschweinchen	морская свинка
lebenswert	пригодный для жизни; стоящий того, чтобы жить
Konfitüre	варенье, конфитюр, джем
Karikatur	карикатура
Steigerung	увеличение, сравнение
Erschaffung	создание
zuvorkommend	любезный, предупредительный
Mündung	устье, дуло
Studentenwohnheim	студенческое общежитие
niederstechen	заколоть, зарезать (человека)
fade	безвкусный, пресный, блёклый, однообразный
dortig	тамошний, местный
Urgroßmutter	прабабушка
Familienangehörige	члены семьи, родственники
Überbleibsel	остаток, сохранившаяся часть; объедки, остатки (еды)
Basilikum	базилик
Aprikose	абрикос
Meeresspiegel	уровень моря
Wahrzeichen	памятник архитектуры
Musikinstrument	музыкальный инструмент
Widerwort	возражение
Bügeleisen	утюг
stehn	стоять
Nagetier	зоол. грызун
Gegenstück	противоположность, контраст
Bestattung	похороны
Feger	метла
Abstinenz	воздержание, умеренность; абстиненция
Marsianer	марсианин
Verfolgungswahn	мания преследования
verletzend	обидный, ранящий
Hungerstreik	голодовка
Chirurgin	хирург (женщина)
Krawall	беспорядки, волнения, бунт, шум
zuhalten	держать закрытым; зажимать, затыкать
herumrennen	мчаться (вокруг чего-л.)
Peperoni	перец чили, пеперони
Klausel	юр. оговорка, ограничительное условие, пункт, статья (договора, сделки)
hinauslaufen	выбегать, выбежать
abschwören	отрекаться, отказываться (от кого-л., от чего-л.)
republikanisch	республиканский
Footballteam	футбольная команда
Margarine	маргарин
Leitungswasser	водопроводная вода
Analphabet	неграмотный
Doppelzimmer	двухместный номер
Spielerin	игрок, исполнительница, музыкантша
Korkenzieher	штопор, пробочник
menschenleer	безлюдный
Kleingedrucktes	мелкий шрифт
Fön	фен
Lerche	жаворонок
Wettrennen	бега, скачки
aufschmeißen	с силой открывать (дверь, окно)
Spazierfahrt	катание; поездка, прогулка (в экипаже)
Dingsda	разг. обозначает местность или предмет, название которых неизвестно или забыто
Gewölbe	свод
Klebstoff	клей
Schönheitssalon	салон красоты
Frauenheld	любимец женщин, ловелас, сердцеед (обыкн. о молодом мужчине)
Muttersöhnchen	маменькин сынок
Gebrüll	рёв, рычание, рык; мычание
versteinern	каменеть, окаменеть
Heimatplanet	родная планета
Heimlichkeit	таинственность, скрытность
sezieren	вскрывать, вскрыть
Ahornsirup	кленовый сироп
alleinlassen	оставить одного
Schlumpfine	Смурфетта
Rebhuhn	серая куропатка, куропатка
manipulativ	манипулятивный
gehoben	высокий, верхний, приподнятый, торжественный
wegschauen	отводить взгляд
schnippen	щёлкать пальцами
Gefangennahme	взятие в плен, пленение; арест, задержание
Landei	деревенщина
Stromschlag	электрический удар
Krankenakte	медицинская карта
Transvestit	трансвестит
auflesen	подбирать, собирать
Sprengladung	заряд взрывчатки
zweifach	двойной; двукратный
Gutachter	эксперт; арбитр; консультант; рецензент
Däumchen	пальчики
Ausdehnung	расширение
Bluthochdruck	повышенное кровяное давление
Faulenzer	лентяй, лодырь
Abführmittel	слабительное
Leitartikel	передовая статья, передовица (в газете, журнале)
Nacktheit	нагота
taubstumm	глухонемой
schweißen	сваривать
umschalten	переключать; переводить
Gemein	общий, простой, вульгарный, подлый
besingen	воспевать, прославлять
Hydrant	гидрант, водоразборный кран
Stuss	глупости
Albernheit	глупость
zurechtfinden	ориентироваться; разбираться (в чём-л.)
Schuljunge	школьник
väterlich	отцовский
kultiviert	культурный, утончённый
herauskriegen	разг. вытащить с трудом
Piranha	пиранья
Tanzstunde	урок танцев
dreiviertel	три четверти
ebnen	выравнивать, разравнивать, сглаживать; планировать (участок)
Barsch	окунь
Wutausbruch	припадок бешенства
trampeln	топать (стучать) (ногами)
quälend	мучительный; томительный, удручающий
Zukunftsplan	план на будущее
dienlich	полезный, годный
Einzug	вступление (напр., в город)
Präsidentschaft	председательство; президентство
spärlich	скудный
Rebe	виноград
Schlittschuhlaufen	катание на коньках
verrosten	ржаветь
Rindvieh	крупный рогатый скот
beweinen	оплакивать
Drogenabhängige	наркозависимая
Abwasser	сточные воды
zwischenmenschlich	межличностный
vorsetzen	ставить впереди (напр., ширму)
Fruchtblase	плодный пузырь
Kribbeln	кишеть
Aufmunterung	ободрение, подбадривание
Kreuzverhör	перекрёстный допрос
Babysitterin	няня
Preisverleihung	(торжественное) вручение премии
Rechtssystem	правовая система
erstbeste	первый попавшийся
vereidigen	приводить к присяге
Jobangebot	предложение работы
beatmen	мед. вдувать, впускать (воздух), вводить (в дыхательные пути, в лёгкие), поддерживать дыхание искусственным путём; делать искусственное дыхание (кому-л.)
Kelvin	кельвин
flennen	разг. хныкать, плакать, реветь
demolieren	разрушать; портить
gefürchtet	страшный, грозный
Abenddämmerung	сумерки
Ausbeutung	эксплуатация
heilbar	излечимый, исцелимый
Katholikin	католичка
verantwortungsvoll	ответственный
Anbruch	надлом, излом; место излома; неполный перелом
Schmeichler	льстец
Schönheitswettbewerb	конкурс красоты
Arbeiterin	рабочая
störend	мешающий, раздражающий
Schiffbruch	кораблекрушение
argwöhnisch	подозрительный, недоверчивый
euretwegen	ради вас
Fußtritt	пинок
seinesgleichen	ему подобные
frühestens	не ранее
Doppelleben	двойная жизнь
ausbaden	разг. etw. ausbaden müssen — расплачиваться за что-л.; расхлёбывать что-л.
Kronleuchter	лю́стра
Kittchen	кутузка, каталажка
Bauchmuskel	брюшная мышца
Pulverfass	бочка с порохом
Rechtschaffenheit	честность, прямота, правдивость, порядочность
Sozialhilfe	социальное пособие
Klette	лопух, репей
Wegbeschreibung	описание маршрута
jaulen	взвизгивать, выть
ehemals	раньше, прежде, некогда, когда-то, в прежние времена
Bauplan	строительный план, стройплан
Hausnummer	номер дома
Gremium	орган; объединение; корпорация; комиссия, комитет; коллегия
theatralisch	театра́льный
Kleinkram	мелочь, мелочи (незначительные вещи или дела)
Bube	мальчик, пацан, мальчишка, мальчуган
tyrannisieren	тиранить
Aristokrat	аристократ
verwarnen	предостерегать, делать предупреждение, поставить на вид
Knochenbruch	мед. перелом кости
soundso	такой-то
nervtötend	изнурительный, мучительный
Gros	основная масса
Osiris	Осирис
Sternzeichen	знак зодиака
getrost	спокойно, смело
rings	вокруг, кругом
Heiterkeit	весёлость
Berggipfel	вершина горы
Hochwasser	наводнение
abgeneigt	не расположенный, против
Lokführer	машинист
Radioaktivität	радиоактивность
Sockel	цоколь
Rundfunk	радиовещание, радио
Biografie	биография
abwechseln	чередоваться
Schulausflug	школьная экскурсия
Cowboyhut	ковбойская шляпа
keusch	целомудренный, девственный
deportieren	депортировать, высылать
zuschieben	пододвигать, придвигать (что-л. к кому-л.); подкладывать (что-л. кому-л.)
voranbringen	двигать вперёд, способствовать продвижению, способствовать, поддерживать
lohnend	стоящий, выгодный
Gesetzeshüter	блюститель закона, страж порядка
Lacher	хохотун; насмешник; зубоскал; смешливый человек
Luftschleuse	шлюз
ritzen	(по)царапать, нацарапать; вырезать, надрезать, насекать
Lilith	Лилит
runterlassen	спустить, опустить
Codename	кодовое имя
geschrieben	написанный
Einfachheit	простота
hellblau	светло-голубой
Obstgarten	плодовый (фруктовый) сад
unverschlossen	незапертый
Verbraucher	потребитель
Goldgräber	золотоискатель
Illustrierte	иллюстрированный журнал
ernstzunehmend	серьёзный, заслуживающий внимания
syrisch	сирийский
Flugbegleiterin	бортпроводни́ца, стюарде́сса
Wiederkehr	возвращение
bemessen	измерять, вымерять; определять размеры; соразмерять (с чем-л.)
Abschaffung	отмена
umhüllen	окутывать; обёртывать, повязывать (что-л. вокруг чего-л.)
Hässlichkeit	некрасивость, безобразие, уродство
Wohnhaus	жилой дом
indessen	в то время как
Nymphe	нимфа
Koala	коала
Vorgeschmack	предвкушение, предчувствие
Pimmel	вульг. хуй, член, конец
Mätresse	фаворитка
Bundespolizei	федеральная полиция
kontaminieren	заражать, инфицировать, контаминировать
Privatjet	частный реактивный самолёт; частный джет
Magistrat	магистрат, муниципальный совет (исполнительный орган крупных (городских) общин)
hochhalten	высоко держать; держать на высоком уровне
Puma	пума, кугуар
schmerzvoll	мучительный
auswerten	использовать
abkürzen	сокращать, уменьшать, укорачивать
hinwerfen	бросать, набрасывать (туда)
Nahaufnahme	крупный план
verhökern	продавать с лотка, продавать в розницу
vorbeiziehen	проходить мимо, протягиваться (о процессии, облаках)
exquisit	избранный, отличный, отменный, превосходный, редкий
wuff	гав
Gehäuse	техн. корпус; кожух; коробка; камера; футляр; кузов
raushängen	высунуть, свисать
Luftröhre	трахея
Wasserversorgung	водоснабжение
Verbleib	местонахождение
Wartung	уход, присмотр (G за кем-л.)
unverwundbar	неуязвимый
Autokino	автокинотеа́тр, драйв-и́н
Praktik	практика, опыт
Befruchtung	оплодотворение, амфимиксис
Drogerie	дрогерия, магазин косметики и парфюмерии, магазин товаров для дома
Inszenierung	инсценировка; постановка
Nachruf	некролог
Nötigung	принуждение; вымогательство; давление
Schatulle	шкатулка
Stickerei	вышивка, шитьё; вышивание
Fazit	(общая) сумма, итог
Vitrine	витри́на
Schramme	шрам
neurotisch	мед. невротический
Einlage	вклад (денежные средства, которые организации или отдельные лица хранят в финансовом учреждении)
atomar	физ., хим. атомарный
feststehen	быть установленным
ungehobelt	необструганный, необтёсанный, неотёсанный
Hampelmann	марионетка
qualifiziert	квалифицированный
seelenlos	бездушный, чёрствый
Ungetüm	чудовище, страшилище
Beendigung	завершение, окончание, прекращение
Kauderwelsch	непонятная (засорённая иностранными словами) речь, тарабарщина
Patentante	крёстная мать
Misere	беда, горе
besitzergreifend	собственнический, ревнивый
Kochtopf	кастрюля, котелок
Larve	личинка
Blumenkohl	цветная капуста
Reiseziel	пункт назначения
flussaufwärts	вверх по реке
dazugehörig	принадлежащий к чему-л.
Bagatelle	мелочь, пустяк, багатель
Geistergeschichte	история с приведениями
Kennwort	пароль; пропуск
picken	клевать, приклеиваться
empfindsam	чувствительный, сентиментальный
südöstlich	юго-восточный
Medizinstudent	студент-медик
ausblasen	задувать, выдувать
unverhofft	неожиданный, непредвиденный
namentlich	именной, поимённый
übermannen	одолевать; побеждать
U-Bahn-Station	станция метро, станция метрополитена
Besenstiel	палка от метлы
Granit	гранит
Stöckelschuh	туфля на каблуке
Brustkrebs	рак груди
Rettungskraft	спасатель
verwerflich	негодный; неприемлемый; порочный
vervollständigen	пополнять, дополнять
berufstätig	работающий
schützend	защищающий, защитный
schweifen	бродить, слоняться, гнуть
nörgeln	брюзжать, ворчать, придираться
Vorzeichen	предзнаменование
ermuntern	ободрять; побуждать (к чему-л.), вдохновлять (на что-л.); поощрять (к чему-л., на что-л.); развеселить; внушать бодрость, придавать бодрости (кому-л.)
verlorengehen	пропадать, исчезать, теряться
Schnüffler	шпик
Schweigepflicht	юр. запрещение разглашения (представителями определённых профессий) доверенных чужих секретов
zickig	капризный, упрямый
Syndikat	синдикат
Blutsauger	вампир, кровосос, кровопийца
Signorina	синьорина
Durchlaucht	ваша (их) светлость (титулование князя, княгини)
Kirschblüte	цветение вишни
Nachbildung	подражание; копирование; подделка; подделывание; изготовление по образцу; моделирование
Pelle	кожура
Tatwaffe	орудие преступления
Anbeginn	начало
Freispruch	оправдательный приговор
Verlegung	перевод (в другое место); перемещение; передислокация; перебазирование; переключение телефонного аппарата абонента
nebenher	рядом, сбоку; параллельно
Besichtigung	осмотр
Wiedereintritt	возвращение (вход) в плотные слои атмосферы; вход в атмосферу (после космического полёта)
Zigeunerin	цыганка
Einzelteil	отдельная часть; деталь
Schamhaar	лобковые волосы
Spielerei	игра, баловство, забава, шутка
zersplittern	разбиваться, раздробить, раскалывать
Handfeuerwaffe	пистолет
heilend	целебный, целительный
gaffen	глазеть, глядеть, разинув рот; зевать, ротозейничать
Luchs	рысь
Zeitungsartikel	газетная статья
Schwermut	меланхолия, уныние, тяжесть
Liebenswürdigkeit	любезность
raufen	выдёргивать, рвать; щипать
seitlich	боковой
Starthilfe	помощь на старте, прикуривание
Prozentsatz	процент
streitig	спорный
Heißhunger	страстное желание употребить определённую еду
Hebräer	еврей; иудей
Ehrerbietung	почтительность; почтение
Flaute	безветрие, затишье
Klingelton	мелодия звонка, рингтон
Geschäftsfrau	бизнес-леди, бизнес-вумен
vorverlegen	переносить на более ранний срок (напр., собрание)
Auftragsmörder	наёмный убийца
Entbehrung	нужда, лишение
laben	благоденствовать
Bistro	бистро
bestialisch	зверский, скотский, животный
Gewaltverbrechen	насильственное преступление
paddeln	грести, работать гребком
zuschicken	присылать, доставлять на дом (что-л. кому-л.)
Möbelstück	мебель
Gravitation	гравитация, тяготение
Blütenblatt	ботан. лепесток
schroff	крутой, обрывистый, отвесный; утёсистый
Gaumen	нёбо
Wirtschaftskrise	экономический кризис
Familienleben	семейная жизнь
Schnellzug	скорый поезд
Luftzug	сквозняк
Obergeschoss	верхний этаж (начиная со второго)
Vorbote	предвестник
geschaffen	созданный
Sonnenschirm	зонтик
anwachsen	прирастать (к чему-л.); пускать корни (в чём-л.; тж. перен.)
anhäufen	накапливать; нагромождать; валить в кучу
unverkennbar	очевидный, несомненный
Piep	писк, гудок
schnuppe	безразлично, всё равно
Abschiedsparty	прощальная вечеринка
hellsehen	быть ясновидцем, обладать даром ясновидения
Mähne	грива
Balsam	масть
zerknittern	мять, смять
Wirtshaus	гостиница, трактир, ресторан
ächzen	охать, кряхтеть
Nachweis	доказательство
Tischtuch	скатерть
Wasserpistole	водяной пистолет (игрушка)
Delikatesse	деликатес
bekunden	сообщать (что-л.), высказываться (по поводу чего-л.), выражать (что-л. словами); давать показания (на суде)
Trommelfell	анат. барабанная перепонка
legalisieren	легализовать, признать, узаконить
salben	натирать (смазывать) мазью, мазать
uneingeschränkt	неограниченный
feilen	пилить, опиливать
Samba	самба
siebzig	семьдесят
Heiligenschein	нимб
Familientradition	семейная традиция
Geländewagen	внедорожник
Drahtzieher	волочильщик (рабочий)
Zeitgefühl	чувство времени
Kolben	поршень, приклад, колба
Scheideweg	распутье, перекрёсток
Eiskrem	мороженое
habgierig	жадный, корыстолюбивый, алчный
Waffenhandel	торговля оружием
widerstandsfähig	выносливый, стойкий
Bekanntmachung	объявление, оповещение; опубликование, публикация
nachempfinden	сочувствовать (в чём-л. кому-л.); воспринимать (чьи-л.) чувства, как свои собственные; переживать (чьи-л. ощущения)
aufwischen	подтирать, вытирать; стирать (пыль)
entleeren	опоражнивать, опорожнять, опустошать
Florist	цветовод
Kotelett	котлета
verfeinern	утончать, делать более тонким
Ausgestoßener	изгой
Umriss	контур, очертание
Erspartes	сбережения
verschollen	пропавшее
hochgradig	сильный, интенсивный
unkompliziert	несложный, неосложнённый, нетрудный, простой
weinerlich	плаксивый
Einwohnerzahl	количество населения, число жителей
Peilsender	маячок, радиомаяк
Hinterausgang	задний выход
Generalstaatsanwalt	генеральный прокурор
ahm	ам (старая мера жидкостей = 30-160 л)
Warp-Antrieb	варп-двигатель
Großmaul	хвастун, горлопан
reinschauen	заглянуть
enttarnen	демаскировать, снимать маскировку
Türklingel	дверной звонок
Stichwunde	ножевая рана
Ampulle	ампула
poppen	трахаться
verticken	разг. сбывать
belastend	создающий нагрузку, обременяющий, отягчающий, изобличающий
geheiligt	освящённый
redselig	словоохотливый, болтливый
ausschimpfen	отругать, изругать, выбранить
Dienstzeit	срок (продолжительность) службы
Wachposten	(караульный) пост
Zaster	деньги
zurücklehnen	sich ~ откидываться назад
IP-Adresse	IP-адрес
runterziehen	стащить вниз, тянуть вниз
Erbstück	вещь, доставшаяся (полученная) по наследству
Texaner	техасец
Feinheit	тонкость; нежность; изящество, утончённость
Liebchen	милая, дорогая, возлюбленная
Passagierliste	список пассажиров
ausweiten	растягивать, расширять; раздать (в ширину)
projizieren	проектировать (что-л.); составлять проект, намечать план (чего-л.)
Jungchen	парнишка
Taft	тафта
tricksen	ловким обманным движением обойти противника (футбол)
stalken	выслеживать, караулить, маниакально преследовать
niederknien	опуститься (стать) на колени; преклонить колена
Schlafzimmerfenster	окно спальни
Unhöflichkeit	невежливость
Guillotine	гильотина
Betriebssystem	операционная система
Unmut	раздражение, досада
Hortensie	ботан. гортензия
spicken	кулин. шпиговать
kneten	месить
Neider	завистник
stehenlassen	оставлять (на месте), бросать; не трогать
ausgrenzen	выделять (что-л. из чего-л. целого); обособлять
abgeschlossen	запертый, закрытый
überblicken	обозревать; окинуть взглядом
Verteilung	распределение; раздача; выдача; размещение
ermutigend	ободряющий, вдохновляющий
gehässig	злой, умышленный
Schadenfreude	злорадство
mittwochs	по среда́м
Kanzel	кафедра, кабина
Müllabfuhr	вывозка мусора
Verfehlung	промах, упущение; ошибка, заблуждение
strangulieren	(за)душить; удавить; вешать (на виселице)
angelegt	устроенный, вложенный
Arbeitsgruppe	рабочая группа
Lebensziel	цель жизни
tagtäglich	ежедневно
zurückgreifen	вернуться (к чему-либо)
umrunden	объезжать (вокруг чего-л.)
Kübel	чан; бадья; кадка
Abonnement	подписка
vielfältig	многообразный; многогранный, разнообразный, разносторонний
Schneefall	снегопад
Watte	вата
Mondoberfläche	поверхность Луны
unterschlagen	подбивать (что-л. подо что-л.)
Blaulicht	синий свет; сигнальная фара синего цвета
gefügig	гибкий; мягкий (напр., о глине)
Lämmchen	ягнёночек
unpraktisch	непрактичный
Wäschekorb	корзина для белья
Fensterladen	оконный ставень
Insolvenz	банкротство
Anhöhe	возвышенность, высота, холм, пригорок
degradieren	разжаловать, понизить в чине (звании, должности); исключить из духовного звания
Töpfchen	горшочек
Bootsfahrt	хождение на шлюпке, катание на лодке
Aminosäure	аминокислота
gelinde	мягко; умеренно
Störenfried	смутьян
Familienbetrieb	семейная фирма (без участия посторонних акционеров)
Amöbe	амёба
Näherin	швея, портниха, белошвейка
erwähnt	упомянутый
herumalbern	дурачиться, озорничать
gären	бродить
Übermaß	избыток, излишек (an D, von D чего-л.)
widerstreben	(внутренне) сопротивляться (противиться) (чему-л.)
Wettervorhersage	прогноз погоды
Werkzeugkiste	ящик для инструментов
baff	ошарашенный
Oboe	гобой
anpflanzen	сажать, насадить (растения), засаживать (сад); разводить (сад)
entgegensetzen	противопоставлять, противополагать
Bombenangriff	налёт бомбардировочной авиации, бомбардирование
taumeln	шататься, нетвёрдо (неуверенно) ступать, плохо держаться на ногах
Schutzbrille	защитные очки
inständig	настоятельно
Hellseherin	ясновидящая
brr	брр
Heimreise	возвращение домой (на родину)
Beichtstuhl	исповедальня
Vorhut	воен. авангард, головной отряд (тж. перен.)
Hemisphäre	полусфера, полушарие
Sterblichkeit	смертность
geltend	действующий, действительный
Klassenbeste	лучшая ученица
Schönling	красавчик
nichtsdestotrotz	тем не менее
Trainerin	тренер (женщина)
Schlachtschiff	линейный корабль
Plattenfirma	звукозаписывающая компания
unzulässig	недопустимый, непозволительный
Kriegserklärung	объявление войны
Abschrift	копия (документа)
verplempern	проливать
Braue	бровь
kuschelig	уютный
überragend	первостепенный, огромный (напр., о значимости, важности)
Zuschuss	добавление; добавка
Phobie	фобия
auseinanderreißen	разрывать, раздирать
abrutschen	подскальзываться, соскальзывать
beschwipsen	разг. подвыпить
weiterschlafen	продолжать спать
Tageszeitung	ежедневная газета
Efeu	плющ, плющ обыкновенный
tasten	нащупывать, ощупывать
geöffnet	открытый
Gönner	меценат, покровитель
verhandelbar	договорной
Leichenwagen	катафалк; автомобиль-катафалк, похоронный автомобиль
Managerin	менеджер
Krätze	чесотка
Privatbesitz	частное владение
Peinlichkeit	тягостность, мучительность, неприятность, неловкость
Holzbein	деревянная нога
kribbeln	кишеть
Stratege	стратег
verkohlen	обугливать, превращать в уголь
verworren	запутанный
Boje	буй
Nebeneffekt	побочный (сопровождающий) эффект
heterosexuell	гетеросексуальный
Pianistin	пианистка
vorwiegend	преимущественно
entlanggehen	идти вдоль
auslesen	отбирать, выбирать; разбирать, сортировать; перебирать (картофель, фрукты и т. п.)
Barbarei	варварство; дикость, жестокость, свирепость
woraufhin	после чего
Argwohn	подозрение, недоверие
unentschlossen	нерешительный
Amboss	накова́льня
befremdlich	странный, поражающий, удивительный (о чём-л. неприятном)
allseits	со всех сторон
Ökonom	экономист
Knaller	хит, бомба
Zepter	жезл, скипетр
Luftunterstützung	авиационная поддержка
hüa	но! (лошади)
Knüller	фурор
Exorzismus	экзорцизм
Auftragskiller	наёмный убийца
Ehevertrag	брачный договор
Fötus	зародыш, плод
Waschraum	комната для умывания, умывальная, душевая (напр., на заводе, шахте)
Aneurysma	аневризм, аневризма
Schlächter	забойщик скота, мясник
Gage	гонорар
Groupie	группи, фанатка
Nacho	начос
Crewmitglied	член экипажа
vernaschen	съесть
Strolch	бродяга, босяк
punkten	набирать очки
ballern	греметь (о выстреле)
dachen	думать
krallen	цепляться
Königstochter	королевна, царевна
Hiersein	пребывание здесь
Gesundheitsamt	отдел здравоохранения, здравотдел
Seilen	вить (канат)
Aufpasser	надсмотрщик, надзиратель
ausbringen	провозглашать, произносить (тост); поднимать тост (за чьё-либо здоровье)
Abstecher	кратковременная поездка, заезд; вылазка
Inventur	инвентаризация
Postfach	абонементный почтовый ящик, абонентский почтовый ящик
Kombi	универсал (машина)
Gedenkfeier	торжество в память кого-л., чего-л.; годовщина; юбилей
Teer	дёготь
Autodiebstahl	похищение (угон) автомобиля
halbe-halbe	пополам
Nabelschnur	пуповина
Schaltkreis	электрическая цепь
Schusswechsel	перестрелка
Walküre	валькирия
aufstrebend	подающий надежды
besonnen	освещать солнцем
Spekulant	спекулянт
Anbau	возделывание, разведение, пристройка, флигель
vonnöten	быть ) необходимый
Hosenträger	подтяжки, помочи
runzeln	морщить
Brauerei	пивоваренный завод, пивоварня
Rastplatz	место привала
anrennen	прибежать, примчаться
Rüssel	рыло ; [2, 2b] хобот ; [2] хоботок
Mörtel	строительный раствор
Hühnersuppe	куриный суп
matschig	кашеобразный; мягкий; раздавленный
präsent	дар, подарок
vorliegend	рассматриваемый, имеющийся
Bürgerin	гражданка
aberkennen	отрицать, оспаривать, не признавать
beschwichtigen	успокаивать, унимать
fertigwerden	разг. справляться (с кем-л), одерживать верх (над кем-л); превосходить (кого-л)
Arzttermin	запись к врачу, приём у врача
bedroht	под угрозой
lachhaft	смехотворный
herrenlos	брошенный
vierundzwanzig	двадцать четыре
Mikrophon	микрофон
Armaturenbrett	автомоб. панель приборов
Zeichner	рисовальщик, художник
Innenhof	внутренний двор
Tatzeit	время совершения преступления
Guthaben	баланс
Himmelreich	царство небесное
Entbindung	освобождение (от обязательств)
Elan	энергия, порыв
Knechtschaft	рабство
übelnehmen	обижаться
Nachspiel	эпилог, развязка
Sprungbrett	трамплин
Vergünstigung	льгота; уступка
Schlafstörung	бессонница
Einweihung	(торжественное) открытие; освящение
Türschwelle	порог
Steuerhinterziehung	сокрытие имущества от обложения налогом
verbüßen	отбывать, отбыть
Unstimmigkeit	разногласие
Motorboot	мото́рная ло́дка
reinhauen	попасть прямо в цель
Beklagte	юр. ответчик
anschneiden	надрезать; отрезать первый кусок
unterweisen	инструктировать
ackern	пахать, обрабатывать поле
zurechtrücken	поправить
schlimmstenfalls	в крайнем случае, в худшем случае
aufwerfen	открывать (резким движением), распахивать
verhängnisvoll	роковой, губительный
brünett	шатенка
kritzeln	накорябывать, набрасывать
Gesetzgebung	законодательство
Übermut	задор, озорство, шалость, высокомерие
Götze	кумир, идол
Kriegsverbrecher	военный преступник
Stundenplan	расписание
wiederwählen	переизбирать
Streitigkeit	ссоры, раздор, пререкания; распри
Geschicklichkeit	ловкость, сноровка
Kleber	глютен, клейковина
biegsam	гибкий, упругий
ungebeten	незваный, непрошеный
Privatangelegenheit	частное (личное) дело
verfälschen	подделывать, фальсифицировать
mittelgroß	средней величины; среднего роста
ausheben	вырыть, выкопать
Schafott	эшафот
Traummann	мужчина мечты
Überbringer	гонец, вестник
Globus	гло́бус
Beeinflussung	влияние
Stoffwechsel	обмен веществ, метаболизм
Sporttasche	спортивная сумка
Anprobe	примерка
Gürtellinie	ниже пояса
Promenade	место для прогулок, бульвар, сквер, променад
unterbesetzen	недоукомплектовать
Größenordnung	порядок величины; градация (по размеру)
Waschküche	прачечная (домовая)
gekrümmt	изогнутый, согнутый
angeschlagen	потрёпанный, надломленный
schwärzen	чернить; покрывать чёрной краской; мазать ваксой (обувь); воронить (металл)
Bleichmittel	отбеливатель
Wachdienst	ва́хта, ва́хтенная слу́жба, дежу́рство, карау́льная слу́жба
Telefonistin	телефонистка
Moralpredigt	мораль, нравоучение, нотация
verschleudern	растрачивать (тж. перен.); разбазаривать
zweifelsfrei	без сомнения
Blaupause	светокопия
Schlupfloch	лазейка, дыра, укрытие (тж. перен.)
Salto	сальто, оборот
behelligen	докучать
drollig	забавный, смешной, потешный; чудной
viereinhalb	четыре с половиной
Spieldose	музыкальная шкатулка
Besatzungsmitglied	член экипажа
abwerben	переманивать, сманивать (кого-л. на другую работу)
Golfball	мяч для гольфа
Gesinnung	образ мыслей
Heidenangst	разг., экспр. очень сильный ужас, ужасный страх (перед кем-, чем-либо)
Teilzeit	частичная занятость, работа на неполный день
Jagdhund	охотничья собака
Blumenbeet	цветочная клумба
Windrad	ветряк
ausgelassen	растопленный (о жире)
Großbuchstabe	прописная (большая) буква
Musikerin	музыкант
behagen	радовать (кого-л.); нравиться (кому-л.)
fortwährend	постоянный, непрерывный
Hexenzirkel	шабаш ведьм
Komplizin	сообщница
Leichenbeschauer	судмедэксперт
spannungsvoll	напряжённый
Tunte	педик
Schriftrolle	сви́ток
kaltmachen	разг. убивать
Monsignore	монсеньор
Insassin	заключённая
ausquetschen	выцеживать, выцедить, расспрашивать, расспросить
Tran	жир, ворвань
Sanduhr	песчаник
unangemeldet	не прописанный (по месту жительства)
Kirmes	Ярмарка
Schienbein	большеберцовая кость
Schlüsselbund	связка ключей
Halstuch	шейный платок, пионерский галстук, шарф
Bauernhaus	крестьянский дом
unerkannt	неузнанный; неопознанный
Blickkontakt	визуальный контакт
Vorgabe	фора, преимущество
fotografisch	фотографический
überdecken	покрывать (напр., стол скатертью)
bodenständig	оседлый, местный, обычный, среднестатистический
verständlicherweise	само собой разумеется
Abgabetermin	срок сдачи (работы и т. п.)
Flieder	сирень, бузина
ausfechten	довести до конца, выдержать (борьбу)
verdeutlichen	пояснять, объяснять, разъяснять; показывать
Stachelschwein	зоол. дикобраз
scheffeln	сгребать, загребать
achtmal	восемь раз
prall	тугой, упругий, плотный, набитый
Verheirateter	женатый
klimpern	бренчать
verstopft	заложенный, забитый
aufhaben	иметь на себе ( на голове ), иметь надетым (головной убор)
Zimmerschlüssel	ключ от номера
Regelung	устройство
väterlicherseits	по отцовской линии
Sperling	воробей
Hornisse	шершень
Zunahme	прирост, увеличение, приращение
Geburtstagstorte	именинный пирог, торт ко дню рождения
niederländisch	нидерландский, нидерландский язык
Jiddisch	идиш
Schaffung	производство, изготовление; создание
Königssohn	королевич
Wasseroberfläche	водная поверхность
Weltwirtschaft	мировое хозяйство, мировая экономика
bäh	фу
Empfangsdame	администратор (в гостинице – о женщине)
Vordersitz	переднее сиденье
Saatgut	посевной материал, семена
Zugführer	воен. командир взвода
Schnauzbart	усы
Analytiker	аналитик, психоаналитик
Botschafterin	посол (женщина)
Podest	лестничная площадка
Lügendetektortest	тест на детекторе лжи
Grundriss	план; горизонтальная проекция
gottverlassen	Богом оставленный, отверженный, Богом забытый, захолустный
Stammkunde	постоянный покупатель (клиент)
Herzversagen	мед. сердечная недостаточность
Eingabe	ввод
Kinderkram	детские глупости
unbezahlt	неоплаченный
Tippfehler	опечатка
Radfahrer	велосипедист
Arbeitssuche	поиск работы
Eichen	калибровать, тарировать, эталонировать
Verzehr	потребление, расходование
Spülmaschine	посудомоечная машина
Mordnacht	ночь убийства
funktionsfähig	нормально функционирующий; работоспособный
Kolonist	колонист, поселенец
Operationssaal	операционная
Geber	податель, датчик
Sakko	пиджак
Gefolgschaft	свита; эскорт; дружина
Armenhaus	приют
Geheimpolizei	тайная полиция
Sperrstunde	комендантский час
Dienstagabend	вечер во вторник
Feldflasche	фляжка, баклага
Ohrstöpsel	беруши
drosseln	душить, давить
Touristin	туристка
Aufschrei	крик, выкрик; возглас
wacklig	шаткий
gerinnen	хим. свёртывание; коагуляция
Tacho	спидометр
Kosename	ласкательное имя
verbuchen	оприходовать
Häuserblock	квартал; блок зданий
sickern	капать (из чего-л.), стекать каплями, просачиваться (через, во что-л.), протекать
bewohnt	обитаемый
Traumwelt	мир грёз
Umgangsform	обращение, форма поведения
Tagesablauf	распорядок дня; режим дня
Teilung	раздел, (раз)деление; делёж (разг.)
humorvoll	остроумный, полный юмора; забавный
Luftfeuchtigkeit	влажность воздуха
festgelegt	установленный
Einkaufsliste	список покупок
Skeptiker	филос. скептик (последователь скептицизма)
kontinuierlich	непрерывный
Feministin	феминистка
verfärben	окрасить
Akkordeon	аккордеон
durchschreiten	проходить (через что-л., мимо чего-л.)
nachfolgend	следующий, последующий
Stausee	водохранилище
wetteifern	соревноваться, состязаться
lockig	кудрявый
sättigen	(на)кормить досыта, насыщать
Schranken	рамки, границы
Gesetzentwurf	законопроект
Pessimismus	пессимизм
Schlager	шлягер (модная песенка, книга, модный фильм)
geschwätzig	болтливый, надоедливый
Waldbrand	лесной пожар
einstig	бывший
Amsel	чёрный дрозд
Schlagloch	выбоина
Zuchthaus	(каторжная) тюрьма
Totenwache	почётный караул у гроба
Vorrichtung	устройство, приспособление
Justizminister	министр юстиции
Absolution	абсолюция
Schlachthaus	скотобойня
Schwergewicht	спорт. тяжёлый вес
Aufsichtsrat	наблюдательный совет (акционерного общества)
Knochenmark	костный мозг
Erlass	указ, постановление
Verschwörer	заговорщик, участник за́говора
Engelchen	ангелок, ангелочек
Kerbe	зарубка, засечка, насечка; зазубрина; прорез, прорезь, паз, бороздка, надрез, запил
Arschtritt	пинок под зад
Bundesbehörde	органы федеральной власти (в ФРГ, Австрии)
Kürzung	сокращение
Doppelagent	двойной агент
taff	крутой
Galeere	галера
verdreschen	отколотить, вздуть
Schleuse	шлюз; водопускное отверстие
Dia	слайд
zermalmen	измельчать
zocken	разг. играть в азартные игры (на деньги)
Pluspunkt	очко (в соревновании)
verurteilt	осуждённый
Geisteskranker	сумасшедший, псих
unerledigt	неоконченный, неисполненный
haltbar	прочный, ноский; добротный; устойчивый, крепкий; стойкий (при хранении)
beschlagen	подковывать, запотевать
Schreibfehler	описка; (орфографическая) ошибка
Spülbecken	раковина, мойка
Orang-Utan	орангутан
Grabmal	надгробный памятник
Vaterunser	Отче наш
Redlichkeit	честность, добросовестность
Einleitung	введение, вступление; предисловие
Spätschicht	поздняя (вечерняя, ночная) смена (на предприятии)
Veganerin	веганка
Seefahrer	моряк
verrenken	вывихнуть
Nasenspitze	кончик носа
Tierärztin	ветеринар
nimmermehr	никогда (больше)
gespalten	расколотый, раздвоенный
Backgammon	нарды
vereinzelt	единичный, спорадический, редкий
verantwortungsbewusst	ответственный, сознательный, сознающий свою ответственность
ausrenken	выворачивать
Misthaufen	куча навоза
Vormarsch	воен. продвижение, наступательный марш; наступление (тж. перен.)
Bereicherung	обогащение
Schererei	возня, хлопоты; неприятности
Paella	паэлья
Pfötchen	лапка, лапочка
Auspuff	выхлоп
Malerin	художница
Nachtruhe	ночной покой
Körpersprache	язык тела
Rechtshänder	правша (работающий правой рукой)
garstig	гадкий
Landkreis	графство
bespritzen	брызгать
pedantisch	педантичный
abrichten	приучать; дрессировать; натаскивать
bestatten	хоронить, погребать; кремировать
schimmern	мерцать, сла́бо свети́ть, поблёскивать
angehend	будущий, начинающий
umklammern	обхватить, схватить
entlocken	выманивать, выуживать (что-л. у кого-л.); извлекать (звуки из чего-л.)
überzeugt	убеждённый, уверенный
karg	скупой, недостаточный, жалкий
herunterfahren	комп. останавливать (то же, что shut down по англ.), завершать
Ritt	скачка, поездка верхом
Telefonklingeln	телефонный звонок
Anwärter	кандидат
Telefongesellschaft	телефонная компания
Betrügerin	обманщица
Notsignal	сигнал бедствия
Sportsfreund	приятель, дружище
Waffenhändler	торговец оружием
geschieden	разведённый
Stetson	стетсон
Familienangelegenheit	семейное дело
detonieren	детонировать
Requisite	реквизит
abspringen	спрыгивать, прыгать, соскакивать
Totenkopf	череп, мёртвая голова
winseln	скулить
Elektroschock	электрошок
gewagt	рискованный, опасный, смелый
versaut	испорченный, извращённый
abgefahren	улётный, безумный
bewässern	орошать, обводнять
Mensa	студенческая столовая
Leibgericht	любимое кушанье (блюдо)
Kosmonaut	космонавт
schrittweise	шаг за шагом, постепенно
Ökonomie	экономика
Außenpolitik	внешняя политика
gebaut	построенный
Reisescheck	дорожный чек
Gesichtspunkt	точка зрения
Fremdwort	иностранное слово
zusammenstoßen	сталкиваться, врезаться, встретиться
ahnden	наказывать, преследовать
gewitzt	смышлёный, находчивый
Betrachter	наблюдатель
Gedankengang	ход мыслей
pellen	снимать шелуху (с чего-л.); снимать кожицу (с чего-л.); снимать кожуру (с чего-л.)
Stiefschwester	сводная сестра
Tadel	упрёк
irrtümlich	ошибочный, ложный
Bedrängnis	притеснение, угнетение; стеснение
entgegenkommend	любезный, идущий навстречу
Selbstbeherrschung	самообладание; сдержанность
Nachwelt	собир. потомки, будущие (грядущие) поколения, люди будущего
Hoffnungslosigkeit	безнадёжность
Pfeiler	колонна, столб, опора
Mittelmäßigkeit	посредственность
Busfahrt	поездка на автобусе
einher	вместе с, наряду
Specht	дятел
Hausbesitzer	домовладелец
geordnet	упорядоченный
wechselnd	переменный, меняющийся
errechnen	рассчитывать
abdanken	отрекаться (от престола)
bleichen	отбеливать
sieden	кипятить, варить, кипеть
Schmalz	топлёное сало, топлёный жир, смалец
Schund	дрянь; хлам; старьё; грязь
geradestehen	стоять прямо (навытяжку)
Diktat	диктант
herreißen	рвать, растерзать
Pornografie	порнография
unergründlich	непостижимый, необъяснимый, загадочный; неисповедимый (уст.)
Mutterleib	утроба (лоно) матери
zielstrebig	целеустремлённый, целенаправленный
Nachschlag	добавка
abwegig	нелепый
befruchten	оплодотворять
Augenbinde	повязка на глаза
Kunstform	форма искусства
Minze	мята
Begrenzung	предел, граница, ограничение
aufspringen	вскакивать, запрыгивать, покрывать, трескаться
herumtragen	таскать с собой
hinterherlaufen	бежать следом (вслед)
sprunghaft	неровный
unumgänglich	неизбежный
Rotznase	груб. сопляк, соплячка
verkümmern	чахнуть, хиреть; приходить в упадок; погибать
Yeti	йети, снежный человек
ausweinen	выплакать
gefeit	защищённый, неуязвимый
Polizeigewahrsam	полицейский арест, задержание
Ehrenkodex	кодекс чести
vorbehalten	die Schürze vorbehalten — остаться в фартуке, не снимать фартук
rechtens	законно, по праву
Inbegriff	олицетворение
Berechtigung	право, правомочие, полномочие (на что-л.); основание (для чего-л.)
Schotter	щебень
Trichter	воронка
Kontostand	состояние счёта
Leuchter	подсвечник
Verruf	дурная слава
Schaukelstuhl	качалка (кресло)
Rosmarin	розмарин
Friseurin	парикмахер ( женщина ), парикмахерша
Röhren	проводить трубы (где-л.), оборудовать трубами (что-л.)
rapide	быстрый, стремительный
Humbug	обманщик
Notizblock	блокнот
Gefängniswärter	тюремщик
knuddeln	обнимать, тискать
Flugobjekt	летающий объект
beschämen	(при)стыдить; срамить
Schönheitsoperation	пластическая операция
erdrückend	гнетущий, подавляющий
dunkelhaarig	темноволосый
steinhart	твёрдый как камень
Fjord	фьорд
Eigenart	своеобразие
Rivalität	соперничество
recyceln	перерабатывать / переработать рециркулировать
privilegiert	привилегированный
Pager	пейджер
Einwanderungsbehörde	иммиграционная служба
Psychiaterin	психиатр
Sucher	искатель
Mutterschiff	корабль-матка
Heiler	знахарь
Gedärm	кишечник, кишки
More	Мор
Pfefferminz	мятный ликёр
Funkstille	радиомолчание
Bluthund	ищейка
anbrüllen	разг. реветь, орать, рявкать (на кого-л.)
fantasieren	фантазировать
baldmöglichst	как можно скорее
Körnchen	зёрнышко
Schriftzeichen	полигр. шрифтовой знак; буква, литера
Tennisspieler	теннисист
münden	вливаться
Wohlgefallen	удовлетворение; удовольствие
Veranlassung	повод; причина; предлог
Gebilde	создание, сооружение
Stillschweigen	молчание
Ergänzung	дополнение, добавление
Erdkunde	география
angießen	доливать, подливать
Sportplatz	спортивная площадка
Pechvogel	неудачник
Schläfer	спящий агент
todunglücklich	глубоко (бесконечно) несчастный
Klaustrophobie	клаустрофобия
Nachdruck	ударение, эмфаза, акцент; энергия, сила
Durchhaltevermögen	выносливость, способность выстоять, стойкость
Seeräuber	пират
archäologisch	археологический
abspülen	споласкивать, полоскать; смывать; мыть (посуду, фрукты)
fertigbringen	доводить до конца (что-л.); справляться (с чем-л.)
beigeben	добавлять, приставлять
kauern	сидеть на корточках
Handball	гандбол
verwahrlost	заброшенный, запущенный
Akrobat	акробат
misslich	сомнительный
Wohnort	место жительства, местожительство
Tausender	тысяча, штука
Zubehör	принадлежность, аксессуар
Ekstase	экстаз, восторг
liieren	пойти на связь, иметь любовную связь, объединяться
Schnalle	пряжка, застёжка
Ungleichgewicht	неравновесие, неравенство
Häppchen	кусочек
Pechsträhne	полоса неудач
Hauptdarsteller	театр. премьер, исполнитель главных (первых) ролей
Duo	дуэт
Seher	ясновидящий; пророк
Begleiterin	аккомпаниатор (женщина); аккомпаниаторша
hinschreiben	записать, написать
halbtot	полумёртвый
Prosit	здравица, тост
Schlagmann	загребной (гребля)
Aphrodisiakum	афродизиак
Drehbuchautor	сценарист
Nebenjob	дополнительная работа, работа по совместительству
unvollendet	незавершённый, незаконченный
hinauszögern	откладывать, отсрочивать, затягивать, оттягивать (что-л.); медлить (с чем-л.)
Stümper	халтурщик
Abscheulichkeit	мерзость
Eilmeldung	срочное сообщение
plump	неуклюжий, неловкий (тж. перен.)
betrügerisch	обманчивый, ложный, лживый
Heiland	религ. спаситель
Eunuch	евнух
umsiedeln	переселять
intus	внутри
auflehnen	восстать, восставать
Hupe	гудок, клаксон
Herrscherin	правительница
Fleckchen	пятнышко
Nachfolge	наследование; преемственность; преемство
Toupet	накладка (из чужих волос), парик; валик
Totenschein	свидетельство о смерти
Mischling	метис; гибрид, помесь
Reifenspur	след от покрышки (шин)
Verbannung	изгнание; ссылка
tonnenweise	тоннами
Saboteur	саботажник
stinkig	вонючий
Hitzkopf	горячая голова, вспыльчивый человек
Kiffer	обкурённый, курильщик травы
runterschlucken	проглотить
Perversion	извращение
bezirzen	пленять, очаровывать, околдовывать (от собств. Circe - Цирцея)
geldgierig	алчный, корыстолюбивый, жадный (до денег)
zerfleischen	растерзать; терзать
anfeuern	растапливать, разжигать (печь); поджигать, воспламенять
manövrieren	маневрировать
selbstgerecht	самоуверенный, уверенный в собственной правоте, уверенный в собственной непогрешимости
Stromrechnung	счёт на электроэнергию
widerspiegeln	отражать
abbilden	изображать ( изобразить )
zusammennehmen	собирать (тж. перен. о мыслях, силах и т. п.)
aufwendig	трудоёмкий, расточительный, дорогостоящий
Baguette	багет
verhüllen	покрывать
Mückenstich	укус комара, комариный укус
Umweltschutz	охрана окружающей среды
Wortlaut	дословный (точный) текст
herausputzen	sich ~ нарядиться
Gefängniszelle	тюремная камера
Drücker	спусковой крючок
Stärkung	подкрепление
Gefrierschrank	морозильник, морозильный шкаф, шкаф-морозильник
Großonkel	двоюродный дед
Abendschule	вечерняя школа
Bowlingkugel	шар для боулинга
Leichentuch	религ. саван, нагробное покрывало
nebensächlich	второстепенный, менее важный, несущественный
veralbern	разг. дурачить, одурачивать; дразнить
Postkutsche	почтовая карета
herablassen	спускать
beschmieren	обмазывать, замазывать (что-л. чем-л.); намазывать (что-л. на что-л.)
Verabschiedung	увольнение; отставка
durchringen	sich ~ побеждать, завоёвывать признание
Namenstag	именины
verkrampfen	судорожно сжимать
Basislager	базовый лагерь
tätowiert	татуированный
Wachtel	перепел
stauen	подпирать, создавать подпор; запруживать
Sang	пение
geradebiegen	расправить, распрямить, разогнуть
Vertraulichkeit	близость, интимность, хорошее (давнее) знакомство (с чем-л.)
autonom	автономный
vernebeln	затуманивать
Geheul	вой, рёв
Wohltätigkeitsorganisation	благотворительная организация
abschotten	замыкаться, отгораживаться (тж. перен.)
Frauenkleid	женское платье
Filet	филе
begehrt	желанный, мечтанный
Mops	мопс
brutzeln	шипеть
sekundär	вторичный
Krankenbett	больничная койка
Notstand	чрезвычайное (бедственное, угрожаемое) положение; бедствие; крайняя необходимость; нужда
Abfuhr	вывоз, вывозка, отправка (леса, мусора и т. п.)
Joch	хомут, бремя
Brieföffner	нож для разрезания бумаги
Mathelehrer	учитель математики
Einzelfall	единичный случай
Bearbeitung	обработка, разработка, переработка, отделка (процесс)
Grundstein	краеугольный камень
unüblich	необычный
Bibliothekar	библиотекарь
Kriegsverbrechen	военное преступление
Blutwurst	кровяная колбаса
Ersatzreifen	запасная шина
Menschenkenntnis	человеческое знание
beeindruckt	впечатлённый
gelenkig	подвижный, ловкий, гибкий
Bekenntnis	признание (вины и т. п.)
US-Präsident	президент США
aufhalsen	разг. взваливать (что-л. на кого-л.); навязывать (что-л. кому-л.)
weihnachtlich	рождественский
Urzeit	глубочайшая древность; доисторические времена
überhäufen	заваливать (напр., подарками)
zufallen	захлопываться, закрываться
blindlings	слепо (верить и т. п.)
auswärtig	внешний, наружный
Bequemlichkeit	комфорт, удобство
begnadet	талантливый, одарённый, даровитый, от Бога
Lebensmittelgeschäft	продовольственный магазин
vollführen	совершать, осуществлять, выполнять
befindlich	находящийся, расположенный
Freiheitsstrafe	наказание, связанное с лишением свободы
Tellerwäscher	мойщик посуды (в ресторане и т. п.)
ungehalten	рассерженный, раздражённый, негодующий, недовольный
Sternenhimmel	звёздное небо
Hieroglyphe	иероглиф
Zumutung	чрезмерная нагрузка, чрезмерное требование, наглость, чересчур
strengstens	строго-настрого, строжайшие, строжайшим образом
fälschlicherweise	ошибочно, по недоразумению, ложно
Fragebogen	анкета
draufkommen	разг. догадаться, узнать
nachsagen	повторять (вслед за кем-л.)
Wolkenbruch	ливень, проливной дождь
Geldsumme	денежная сумма
unersättlich	ненасытный
Modellflugzeug	модель самолёта
Dividende	дивиденд
farbenfroh	яркий
beschwerlich	тру́дный
Englischlehrer	учитель английского языка, учитель английского
Eiweiß	белок, протеин
Nervengas	нервный газ
Seelenklempner	шутл. инженер человеческих душ (психиатр, психолог)
Gesichtserkennung	распознавание лиц
Serienkiller	серийный убийца
Raketenwerfer	ракетная пусковая установка; реактивный миномёт (гранатомёт)
Zofe	горничная; камеристка
Verfolger	преследователь, гонитель
Ausweichmanöver	манёвр уклонения
Kredithai	ростовщик
Platzpatrone	холостой патрон
Bruderherz	браток, брат
salutieren	отдать честь, приветствовать
Moloch	религ. молох (о жестокой, неумолимой силе)
Tusse	разг. девчонка, девушка, подруга
wichsen	дрочить
Lineal	линейка
Küchenmesser	кухонный нож
verschwenderisch	расточительный
Bohrmaschine	дрель, перфоратор
Vergnügung	развлечение, увеселение
Beschimpfung	поругание; оскорбление
abenteuerlustig	жаждущий приключений
Nachteule	полуночник
einerlei	одинаковый
zubinden	завязывать
Erinnerungsvermögen	память
Muße	досуг, покой
frühmorgens	утром
Klassenarbeit	контрольная работа
Widersacher	противник
erblich	наследственный
Erste-Hilfe-Kasten	аптечка
Wagnis	риск
Fahrersitz	сиденье водителя машины
Werbeagentur	рекламное агентство
Waschsalon	прачечная самообслуживания
Herzklopfen	физиол. (учащённое, усиленное) сердцебиение
begießen	поливать; обливать; заливать (тж. мет.)
zulässig	допустимый
erzittern	(за)дрожать, содрогаться, вздрагивать (от чего-л.)
Friedensgespräch	мирные переговоры
Lebenserfahrung	жизненный опыт, житейский опыт
Spielfilm	художественный фильм, игровой фильм
Weisung	указание, предписание
Futon	футон (матрас)
fantasievoll	с фантазией, изобретательный
Funktionär	деятель, работник (партийный, профсоюзный)
stichhaltig	обоснованный, основательный
Wasserleitung	водовод, водопровод
Erläuterung	объяснение, пояснение, разъяснение
zerschellen	разбиваться; раздробляться; разлетаться (на куски)
Inuk	Инук
Halse	шея, глотка
Weltgeschichte	мировая история
Knirps	малыш
Dinnerparty	званый ужин
Sarkophag	саркофаг
Finanzministerium	министерство финансов
Kinderheim	детский дом; пансионат
Einlauf	поступление (бумаг, денег)
Bestrahlung	освещение (лучами)
Schlachtplan	план сражения
Schlitzohr	хитрец
Mistvieh	тварь, скотина
Freimaurer	вольный каменщик; масон
Amputation	ампутация
verarzten	шутл. врачевать, лечить (кого-л.)
ausholen	замахиваться
Satzung	устав; инструкция
nachlesen	читать, перечитывать; ещё раз прочесть
Stromleitung	электропроводка
Drogensüchtiger	наркоман
Drogenbesitz	хранение наркотиков
räudig	паршивый; шелудивый; чесоточный
Straßenverkehr	дорожное движение, уличное движение
Förderung	добыча полезных ископаемых и т. п.
anbetreffen	касаться
Einband	переплёт
stechend	колющий, жгучий
Hosenstall	ширинка
wünschenswert	желательный
Tellerrand	край тарелки, кругозор
Füchsin	лисица
Rotkehlchen	зарянка, малиновка
folgsam	послушный, покорный
abgrundtief	высок. бездонный, глубочайший, неизмеримый
Sandkorn	песчинка
Umweltschützer	природоохранитель
ungezwungen	непринужденно
Rabauke	сорванец
mollig	пухловатый, полноватый, толстоватый, пухловатенький
Schuldner	должник
Musikant	музыкант
Dilettant	дилетант
vorgesehen	предусмотренный
dreitägig	трёхдневный (о сроке, возрасте)
Isolierung	изоляция
Lobotomie	лоботомия
Küchenchef	шеф-повар
Maschinerie	механизм, группа совместно работающих машин, машинное оборудование, механическое оборудование сцены
Leibesvisitation	личный обыск
Pyjamaparty	вечери́нка в пижа́мах, пижа́мная вечери́нка
verschmieren	замазывать
Weckruf	побудка (сигнал)
Kokon	кокон
Riesenproblem	огромная проблема
berechenbar	исчисляемый, поддающийся исчислению
qualmen	чадить, коптить
Puppenspieler	кукловод
Macker	разг. друг, приятель, знакомый
wegspülen	размывать, подмывать; сносить водой
bildlich	красочный; наглядный, графический
waschecht	нелиняющий, прочного крашения (напр., о ткани); стойкий к стирке (об изделии)
Spinnerei	бред, выдумки
abrufen	отзывать (напр., посла); вызывать (с заседания и т. п.)
versprühen	рассыпать, разбрызгивать, распылять
Verwicklung	осложнение, запутанность
drankommen	подойти, дойти до дела
passabel	сносный, терпимый; сходный, приемлемый
verbürgen	ручаться, поручиться (за кого-л., за что-л.); гарантировать (что-л.)
Schulgebäude	здание школы
Kundendienst	обслуживание покупателей (потребителей, клиентов)
Bestrebung	стремление
entwerten	компостировать
Besiegter	побеждённый
besorgniserregend	внушающий опасения, тревожный
Grashüpfer	кузнечик
gelernt	квалифицированный, обученный
skizzieren	набросать, делать эскиз
debattieren	дебатировать, обсуждать
unvoreingenommen	непредубеждённый, без предубеждения, объективный
Zinssatz	процентная ставка
Todesengel	религ. ангел смерти
bestücken	оборудовать
Dukaten	дукат
robben	ползти, переползать на животе, передвигаться по-пластунски
Mordanklage	обвинение в убийстве
Bewachung	охрана, охранение
Dienststelle	служебная инстанция
Hokuspokus	разг. фокус; мошенничество
Landeplatz	место высадки (десанта); посадочная площадка
Showbusiness	шоу-бизнес
Dandy	денди, франт
Kontrollpunkt	контрольный пункт, блокпост
Angelus	ангелус
aufmischen	тасовать (карты)
Syphilis	сифилис
Symbiont	симбионт
Farbige	цветная, темнокожая
abmurksen	грохнуть, замочить, завалить, укокошить
Ausnahmezustand	чрезвычайная ситуация, чрезвычайное положение
Fadenkreuz	опт. перекрестие нитей, визирный крест (в оптических приборах)
Buchführung	бухгалтерия
Altersunterschied	разница в возрасте
Weitblick	дальновидность; прозорливость
auserkiesen	избира́ть
Erkundigung	справка
großmütig	великодушный
Grabstätte	место погребения; могила
Flause	причуда, дурь
Beschlag	обивка, обшивка (металлическая); оправа; оклад; прибор (дверной, оконный)
Seelenfrieden	душевный покой
Karosserie	кузов
Lähmung	паралич
Pergament	пергамент
Gummistiefel	резиновый сапог
Verführung	соблазн
beschriften	надписывать (что-л.), делать надпись (на чём-л.), писать (на чём-л., напр., адрес)
Einfaltspinsel	простак
einbinden	забинтовать, вовлекать
Klitoris	клитор
Fangfrage	каверзный (провокационный) вопрос
Machtkampf	борьба за власть
zunageln	заколачивать гвоздями
pachten	арендовать, брать в аренду
Handelsschiff	торговое судно
Müllsack	мусорный мешок
Verzerrung	искажение
Schaumbad	мыльнопенистая ванна
Sättigung	насыщение, насыщенность
Befestigung	крепление
Videothek	видеотека
ausschneiden	вырезать; выкраивать; разделывать (тушу); удалить (вырезать орган)
verdorren	засыхать
durchdenken	обдумывать, продумать
ruhelos	беспокойный, тревожный
mahnen	предупреждать, предостеречь, напоминать
Abfalleimer	мусорное ведро
Uhrmacher	часовщик
Schlucker	икота
unbeobachtet	ненаблюдаемый, никем не замеченный
Schmiede	кузница
Fingerhut	напёрсток, наперстянка
flöten	свитать
Gespött	насмешки издевательство, предмет насмешек
Pulle	разг. бутылка
Blutzelle	клетка крови
Staatsstreich	государственный переворот
aufleben	оживать, возрождаться
Schwerelosigkeit	физ. невесомость
Ehepartner	супруг, муж
Stubenarrest	домашний арест
Trog	корыто, вазон, барическая ложбина
Rattengift	крысиный яд
andrehen	привёртывать, прикручивать, привинчивать
Sonderpreis	специальная цена
Trapper	траппер, охотник
Frechdachs	нахал, нахальный молодой человек
Konditorei	кондитерская
Bürogebäude	административное (конторское) здание
Delikt	преступление, правонарушение
sonstig	прочий, другой; дальнейший
geradlinig	прямолинейный (тж. перен.)
Umleitung	объезд
einreisen	въезжать
hereinbrechen	вторгаться; вклиниваться
überraschenderweise	неожиданно
Tennisball	теннисный мяч
Improvisation	импровизация
aufstoßen	открывать (распахивать) толчком
stöbern	копаться, рыться, ковыряться
davonmachen	убираться, удирать; улизнуть
Ravioli	равиоли
luftdicht	герметический, воздухонепроницаемый
geräuchert	копчёный
losreißen	отрывать
Tässchen	чашечка
klatschnass	промокший насквозь
Gesundheitswesen	здравоохранение
Archäologie	археология
Entdeckungsreise	экспедиция, путешествие
Anstrich	окраска, окрашивание
Eintracht	согласие
Türknauf	дверная ручка-кнопка
dementieren	опровергать, отрицать
Diamantring	перстень (кольцо) с бриллиантом
dreiundzwanzig	двадцать три
schlendern	бродить
voranschreiten	идти (двигаться) вперёд
wurscht	всё равно, безразлично
Veranstalter	устроитель, организатор
Sinnlichkeit	чувственность
Andacht	благоговение
Chefarzt	главный врач, главврач
Schuldirektor	школьный директор
Hexenmeister	ведьмак, колдун, чародей, маг, волшебник
Standesamt	загс
Kurzfassung	краткое резюме (напр., речи)
Kunstgeschichte	история искусства
Auflauf	толпа, запеканка
Ausstieg	выход
Eskapade	эскапада
Verantwortlichkeit	ответственность
Nierenversagen	мед. почечная недостаточность
Anästhesist	анестезиолог
traurigerweise	к сожалению
Sakrament	религ. таинство; святыня
Reliquie	реликвия
flitzen	стремительно нестись, лететь стрелой
Keuschheit	целомудрие, девственность; непорочность, чистота; стыдливость
Fundbüro	бюро находок
Maulkorb	намордник
überschwänglich	чрезмерный, бурный, неистовый; экзальтированный
Dreistigkeit	смелость; дерзость
Marktwirtschaft	рыночная экономика
Vordergrund	передний (первый) план
Graus	ужас, кошмар
Glühwein	глинтвейн
Naivität	наивность, простодушие
verputzen	штукатурить
Geschichtslehrer	учитель истории
Arztpraxis	врачебная (медицинская) практика, врачебный кабинет
zureden	убеждать
Beschäftigte	работник, сотрудник
einäugig	одноглазый; кривой на один глаз
aufwenden	тратить, расходовать; употреблять, использовать
Smog	смог
Spinnennetz	паутина
festgefahren	застрявший, зашедший в тупик
Festessen	банкет; званый обед; пир
hängenbleiben	застрять, зацепиться
Nostalgie	ностальгия
Geldverschwendung	пустая трата денег
Ballaststoff	пищевые волокна
Fernrohr	рефрактор
Grütze	крупа, каша
widerspenstig	упрямый; строптивый
Wasserglas	стакан
apathisch	апатичный, безразличный
verheddern	разг. спутывать, запутывать
namhaft	именитый, значительный
verscharren	(неглубоко) зарывать
Ausschluss	исключение, отстранение
ausbessern	исправлять, чинить, ремонтировать; поправлять, улучшать; латать, штопать
gebrechlich	слабый, дряхлый
Aktienkurs	(биржевой) курс акций
stammeln	заикаться
Selbstzweifel	сомнение в себе
abgelaufen	истёкший, просроченный
umschlagen	переворачивать, меняться, переворачиваться, сбивать
Standbild	статуя, памятник
Ururgroßvater	прапрадед, прапрадедушка
Übersicht	обзор
Beseitigung	устранение, ликвидация
Taktgefühl	чувство ритма
ekelerregend	отвратительный, тошнотворный
beflügeln	приделывать крылья, снабжать крыльями
Zwirn	нитки; кручёная нить (пряжа)
Arbeiterklasse	рабочий класс
Garn	пряжа
Elfe	волшебный
Verhaltensmuster	манера поведения
Kajüte	каюта
Schnickschnack	безделушка, безделица, финтифлюшка, фигня
Kachel	изразец, кафель
herrisch	барский; повелительный, властный
Prüfer	проверяющий, экзаменатор, тестер
Einwanderung	иммиграция, въезд
Späßchen	шутка, шуточка
Magister	магистр
Haupttor	главные ворота
Brustschmerz	боль в груди
Reibe	тёрка
kraftlos	бессильный
Gegenmaßnahme	контрмера
unangekündigt	без предупреждения
anrechnen	засчитывать; ставить в счёт, зачислять
Mund-zu-Mund-Beatmung	искусственное дыхание «рот в рот»
streitsüchtig	любящий спорить (ссориться), задиристый; сварливый
Oregano	душица, дикий майоран
unbezwingbar	непобедимый
stillschweigend	молчаливый, безмолвный
beschreiten	обойти (вокруг чего-л.); обходить (что-л.)
vorsorgen	проводить профилактику, профилактировать
texten	составлять (рекламные) тексты (надписи)
Farn	папоротник
Languste	лангуст, лангуста
Abgas	выхлопной газ
entstammen	происходить (от кого-л., из чего-л.)
unglückselig	неудачный, несчастный, несчастливый
aufgeweckt	смышлёный, понятливый, смекалистый; расторопный
atmosphärisch	атмосферный, атмосферический
magersüchtig	страдающий анорексией
Kriminalroman	детектив, детективный роман
Ansichtskarte	открытка
Rechteck	прямоугольник
zufrieren	замерзать
schelten	бранить, обозвать, критиковать
Chrom	хром
Rückruf	отзыв/изъятие продукции (ненадлежащего качества, из продажи)
Staatsgefängnis	тюрьма штата
Gerichtsbeschluss	постановление суда
Bulldozer	бульдозер
Sonderkommando	штаб особого назначения; команда (отряд) особого назначения; специальная командировка
Mach	мах
olé	оле
Nordmann	норманн
Mordopfer	жертва убийства
Nominierung	номинация
Handgranate	ручная граната
Polizeibericht	полицейский отчёт
Bluterguss	мед. гематома
Kip	Кип
Arschgeige	засранец (, засранка (, задница, жопа
Rothaut	краснокожий
Westentasche	жилетный карман
Nordwind	северный ветер, норд
schwerlich	вряд ли, едва ли
Ukulele	укулеле
grollen	сердиться, громыхать
Wahllokal	избирательный пункт, помещение, где происходят выборы
Geldschein	банкнота, купюра
Silbertablett	серебряный поднос
Peseta	песета
Versagerin	неудачница
Echtheit	подлинность, неподдельность
hinterrücks	предательски
Sexleben	сексуальная жизнь
Häufchen	кучка
Absteige	временная квартира, пристанище
Dämpfer	техн. гаситель колебаний, амортизатор, демпфер, успокоитель, катаракт
Gondel	гондола
Duplikat	дубликат, второй экземпляр, копия (документа)
Respektlosigkeit	непочтительность, неуважение
Pressesprecher	пресс-секретарь
Feuerwerkskörper	пиротехническое средство; пиротехническая ракета
intravenös	внутривенный
überschatten	броса́ть тень, затемня́ть
Xiang	Сян
Wüstling	распутник, развратник
Scherzkeks	злой шутник
Grog	грог
Nachtklub	ночной клуб
katalogisieren	каталогизировать
zertrampeln	растоптать; раздавить (ногами)
eingewöhnen	приучать
respektabel	уважаемый
zwanzigste	двадцатый
Kaffeehaus	кафе, кофейня
Rubrik	рубрика, раздел
Bergsteigen	альпинизм
gewahr	осознающий, замечающий
Brausen	бушевать, шуметь (о море, лесе)
bejahen	отвечать утвердительно (на что-л.), подтверждать (что-л.); поддакивать
Müßiggang	безделье, праздность
Finderlohn	вознаграждение за находку
Bankdirektor	директор банка
Dringlichkeit	срочность
Blindgänger	неразорвавшийся снаряд; неразорвавшаяся бомба
Einschaltquote	ре́йтинг
hieraus	отсюда, из этого
Penicillin	пенициллин
Verfechter	защитник, поборник, борец
Rückzahlung	возврат (денег), обратная выплата
Déjà-vu	дежавю
Koteletten	бакенбарды
Kerosin	керосин
pudern	пудрить
prüde	жеманный, чопорный, чересчур стыдливый
Puppenhaus	кукольный дом
Kreuzritter	крестоносец
Warnschuss	предупредительный выстрел
Verbeugung	поклон
heda	эй
Bestatter	организатор похорон; лицо, руководящее похоронами
Bärchen	мишка, медвежонок
Flugsteig	авиац. рукав (пассажирский трап, ведущий от здания аэропорта к самолёту)
unorthodox	неортодоксальный, нестандартный
Einzelhandel	розничная торговля
Autoradio	автомобильный радиоприёмник
zerplatzen	разрываться; лопаться; разлетаться на куски
Riesenarschloch	огромный мудак
vorstrecken	протягивать (руку); вытягивать вперёд
Eizelle	яйцеклетка
einvernehmlich	дружески, мирно, полюбовно
demzufolge	следовательно
Derwisch	дервиш
Glockenschlag	удар колокола
Papaya	папайя
Bedienungsanleitung	операционные инструкции
Hauptgericht	главное блюдо, второе, основное блюдо
Sintflut	всемирный потоп
Küchenboden	кухонный пол
Abendsonne	заходящее солнце
Büstenhalter	бюстгальтер
Probezeit	испытательный срок
redegewandt	красноречивый
jahrhundertelang	многовековой
vorrätig	имеющийся ( в запасе )
Ohrwurm	навязчивая мелодия
Fahrradfahren	езда на велосипеде
Nachahmung	подражание; копирование
Obstsalat	фруктовый салат
Wohnblock	квартал, состоящий из жилых домов; жилой квартал
Kopfschmerztablette	таблетка от головной боли
Herzkrankheit	заболевание сердца, болезнь сердца
schwermütig	унылый, грустный, меланхоличный
optimieren	оптимизировать
Gemüsegarten	огород
Sandkasten	ящик с песком; песочник
Enthaltsamkeit	умеренность, воздержание; аскетизм
erfinderisch	изобретательный
sehenswert	достопримечательный, достойный внимания
Biologe	биолог
Schriftstück	официальная бумага, письменный документ
tuscheln	шептаться, шушукаться
Vortag	предыдущий день
Musikstück	музыкальное произведение
Beschränkung	ограничение
Verwunderung	удивление, изумление
welken	вянуть, увядать
Quadratwurzel	квадратный корень
Befehlsgewalt	командная власть
Sweatshirt	свитшот
Vertuschung	сокрытие (фактов); попытка замять (дело)
Oberkommando	воен. главное командование, главнокомандование; штаб (объединения)
Codewort	кодовое слово
Amara	Амара
Dummchen	дурочка, глупышка
zurückfliegen	лететь обратно; отлетать
Schießstand	тир, стре́льбище
Sensenmann	косарь
Drogentest	тест на наркотики
Verschlüsselung	шифровка, кодирование
Schnapsladen	винный магазин
nachhelfen	помогать, содействовать, оказывать поддержку (кому-л.); подправлять (что-л.); подсказывать (кому-л.)
Bezirksstaatsanwalt	окружной прокурор
Getto	гетто
Konkubine	наложница, сожительница, конкубина
Tanzmusik	танцевальная музыка
Feuerschutz	противопожарная защита
Hirnschaden	повреждение мозга
rausschicken	выслать, отправить
Espe	ботан. осина
durchgeben	подавать (через что-л.)
Koje	койка
Fiesling	пошляк
Bleichgesicht	бледнолицый
ausnützen	пользоваться, воспользоваться, эксплуатировать
unaufrichtig	неоткровенный, неискренний
beirren	смущать, сбивать с толку
Sommerlager	летний лагерь
Gemisch	смесь
Kohlensäure	угольная кислота
Küchenfenster	кухонное окно
Schilddrüse	щитовидная железа
Pflichtgefühl	чувство долга
Rückgabe	возврат, отдача
Überheblichkeit	зазнайство, надменность, высокомерие
Backpulver	пекарский порошок
Familiengeschichte	семейная хроника, история семьи (рода)
Zusammenhalt	прочность; тесная связь
knistern	потрескивать
hochmütig	высокомерный
Plüschtier	плюшевая игрушка (в виде животного)
unlösbar	неразрешимый
Obelisk	обелиск
merkwürdigerweise	странным образом; как ни странно
Wirkstoff	текст. трикотажное полотно, трикотаж
Benachrichtigung	сообщение, оповещение, предупреждение
schwankend	шаткий, нетвёрдый; неустойчивый
ausschauen	Беречься
unterordnen	подчинять
zuschließen	закрывать, запирать
Dill	укроп
gedämpft	приглушённый
herzhaft	отважный, мужественный, смелый, решительный
tauglich	пригодный, годный (к военной службе)
Friseuse	парикмахер (женщина)
Raserei	неистовство; безумие
Liebesaffäre	любовная связь
Pein	мучение, мука, страдание, пытка, терзание
Zuckerschlecken	не сахар, не мёд
Verzeichnis	перечень
Nichtsein	небытие, несуществование
Gestrüpp	кустарник
Augenklappe	повязка на глаз
Eiter	гной
Friseursalon	парикма́херская
Schulgeld	школьные деньги
Schadenersatz	возмещение ущерба
Geistesblitz	остроумие
rechtskräftig	имеющий законную силу
Zuschlag	приплата
Tapetenwechsel	смена обстановки
Jetlag	джетлаг, синдром смены часового пояса
Brathähnchen	жареный цыплёнок
hermetisch	герметический; герметичный
Nudelsuppe	суп с лапшой
Löffelchen	ложечка
schlüpfrig	скользкий, ненадёжный
Maskenball	маскарад, бал-маскарад
Schwertkampf	фехтование
Trompeter	трубач
kaltstellen	убрать, устранить
Hornochse	бык
Kutte	ряса (монашеская)
abzählen	сосчитать, пересчитать; высчитать
steuerfrei	не облагаемый налогом
Monatsmiete	месячная аренда
Metalldetektor	металлоискатель
hocharbeiten	поднять рывком вверх
verkauft	проданный
dringlich	безотлага́тельный
einarbeiten	вовлекать в работу, включать в работу, приучать к работе; вводить в курс дела, знакомить с работой
abzeichnen	срисовывать, копировать, подписывать, вырисовываться
ehrlos	бесчестный; позорный
schleimen	выделять слизь (мокроту)
ausmisten	очищать от навоза (стойло), наводить порядок (в чём-либо)
inkognito	инкогнито, под чужим именем
weitgehend	обширный, широкий, далеко идущий, значительный
wortlos	бессловесный, безмолвный
Deut	капелька, чуточка
behaaren	sich ~ покрываться волосами
Strippe	верёвка, шнур, провод
Gehabe	аффектация
Gewalttat	насилие
Vortritt	право пройти первым
Ermessen	усмотрение
Heimfahrt	поездка (возвращение) домой (на родину)
Kriegszeit	военное время, время войны
Kehlkopf	гортань
Lieblingsspielzeug	любимая игрушка
Kotflügel	грязезащитное крыло
Krankenkasse	больничная касса
angreifbar	уязвимый
Kinderbett	детская кровать
Ausrottung	уничтожение, истребление, искоренение
Gotteslästerung	кощунство, богохульство
Tanzschule	школа танцев
Fuhre	воз, подвода, повозка
Masseur	массажист
Schnellstraße	скоростная трасса
Rutsch	скольжение; счастливого пути
Klavierstunde	урок фортепиано
Pacht	аренда; сдача/взятие под аренду
überdrehen	перекручивать, превышать
südwestlich	юго-западный
Platin	платина
quittieren	расписываться (в получении чего-л.); выдавать расписку
Apparatur	аппаратура
ausdiskutieren	завершать дискуссию (прения) (по какому-л. вопросу); решать путём дискуссии (прений) (какой-л. вопрос)
täuschend	обманчивый
hirntot	с мёртвым мозгом
Wohnraum	жилая площадь; жилое помещение
Nebenrolle	второстепенная роль; второстепенный персонаж
loslaufen	разг. побежать, пуститься бежать
buddeln	копать, выкапывать
suggerieren	намекнуть, внушать
unerforscht	неисследованный; невыясненный
henken	вешать, повесить (кого-л.)
ansässig	(постоянно) проживающий; местный; оседлый
Plattfuß	плоская стопа
integriert	интегрированный
zusehends	заметно, на глазах
Computerprogramm	компьютерная программа
Bärenhunger	волчий аппетит
Lesezeichen	закладка
fotogen	фотогеничный
Löwenzahn	одуванчик, Кульбаба
geräuschlos	бесшумный
Ziegenkäse	козий сыр
randvoll	полный до краёв
vereisen	леденеть; застывать
Kuscheltier	мягкая игрушка
abschweifen	уклоняться (в сторону от чего-л.); отклоняться (от темы); вступать на неверный путь
Fröhlichkeit	весёлость, радость
Informatik	информатика
bestreichen	намазывать (что-л. чем-л., на что-л. что-л.); обмазывать, смазывать (что-л. чем-л.)
Augenweide	загляденье
Nebenraum	вспомогательное (подсобное) помещение
Turban	чалма
Informationsquelle	источник информации
Einlass	впуск; подвод; подача
Fruchtbarkeit	плодородие, плодородность; плодовитость; продуктивность
Zwieback	бисквит
Scheitel	пробор, вершина
Vietnamkrieg	Война во Вьетнаме
Zucht	выращивание , культивация , разведение, культура, дисциплина
Weben	ткание
lebensbedrohlich	угрожающий жизни
Sportunterricht	физкульту́ра
Umbruch	перелом, вёрстка
Gesetzgeber	законодатель , законодательный орган
Eisenstange	металлический стержень
Büroklammer	скрепка
Mormone	мормо́н
erholsam	содействующий отдыху
Koryphäe	корифей
zusammenfinden	соединяться; встречаться, сходиться, собираться; сдружиться
klirren	дребезжать, звенеть
dolmetschen	(устно) переводить; толмачить (уст.)
anspornen	пришпоривать (лошадь)
unbeabsichtigt	непреднамеренный, неумышленный
mucksmäuschenstill	тихо как мышка
vertrödeln	тратить попусту
schlecken	разг. лизать, лакать
Pfaffe	поп
abregen	разг. успокоиться
Countrymusik	кантри-музыка
federn	линять (терять перья)
herumschubsen	толкать, помыкать
davonrennen	убегать
Wenigkeit	малость, пустяк, безделица, небольшое количество
Ergreifung	схватывание, захват (кого-л.)
Schlepptau	гайдроп
Druckwelle	волна сжатия, взрывная волна, ударная волна
Albino	альбинос
Junggesellenabschied	мальчишник (перед свадьбой)
Spange	пряжка; застёжка; браслет
Menschenfreund	филантроп, человеколюб
Gully	люк, сток
Aasgeier	стервятник
Versteigerung	торги, аукцион; продажа с молотка
Versicherungspolice	страховой полис
Pore	пора
Strafmaß	мера наказания
Patenonkel	крёстный отец
aussortieren	отсортировать, отобрать
kleinkriegen	разг. промотать (состояние)
mitreden	участвовать в разговоре
schalldicht	звуконепроницаемый
untertreiben	преуменьшать
metaphorisch	метафорический
Begünstigter	выгодоприобретатель
mitmischen	принимать участие в общем деле
entweihen	осквернять
erretten	спасать, избавлять, освобождать
vierteilen	истор. четвертовать
abtasten	ощупывать, прощупывать; нащупывать (зондировать) почву; пальпировать
vornherein	заранее, с самого начала
Mehrzahl	большинство, множественное число
Massenmedium	средство массовой информации
Zeichentrickfilm	мультфильм
droben	(там) наверху
Grundbesitz	недвижимое имущество; земельная собственность, землевладение
Binde	повязка
zutage	наружу, на свет
paarweise	попарно, парами; по два
Hauptproblem	главная проблема
Stiefsohn	пасынок
Lichtstrahl	световой луч
Bekämpfung	борьба (с кем-л., с чем-л.); поражение, подавление (кого-л., чего-л.); преодоление (чего-л.)
Most	виноградное сусло
Süßwasser	пресная вода
heraushalten	держаться особняком (нейтрально) (в чём-л.)
ausweichend	уклончивый
Kommilitone	однокурсник
vorschweben	мерещиться, представляться (кому-л.)
zürnen	рассердить, сердиться
gläsern	стеклянный
mustern	осматривать; обозревать; разглядывать; окидывать взглядом
Schopf	вихор, чуб; хохол (тж. у птиц); шевелюра
umrühren	мешать, перемешивать
Briefmarkensammlung	коллекция марок
piep	пип, писк
Darre	сушилка, засыхание
Dampfbad	паровая баня
Rotschopf	рыжий, рыжеволосый
Schrotthaufen	груда металлолома
Zeugenschutz	защита свидетелей
Zwischenstopp	промежуточная остановка
Stammlager	основной лагерь
Maskerade	маскарад
Vierter	четвёртый
Trauzeugin	свидетель акта бракосочетания (женщина)
Eishockey	хоккей
Ale	эль
Anzugträger	человек в костюме
Alk	чистик
knifflig	замысловатый, заковыристый (о работе и т. п.), щекотливый (о вопросе, ситуации и т. п.)
Popo	попа
Kammerflimmern	фибрилляция желудочков
protzig	вызывающий, кричащий, вычурный
glamourös	гламурный
Vorstandsmitglied	член правления (президиума)
eidesstattlich	равносильный присяге
Knappe	истор. оруженосец (тж. перен.)
Zugangscode	код доступа
entfesseln	освобождать от цепей (оков, пут); разбить цепи (тж. перен.)
verdreht	искажённый, извращённый
dummerweise	по глупости, как назло, к сожалению
Neurologe	мед. невролог
goldig	милый, прелестный, обворожительный
Titelbild	фронтиспис
Japse	япошка
zurückkriegen	разг. возвращать (себе), получать обратно
Uhrzeigersinn	часовая стрелка
Schafspelz	овечья шкура
Erdatmosphäre	атмосфера земли
Wollust	наслаждение
schlängeln	извиваться, виться, изгибаться
variieren	варьировать, изменять
quadratisch	квадратный
Tennisspiel	теннис
gegenüberliegend	противоположный; противолежащий
radeln	ехать на велосипеде, ездить на велосипеде, кататься на велосипеде
Obduktion	вскрытие
Bauernmädchen	крестьянская девушка
übertragbar	переносной, с правом передачи другим людям
Schwips	опьянение, хмель
Pilgerfahrt	паломничество
Suff	пьянство
Lebensinhalt	смысл жизни
ausschlaggebend	решающий, имеющий решающее значение
Stammzelle	стволовая клетка
Fährmann	паромщик, перевозчик
Freiheitskämpfer	борец за свободу
Gehirntumor	опухоль головного мозга
Annonce	объявление
Gerinnsel	текучая вода
Unterkühlung	охлаждение; гипотермия; переохлаждение
Vergeudung	расточительность; расточение, расточительство; мотовство
Knebel	кляп
Aussetzer	техн. перебой, пропуск; прерывание; остановка (в работе двигателя)
Vertrautheit	интимность, близость
Wiederherstellung	восстановление, реставрация
begriffsstutzig	несообразительный, непонятливый
Mausoleum	мавзолей
Yuko	Юко
Maulesel	лошак
beisetzen	добавлять (соль в суп); подставлять; поставить (кушанье на плиту)
bildschön	красивый (как картинка)
Staatschef	глава государства
hiernach	после этого
Pauke	литавры
Gockel	петух
aufreiben	подтирать, вытирать
verlagern	перебазировать, переводить; перемещать; сдвигать, смещать
eigennützig	корыстный
unerschrocken	бесстрашный
Ammenmärchen	бабьи сказки
Sachlage	положение вещей, положение дела, ситуация
seitwärts	вбок, в сторону
Jahresende	конец года
Eber	хряк
Entziehungskur	лечение алкоголиков (наркоманов) воздержанием
aufbrausend	вспыльчивый
Lebenszweck	цель жизни
Wohnungstür	входная дверь (в жилое помещение)
Spezialistin	специалистка
Zeltplatz	площадка для разбивки палаток
Lakritze	ботан. лакрица, лакричник, солодка
Heldentum	героизм
Kaminfeuer	огонь в камине
Geigerzähler	счетчик Гейгера
Selbstüberschätzung	переоценка своих возможностей, способностей
kariert	клетчатый
wässrig	водный, водянистый
Kelle	ковш, половник, черпак, мастерок
Lebenspartner	спутник жизни, партнёр
Großpapa	дедушка
Tarantel	тарантул
verunstalten	(из)уродовать; обезображивать, обезобразить
schmälern	суживать
umgänglich	общительный; обходительный, уживчивый
unbestritten	бесспорный, неоспоримый; неопровержимый
umgestalten	преобразовывать, видоизменять; преображать; реорганизовывать
zurückdenken	вспоминать (о чём-л.); думать о прошлом, обращаться в мыслях к прошлому
Elfmeter	одиннадцатиметровый, пенальти
lodern	пыла́ть
Türklinke	ручка двери
handwerklich	ремесленный, кустарный
sehnlich	заветный, страстный
blutrot	кроваво-красный
stolzieren	гордо (самоуверенно) шагать (выступать); важно шествовать (прохаживаться)
blödsinnig	слабоумный, тупоумный, тупой, глупый; идиотский
fesch	элегантный; шикарный
skurril	смешной, странный
unabdingbar	неотъемлемо
Pronomen	местоимение
spöttisch	насмешливый, иронический, язвительный, издевательский
Liebesroman	любовный роман
dannen	оттуда
Tatar	татарин
Richtigkeit	правильность
Waldrand	опушка леса
Wandlung	перемена, изменение; превращение; преобразование
Sportteil	спортивный отдел (газеты)
Schippe	лопата, заступ
bestechlich	подкупный, продажный
Adlige	дворянин
wohnhaft	проживающий
Tonart	муз. тональность
Spielstand	спорт. счёт очков
Gleichnis	подобие, подобный облик
verflüchtigen	отгонять
methodisch	методичный
erweichen	размягчать; размачивать; смягчать
Astrologe	астролог
bevormunden	опекать
Pferdefleisch	конина
vorhalten	держать (что-л. перед чем-л.)
zurechtweisen	наставлять (кого-л.); (с) делать выговор (кому-л.); (по) ставить на место (кого-л.), одёргивать (кого-л.)
entkleiden	раздевать, снимать одежду (покров)
immerwährend	постоянный, вечный; беспрестанный
auseinanderleben	становиться чужими друг другу, (всё больше) отчуждаться
roden	корчевать; расчищать под пашню (участок)
gefräßig	прожорливый, ненасытный
Geburtstagskarte	поздравительная открытка
flau	слабый, вялый, истощённый
abschließend	заключительный, окончательный, завершающий
durchblättern	перелистывать
Bestechungsgeld	взятка
Mondlandung	прилунение, посадка на Луну, приземление на Луну
trunken	пьяный, опьянённый
Weihnachtszeit	рождественские дни
geläufig	употребительный, привычный, известный (напр., о слове)
Wohnungsschlüssel	ключ от квартиры
mildern	смягчить, облегчать, ослаблять
ausgewogen	уравновешенный
Träumerei	мечты, мечтания, грёзы
obligatorisch	обязательный
Größenwahn	мания величия
märchenhaft	сказочный, волшебный; сказочно-прекрасный; чудесный, великолепный
Bildungssystem	система образования
Sparschwein	свинья-копилка
Regenwetter	дождливая погода, ненастье, непогода
Sonnenblume	подсолнечник, подсолнух
Volkslied	народная песня
Sandburg	песочный замок
zweiundzwanzig	двадцать два
Obstbaum	плодовое дерево
anderenfalls	иначе
Vorratskammer	кладовая
Ballade	баллада
Schnösel	сноб, хлыщ
Vermählung	размол; измельчение
hinfällig	неустойчивый, шаткий, непрочный; дряхлый; ветхий
Blutkreislauf	кровообращение, сердечно-сосудистая система
Gemeinderat	совет общины
morsen	работать на аппарате Морзе
Todestrakt	камера смертников
Bergung	сохранение
Etikette	этикетка
Ausbeute	выход (готового продукта из сырья)
Steuerberater	консультант по налоговым делам
Schatzmeister	устар. казначей
verpatzen	запороть, испортить
Gibbon	гиббон
Footballspiel	футбольный матч
Ressort	ведомство; круг обязанностей, компетенция
R-Gespräch	звонок за счёт вызываемого
Ladehemmung	осечка
Asbest	асбест, Асбе́ст
Bohrinsel	буровая платформа
Vorstoß	воен. удар; атака; (стремительное) наступление, продвижение (тж. перен.); поиск
Fleischwunde	рана в мякоть
Wassertank	бак для воды
Tanga	танга
Grobian	грубиян
unkonventionell	необычный, нетрадиционный; неформальный
ablecken	облизывать, слизывать
Abwasserkanal	канализационный канал, канализационный коллектор, сточная труба
verknacken	разг. засудить, приговорить к заключению (кого-л.)
abstützen	подкреплять, подкрепить, подпереть, поддержать
Smoothie	смузи
schleusen	шлюзовать (суда)
abgreifen	(ис)трепать; затаскать (тж. перен.); захватать (руками)
Stallbursche	конюх
traut	уютный; милый
abgetrennt	отделённый, отрезанный
sexen	заниматься сексом
aufpeppen	разг. улучшать; придавать изюминку; обновлять
herbeirufen	звать, подзывать, вызывать
aufsaugen	впитывать, поглощать, всасывать
Zahnrad	техн. шестерня, зубчатое колесо
Geiselnahme	взятие в заложники
Bootshaus	морск. эллинг
Gaststar	приглашённая звезда
Endeffekt	результат
Gästehaus	резиденция (гостиница для) официальных гостей (напр., участников съезда)
Rupia	рупия
Befehlskette	цепочка команд
Blutbild	анализ крови
Hyperraum	гиперпространство
Karat	карат
Riesending	громадина
Relais	реле
Mikrofilm	микрофильм
Etablissement	заведение
Suspendierung	суспендирование, отсрочка действия (международного договора)
Mittelsmann	посредник
Lebenserhaltung	жизнеобеспечение
Shilling	шиллинг
Staatssekretär	госсекретарь
reinreiten	втянуть, подставить
Hausfriedensbruch	незаконное вторжение
Traktorstrahl	тяговый луч
Harpune	гарпун
zunähen	зашивать; пришивать
Gaskammer	газовая камера
Lockvogel	приманка, подсадная утка
Stripclub	стриптиз-клуб
ausreiten	выезжать верхом
backbord	левый борт
Dip	соус, дип
Revolverheld	любитель пускать в ход оружие; вооружённый гангстер
Luftschacht	воздуховод, вентиляционная шахта
Bockmist	чушь, ерунда
Kollateralschaden	сопутствующий ущерб
Fallakte	дело, папка по делу
erwirken	добиваться (чего-л.); вытребовать, выхлопотать (что-л.)
Baa	бе
ausweiden	потрошить, выпотрошить
Phlox	флокс
mickrig	маленький, недоразвитый, жалкий, слабый, немощный, хилый
ranlassen	подпустить, дать подойти
arisch	арийский
dekadent	книжн. декадентский
ausräuchern	окуривать, выкуривать, изгонять
aufrollen	развёртывать (рулон); раскатывать (ковёр); разматывать (напр., плёнку с катушки)
Rechtschreibfehler	орфографическая ошибка
ungehorsam	непослушный, непокорный
vorweg	вперёд
Bewegungsmelder	датчик движения
Zehennagel	ноготь пальца ноги
Geschäftswelt	деловой мир
Tragweite	дальность действия; дальнобойность (орудия)
Sternchen	звёздочка
grantig	рег. (ю.-нем.) ворчливый; раздражённый
Betriebsrat	производственный совет
Armreif	браслет, браслетка
Schneiderin	портниха
Latschen	волочить ноги; шлёпать; шаркать
zerrinnen	расплываться, растекаться, расходиться
logischerweise	логически
Finanzberater	консультант по финансовым вопросам, финансовый консультант
Kieme	жабра
Hütchen	шапочка, шляпка
Frühstücksflocke	хлопья на завтрак
Eisbeutel	пузырь со льдом
Halbfinale	полуфинал
Walross	морж
Galopp	галоп
Kinderarzt	детский врач, педиатр
Urlaubsort	курорт, место отдыха
Farbstoff	краситель, краска
Kannibalismus	каннибализм, людоедство
Familienfeier	семейный праздник
veräußern	отчуждать
Haarausfall	выпадение волос
Paläontologe	палеонтолог
Menschenwürde	человеческое достоинство
Dackel	такса
Bilderbuch	книга с картинками
appetitlich	аппетитный, привлекательный
essentiell	существенный
gefühlsmäßig	продиктованный чувством, эмоциональный
kleckern	капать, пачкать
Staudamm	дамба
Cowboystiefel	ковбойский сапог
Spross	побег
Verkehrslärm	шум дорожного движения
Verzierung	украшение
Banalität	банальность
Risikofaktor	фактор риска
einspielen	обучать музыке (игре на музыкальных инструментах)
kahlköpfig	лысый
Gleichgesinnte	единомышленник
elterlich	родительский
Landmine	наземная мина
außerehelich	внебрачный
unbekleidet	неодетый, нагой
Nettigkeit	любезность
verpflanzen	пересаживать, высаживать (растения)
schlafwandeln	быть лунатиком
aufheizen	техн. растапливать, разжигать (печь)
leiben	was da leibt und lebt — всё живое
Tunichtgut	бездельник, негодник
unzurechnungsfähig	невменяемый
Erbauer	строитель, создатель
Kaminsims	каминная полка
Qualm	дым, чад
Lebenswille	воля к жизни, инстинкт самосохранения
Zwist	ссора, раздор, смута
Totenbett	ложе смерти
mitschuldig	причастный (к преступлению); совиновный
abweisend	неприветливый, отстранённый
Thronfolge	престолонаследие
Feinschmecker	гурман
Geschichtenerzähler	рассказчик
Unkosten	издержки, затраты
Buttermilch	пахта, пахтанье
Schlussstrich	черта в конце документа
Tröpfchen	капелька
quicklebendig	живой и здоровый, бодрый
Taubheit	глухота
Kameradschaft	товарищество
Eheproblem	проблема в браке
Aufschluss	Aufschluss geben — разъяснять (что-л.), дать разъяснение (по поводу чего-л.)
Bürgerpflicht	гражданский долг
Krebsgeschwür	раковая опухоль
abstempeln	ставить штемпель; накладывать клеймо (на что-л.)
Unschuldslamm	невинная овечка
Krautsalat	салат из капусты
Falschheit	неправильность, неправда, фальшивость
Anständigkeit	приличие
Teigtasche	кулин. вареник; пельмень
Startschuss	стартовый выстрел
Revue	ревю
hineinsehen	заглядывать
entfremden	отчуждать (у кого-л.)
Filzstift	фломастер, волоконный карандаш
ausrücken	выдвигать, выступать
Kurzzeitgedächtnis	кратковременная память
Donnerstagabend	вечер в четверг
Syrer	сирийский
Vermerk	заметка, отметка, пометка, запись в деле
Versicherungsgesellschaft	страховое общество
Obszönität	непристойность, скабрёзность
wegreißen	вырывать; отрывать
Auslage	выставка (товаров в витрине), витрина
Euphemismus	эвфемизм
auflassen	закупоривать
Sesam	кунжут, сезам
hinterherjagen	гнаться, преследовать
prähistorisch	доисторический
Reinigungsmittel	техн. очистительное средство, детергент
erlesen	изысканный
Reagenzglas	пробирка
liebreizend	миловидный, привлекательный, прелестный, обаятельный
betrüblich	печальный, прискорбный
fachlich	специальный, профессиональный
Hefe	дрожжевый гриб, дрожжи
Gestaltung	оформление
anwendbar	применимый, пригодный
Geltung	значение; значимость; ценность
Felsbrocken	обломок скальной породы
säumen	перевозить вьючным способом
Bodenschatz	полезное ископаемое
osmanisch	османский
Handgepäck	ручной багаж, ручная кладь
Hoffnungsschimmer	проблеск надежды
Kaffeetrinken	чаепитие
wortgewandt	красноречивый
Sparkonto	накопительный счёт, сберегательный счёт
hinwegsehen	смотреть поверх (чего-л.)
Unfriede	раздор(ы), несогласие, разлад
Baumeister	архитектор, строитель, зодчий
munden	поэт. быть по вкусу, нравиться
Libelle	стрекоза
Haarspalterei	мелочность
Bronchitis	бронхит
Verbrauch	употребление, расход
Transparenz	прозрачность
Kernkraftwerk	атомная электростанция
Schattenseite	теневая сторона
spröde	ломкий, потрескавшийся, высохший, неприступный
beherzt	мужественный, решительный
prasseln	стучать, трещать
Gegebenheit	данное; данность; данные (действительные) условия
gebürtig	коренной, уроженец, уроженка
Windhauch	дуновение ветра
Planetarium	планетарий
Ozonschicht	озоновый слой
Witterung	погода; состояние погоды; атмосферные условия, метеорологические условия
Badewasser	вода для купания
Ruhetag	день отдыха; выходной (нерабочий) день
wahrheitsgemäß	правдивый
undurchsichtig	непрозрачный
Gulden	гульден (денежная единица в Нидерландах)
Stoppuhr	секундомер
Griesgram	ворчун, брюзга
Hautausschlag	сыпь
Arbeitslosengeld	пособие по безработице
Unfallstelle	место происшествия
Erdgas	природный газ
Stadtverwaltung	городское самоуправление
Wartungsarbeit	техническое обслуживание
Vatertag	день отца
Zuspruch	утешение, одобрение
Reisetasche	дорожная сумка, саквояж
Notbremse	стоп-кран
Schnuller	соска, пустышка
Beobachtungsgabe	наблюдательность
hinaufgehen	восходить
Freizeitpark	парк развлечений
Lokalzeitung	местная газета
urkomisch	ужасно смешной
liebkosen	ласкать, лелеять
wohltuend	благотворный, приятный
elendig	жалкий, убогий
Halbwahrheit	полуправда
Siesta	сиеста
verenden	падать, издыхать
überliefern	передавать; вручать
Glassplitter	осколок стекла
US-Bürger	гражданин США
hochinteressant	интереснейший, очень (в высшей степени) интересный
tätscheln	ласкать
verschroben	странный, взбалмошный
bersten	разрывать, трескаться
Überschuss	избыток, излишек
spähen	высматривать, наблюдать
rascheln	шуршать
geregelt	упорядоченный, регулируемый
abklingen	отзвучать; затихать; затухать (о колебаниях); постепенно проходить
liebhaben	любить
bedenklich	сомнительный
Bergleute	шахтёры, горняки
Popstar	поп-звезда
Pilotin	лётчица
Stöpsel	пробка, карапуз
Fernfahrer	дальнобойщик
kaltherzig	холодный, чёрствый, бессердечный
Hauptverdächtige	главная подозреваемая
Idealismus	идеализм
Kinderarbeit	детский труд
Frühschicht	утренняя (ранняя, первая) смена
obendrauf	сверху
Anbetung	поклонение, боготворение, культ; обожание
Behausung	жилище, житьё, приют
verwurzeln	(глубоко) укореняться
Gesichtsfarbe	цвет лица
Entchen	уточка
Ausschreibung	тендер
Deponie	свалка
Malheur	несчастье, конфуз
Kaufleute	торговцы, коммерсанты
Giftschlange	ядовитая змея
berauschend	опьяняющий, пьянящий
Schnapsidee	дикая (сумасбродная) мысль (затея)
Abweg	ложный путь
Tempus	время
Frühjahrsputz	весенняя уборка
pausieren	делать паузу (передышку), передохнуть
eingelegt	маринованный, вложенный
Geschäftsleben	деловая жизнь
Weihnachtsmorgen	рождественское утро
dementsprechend	соответствующий
beeinflussbar	внушаемый, поддающийся влиянию
verschnaufen	переводить дух
Napf	миска, чашка; горшок
Wasservorrat	запас воды
Werfer	метательное оружие (миномёт, гранатомёт, пусковая установка и т. п.)
Grashalm	травинка
Zurückweisung	отказ; отклонение; отвод
Rettich	редька
Religionsfreiheit	свобода вероисповедания
umschließen	поворачивать ключ в замке
heucheln	притворяться
Tagesgericht	дежурное блюдо
Regung	эмоция, позыв, побуждение
gespenstisch	призрачный
Hinterbein	задняя нога
unversucht	неиспытанный, неиспробованный (напр., о возможностях)
prellen	сильно удариться (обо что-л.); наскочить (на кого-л.)
zögernd	нерешительно
Salbei	шалфей
Marzipan	марципан
naheliegend	естественный, понятный
unvorhergesehen	непредвиденный, непредусмотренный
aufleuchten	вспыхивать, вспыхнуть
bekräftigen	техн. упрочнить, усиливать, крепить
ausgestattet	оснащённый, оборудованный
Dienerschaft	слуги, прислуга; челядь (уст.)
ansprechbar	доступный (для общения)
Attest	удостоверение, свидетельство, аттестат; заключение (экспертное, врачебное)
Vorvater	праотец, предок
Altenheim	дом престарелых
massig	массивный
umeinander	друг вокруг друга
Unterzeichnung	подписывание, подписание; подпись
Faible	слабость, склонность
Gestell	каркас
Schmauchspur	след пороха
Fleischwolf	мясорубка
Rechtsstreit	судебная тяжба, процесс; спор (решаемый в судебном порядке)
Widmung	посвящение
Einschüchterung	устраше́ние
Eisschrank	холодильник (комнатный)
Weiblichkeit	женственность
implizieren	подразумевать
Fahrgestell	шасси, рама
Raffinesse	книжн. хитрость, коварство
abstumpfen	притуплять (иглу, нож); срезать, стёсывать (углы, грани)
unabsichtlich	непреднамеренно, случайно
Schlagstock	дубинка (резиновая)
Leckerli	лакомство
zweitrangig	второсортный, второразрядный; второстепенный
Kriecher	подхалим, подлиза
niederstrecken	уложить, убить, сразить (наповал); повалить
Stimmband	голосовая связка
Ruhestörung	нарушение порядка; нарушение тишины
Dienstmagd	служанка
Trugbild	призрак
unbenutzt	неиспользуемый, оставшийся без употребления
Kindersitz	детское сиденье (в автомобиле, на велосипеде)
Brandopfer	жертва пожара
blutüberströmt	залитый кровью
limitiert	ограниченный
beidseitig	двусторонний (о ткани и т. п.)
mitziehen	тащить вместе с другими
Schönheitschirurg	пластический хирург
zugelassen	допущенный, разрешённый
saublöd	глупый до невозможности, дурацкий
tückisch	коварный, вероломный
Seetang	водоросли
keck	дерзкий
schwungvoll	пламенный, воодушевлённый, страстный, исполненный энтузиазма (подъёма); темпераментный
auskundschaften	разузнавать, выведывать; разведывать (местность)
bestreben	sich ~ стараться, стремиться (что-л. делать)
Druckfehler	опечатка
alsbald	тотчас
Unterlass	без остановки, беспрестанно
reichhaltig	богатый; содержательный; обильный
Erdball	земной шар
Stimmzettel	избирательный бюллетень
unwahr	несоответствующий
Deich	плотина, вал, дамба, запруда
Windstoß	порыв ветра
Schulweg	дорога в школу
gefahrlos	безопасный
Zitronensaft	лимонный сок
Meinungsfreiheit	свобода слова
Geldbetrag	денежная сумма
erneuerbar	возобновляемый (об энергии)
Klacks	пустяк, ерунда
pecken	клевать
Scheißangst	груб. отвратительный, животный страх
Lümmel	шалопай
Friedensangebot	мирное предложение
Viertelmillion	четверть миллиона
verladen	грузить, производить погрузку (чего-л. куда-л.)
Dienstmarke	служебный знак; бляха (носильщика и т. п.)
Racker	озорник, сорванец
Rachefeldzug	месть, кампания мести
Lösegeldforderung	требование выкупа
hernehmen	взять, достать
Fettarsch	жирная задница
Bandenkrieg	война банд
Turteltaube	горлица, горлинка, воркующие голубки
Bai	залив
Herzfrequenz	мед. частота сердечных сокращений
Doppelmord	двойное убийство
Verstümmelung	увечье, искалечение, изуродование
filzen	обыскивать
Synapse	синапс
intubieren	интубировать
Spürhund	ищейка
verwesen	разлагаться, гнить
Gerichtsdiener	служитель при суде
Leichensack	мешок для трупа
Polizeisirene	полицейская сирена
Paparazzo	папараццо
lahmen	хромать
Unterstellung	подчинение
Mordversuch	попытка убийства
durchleuchten	просвечивать, светиться (сквозь что-л.)
Kanake	племя в полинезии — канаки. Ругательное слово, преим. используемое в Германии в отношении в отношении представителей южных стран
Wechseljahre	климакс
Niagarafälle	Ниагарский водопад
rausreden	отговариваться, выкручиваться
anbetteln	просить милостыню (у кого-л.)
Schmuggel	контрабанда
sponsern	спонсировать
Zuckerguss	сахарная глазурь
Lagebericht	воен. донесение об обстановке; оперативная сводка
Agha	ага
abkassieren	собирать (деньги)
eintreiben	вбивать
umnieten	сравнять с землёй (переносный смысл), изничтожить
gepanzert	бронированный
herumschleichen	шататься, слоняться, шляться
entgegnen	возражать; выступать против (напр., в споре)
Steinbruch	каменоломня
Brandzeichen	клеймо
Metier	профессия, ремесло
Modenschau	показ мод
Klapse	психушка
Wirtin	хозяйка
Heilsarmee	армия спасения
Gestaltwandler	оборотень
Geschwafel	болтовня
Waffenruhe	воен. перемирие
Nacktfoto	голое фото
Gehirnzelle	клетка мозга
Schatzsuche	поиск сокровищ
Pokerspiel	игра в покер
Straßenräuber	грабитель; разбойник
drumherum	разг. мелочи, приклад; украшения
Supermann	супермен
Urinprobe	анализ мочи
Kampfsport	спортивное единоборство
minimieren	минимизировать
Kotzbrocken	мерзавец, урод
entsichern	снять с предохранителя, (по) ставить на боевой взвод ( оружие)
Kunsthändler	торговец предметами искусства
Computersystem	компьютерная система
Verschiebung	перемещение
Erkundung	разведка (недр, местности); рекогносцировка
ausbezahlen	выплачивать сполна
einsitzen	просидеть, (сидя) продавить
sprichwörtlich	вошедший в поговорку; носящий характер пословицы
leasen	брать напрокат
Behandlungsmethode	способ лечения, метод лечения
Pistazie	фисташка
ruhigstellen	иммобилизовать
raushauen	вытащить, выдать
weiterverfolgen	продолжать преследовать
Este	эстонец
ersäufen	утопить
Götterspeise	амброзия
Käppi	кепка
freikommen	освобождаться; выходить на свободу (на волю); сойти (сняться) с мели
Depesche	телеграмма; спешное уведомление, депеша
Neuankömmling	новоприбывший
modellieren	моделировать
mildernd	смягчающий
gottesfürchtig	богобоязненный
strampeln	дрыгать (сучить) ногами, болтать ногами (и руками); барахтаться
durchgreifen	принимать решительные меры, действовать решительно
sonnenklar	ясный как день, совершенно очевидный
fettarm	нежирный, маложирный
zurückschreiben	ответить письменно, отписать
nachträglich	позже, задним числом
Vorsorge	предусмотрительность, заботливость
Weinkarte	прейскурант вин
Gesichtszug	особенность, черты лица
Basketballspieler	баскетболист
mühselig	мучительный
Fünkchen	искорка, капелька
Handlungsweise	образ действия, линия поведения; поступок
Handbremse	ручной тормоз
Messing	латунь, жёлтая медь
Stündchen	часок
Mauerblümchen	цветок, растущий на стене
Botanik	ботаника
Preisnachlass	скидка
Kriminalitätsrate	уровень преступности
ansiedeln	селить, поселять
Aggressivität	агрессивность
Angelrute	удочка
zuzwinkern	подмигивать (кому-л)
Glasscheibe	оконное стекло
muhen	мычать
Lederhose	кожаные штаны
Basketballspiel	баскетбольный матч
speien	плевать
Gruselfilm	фильм ужасов
heranziehen	привлекать (к чему-л.); вовлекать (во что-л.)
ungenutzt	неиспользованный
Ölgemälde	картина маслом
tapezieren	оклеивать, обивать
Ausstellungsstück	экспонат выставки
rötlich	красноватый
Tomatensuppe	томатный суп
Studienjahr	учебный год (в вузе)
vollends	полностью, совсем
Sichel	серп
Autotür	дверь автомобиля
Ehegatte	муж, супруг
wehmütig	грустный, унылый, печальный; меланхолический; щемящий душу
Essbares	съестное, еда
Teetasse	чайная чашка
Voraussage	предсказание, прогноз
kurzum	одним словом, короче говоря
gemeinhin	обычно, обыкновенно, вообще
Mondfinsternis	лунное затмение, затмение Луны
Zugvogel	перелётная птица
schwätzen	болтать
Eintagsfliege	подёнка
Steinchen	камешек, камушек
herhalten	подставлять, протягивать (говорящему)
Kieker	(морской) бинокль
schonend	щадящий, бережный
verkatert	с похмелья
Puste	дыхание, дух
Herausgabe	выдача, передача
Sinnlosigkeit	бессмысленность, бессмыслица; бестолковость
Abenteuerlust	жажда приключений
Bademeister	смотритель купален (ванн)
Zinn	олово
Umwandlung	преобразование; трансформация; превращение
Mobbing	травля, моббинг
überwiegen	преобладать
Angeberei	доносы, наушничанье
Oberschicht	верхний слой, верхняя прослойка
ehelichen	высок. жениться (на ком-л.); выйти замуж (за кого-л.); сочетаться (законным) браком (с кем-л.)
ihrerseits	со своей стороны
Nachbarhaus	соседний дом
rosarot	розовый, радужный
Eremit	отшельник
Urlaubstag	отпускной день; день отпуска
Geldstück	монета
rituell	обрядовый, ритуальный
verzapfen	цедить (напр., пиво из бочки с краном); продавать распивочно; отцеживать
schwächlich	слабый, слабосильный, хилый, тщедушный
Bienenstich	укус пчелы
alljährlich	ежегодный
abfällig	отрицательный, неблагоприятный (об оценке)
isoliert	изолированный
Puder	пудра
Produzentin	производительница
Waffenlager	оружейный склад, склад оружия, арсенал
Tao	дао
Scheißhaufen	куча дерьма
Turteltäubchen	ирон. воркующий голубок (по отношению к влюблённым, флиртующим, обычно во мн. ч.)
Bagger	экскаватор
Gel	гель
rausrutschen	выскользнуть, вырваться
Zellenblock	тюремный блок
Wohltätigkeitsveranstaltung	благотворительное мероприятие
Zauberbuch	колдовская книга, книга заклинаний
Praktikantin	практикантка, стажёрка
Blutzucker	сахар в крови
Drüse	железа
Halbblut	метис
verschiffen	отправлять морем (водным путём); погрузить на корабль
raufgehen	подниматься, идти наверх
zustecken	закалывать (что-л. булавкой, брошкой и т. п.)
Plakette	(памятная) медаль; спортивный значок (прямоугольной формы)
zerhacken	разрубать, (из)рубить (на куски), раскалывать
Arsen	мышьяк, Арсен
Planke	планка; дощатый забор; барьер
Walkie-Talkie	рация
Minivan	минивэн
Steckbrief	досье, ориентировка
Ghul	гуль / гул
ekelig	противный, мерзкий
anschleppen	разг. подтаскивать; притаскивать, приволакивать
Sicherheitsprotokoll	протокол безопасности
Bubi	малыш, сынок
rehabilitieren	юр. реабилитировать
trödeln	мешкать
ausstopfen	мед. тампонировать
Airbag	подушка безопасности
hoi	привет
Squire	оруженосец
abtrünnig	отпавший, изменивший, мятежный
Cup	кубок
Stummer	немой
Leviathan	мифол. левиафан; Левиафан
nordwärts	на север, к северу; севернее
Trapez	трапеция
Gemütlichkeit	ую́т
unnahbar	неприступный, недоступный, высокомерный, надменный
Einöde	глушь
vorherbestimmen	предопределять, предназначать
Katalysator	катализатор
genehm	подходящий, приятный
Adoptiveltern	приёмные родители
Lache	лужа, смех, хохот
Schlauchboot	надувная лодка
Unterbringung	помещение, напечатание (статьи)
Irrgarten	лабиринт
Telefonkonferenz	телефонная конференция
arschkalt	очень холодный, дубак, чертовски холодный
Lebenswandel	образ жизни
beteiligt	причастный, участвующий
verklingen	отзвучать (о музыке); замирать (о звуках)
Kostenvoranschlag	предварительная смета (расходов)
Hypochonder	ипохондрик
Oberstübchen	разг. чердак, черепок, башка
Glasauge	стеклянный глаз
Einfallsreichtum	изобретательность, находчивость, сообразительность
Alufolie	алюминиевая фольга
Straffreiheit	безнаказанность
Turnerin	гимнастка
Wallach	мерин
Türgriff	дверная ручка
hereinbitten	просить войти
Erlös	выручка, прибыль; барыш
Nebenprodukt	побочный продукт
angeberisch	хвастливый
Adamsapfel	адамово яблоко, кадык
zurechtmachen	приготавливать; подготавливать; готовить; приводить в порядок
Chaot	раздолбай, хаотичный человек
auspumpen	выкачивать, откачивать
Schutzkleidung	защитная одежда, спецодежда
Mafiaboss	главарь мафии
vordrängeln	проталкиваться, протискиваться, пролезать вперёд
Betrügerei	обман, уловка, надувательство
auskosten	испытать, вкусить
bemächtigen	овладевать
gelöscht	удалённый, стёртый
umstoßen	опрокидывать
Schlangenbiss	змеиный укус
küren	высок. выбирать, избирать
abdichten	уплотня́ть, уплотни́ть
Kuckucksuhr	часы с кукушкой
Neurose	невроз
Bure	бур
zügellos	необузданный
Adlerauge	орлиный глаз (зоркий)
unterentwickelt	слаборазвитый
zubeißen	закусить
lebensecht	как живой, реалистичный
Prüfungsergebnis	результат экзамена
Entrüstung	возмущение, негодование
mangelhaft	недостаточный, дефицитный
waghalsig	отчаянный, рискованный
Eigelb	желток
Zerfall	распад, распадение, развал, разложение
Schnürchen	шнурок
ernstlich	серьёзный; настоятельный
Haltbarkeitsdatum	срок годности
Fahrprüfung	экзамен на получение водительских прав
Nachrichtensprecher	ведущий новостей
Verschmutzung	загрязнение
Notlüge	вынужденная ложь, ложь во спасение
belustigen	веселить, забавлять
unbeweglich	неподвижный, недвижимый
hineinlassen	впускать
erschallen	греметь, нестись, слышаться
überragen	выдаваться, выступать
Stecknadel	булавка
lobenswert	похвальный, достойный похвалы
schaudern	дрожать (от холода)
altertümlich	старинный, древний; архаический
Raubvogel	хищная птица
starrsinnig	упря́мый
schlagartig	внезапный, молниеносный, неожиданный
wirkungslos	безрезультатный, безуспешный; неэффективный
Skilaufen	лыжный спорт
Fratz	сорванец, чертёнок
Sprudel	газированная минеральная вода
aufbinden	развязывать, распускать (узел)
Fremdenführer	гид
Willkür	произвол
schnauben	тяжело дышать, громко дышать, высморкаться, кричать вне себя от ярости
Kajak	каяк, байдарка
Musiklehrer	учитель (преподаватель) музыки
Romanautor	романист
Abfolge	следование, последовательность, очерёдность; чередование
Hohn	презрение, сарказм
Wunschdenken	подмена трезвой оценки действительности (субъективными) желаниями
symmetrisch	симметричный
Gepflogenheit	обычай, привычка, традиция
hundertste	сотый
Unterhemd	нижняя (шерстяная) рубашка (фуфайка)
Weigerung	отказ; сопротивление; уклонение, неповиновение
sprießen	прорастать, расти, всходить
Gemeinwohl	общественное благо, общее благо
Windspiel	левретка (порода собак)
regungslos	недвижимый, неподвижный
morsch	гнилой, прогнивший; трухлявый (о дереве)
Kronos	Кронос
Pelikan	пеликан
sooft	всякий раз когда
schlussfolgern	умозаключать, делать вывод
platonisch	платонический
wettmachen	возместить (потерю); исправить (ошибку); искупить (вину)
Unvollkommenheit	несовершенство; незаконченность, незавершённость (чего-л)
Nordseite	северная сторона
Diebesgut	краденое
Mutprobe	испытание мужественности; экзамен на мужественность
Mordsspaß	дикое веселье
Disput	диспут; (учёный) спор
Gelee	желе
farblos	бесцветный, бледный
knauserig	скупой, жадный
Mittelklasse	средний класс
Sonnenstich	солнечный удар
Milieu	среда, окружение
Einnahmequelle	источник дохода
weitersagen	передавать (дальше), рассказывать другому (следующему)
Dreirad	трёхколёсный велосипед
Volkszählung	перепись населения
Schamgefühl	чувство стыда, стыдливость
Scheinwerferlicht	свет прожектора
Umkehr	поворот (назад), возвращение
Avance	заигрывание, авансы
Backenzahn	коренной зуб
Parkwächter	парковщик, сторож парковки
Erzeuger	производитель, роди́тель
Habicht	ястреб-тетеревятник
Altersschwäche	старческая слабость, маразм
Kanaille	бран. каналья, мерзавец
Geburtshelfer	акушер
Gefährdung	угроза
Waschmittel	моющее средство, стиральный порошок, средство для стирки
Liebeserklärung	объяснение в любви, признание в любви
offenherzig	чистосердечный, откровенный, открытый, искренний; прямой; наивный
Tanzabend	танцевальный вечер, танцы; бал
Familienunternehmen	семейное предприятие
Eros	мифол. Эрос, Эрот (бог любви)
Gesundheitssystem	система здравоохранения
Grauzone	серая зона
vervielfältigen	размножать (напр., копии чего-л.)
Kostbarkeit	драгоценность
Millisekunde	миллисекунда
mädchenhaft	девичий, девический
skaten	играть в скат
splitternackt	голый
Windgeschwindigkeit	скорость ветра
Schabe	прусак, таракан
Klavierunterricht	урок(и) игры на фортепьяно
Wettlauf	гонка
Fußweg	пешеходная дорожка, тропинка, тротуар, ходьба
Fettleibigkeit	ожирение
Fahrbahn	дорожная полоса
Brettspiel	настольная игра
erzürnt	разгневанный, рассерженный
Halteverbot	запрет остановки
Schoßhündchen	комнатная собачка, подлиза
Golfkrieg	война в Персидском заливе
Wagenheber	автомобильный (вагонный) домкрат (подъёмник)
Aufwartung	прислуживание, (домашнее) обслуживание; работа (приходящей) прислуги
Auftakt	муз. затакт, вступление
Warte	вежа, стрельница
Autohaus	автомобильный гараж, автогараж
Unterseite	нижняя сторона
Überlebenskünstler	мастер выживания
Hauptgewinn	главный выигрыш
Freibrief	истор. охранная грамота; чартер
Kosmetikerin	косметолог
Charakterstärke	сила характера
Vermögenswert	юр. имущественная ценность, стоимость имущества
Stollen	штольня, штоллен
Guacamole	гуакамоле
Hehlerei	юр. укрывательство
distanziert	отстранённый, холодный
drogensüchtig	наркозависимый
Schubs	толчок
Thymian	чабрец, чебрец
Absicherung	ограждение (от какой-л. опасности); укрепление; оцепление (опасного места)
Flocke	снежинка
zerteilen	делить (разрезать) на части; дробить; разлагать
fidel	весёлый
zusichern	заверять (в чём-л. кого-л.); обещать (что-л. кому-л.); гарантировать (что-л. кому-л.); закреплять (что-л. за кем-л.)
Rabbiner	раввин
Kohlkopf	кочан капусты
Abflussrohr	водосточная труба
schwafeln	разг. молоть (болтать) вздор, пустословить
aufsitzen	сидеть
multipel	множественный, рассеянный (напр. склероз), расщеплённый (напр. личность)
versauern	скисать (напр., о молоке)
Feuerstelle	очаг
Orca	косатка
anpreisen	расхваливать, расхвалить
bündeln	связывать в узлы (в пакеты)
herhaben	взять, достать, получить (откуда-л.)
Lende	поясница; бедро; бёдра; чресла (уст.)
Zurschaustellung	выставление напоказ
Tropen	тропики
Erhabenheit	возвышение, возвышенность, бугор
einbrennen	перех. выжигать (напр. клеймо); прожигать; прижигать
Arbeitsweise	метод (режим) работы; способ (принцип) действия (механизма)
Charmeur	заклинатель
Schwerverbrecher	тяжкий преступник
unpersönlich	безличный
Küsser	целовальщик
Feuerwache	пожарная охрана
wegstecken	пережить, стерпеть
Armleuchter	канделябр
Blamage	публичный позор
Gegenschlag	контратака
Quartett	квартет
Schwangerschaftstest	тест на беременность
empfänglich	восприимчивый
ausfliegen	вылетать
Zusicherung	заверение; уверение; обещание
unnachgiebig	неуступчивый, неподатливый
eigenmächtig	самовольный, самоуправный
veruntreuen	растратить, расхитить (чужое имущество, злоупотребив доверием)
Hutmacher	шляпник
durchstoßen	проталкивать (что-л. через что-л.)
Auswertung	анализ, оценка
Pornofilm	порнофильм
Sentimentalität	сентиментальность, сантименты
Sternensystem	звёздная система
Brieftaube	почтовый голубь
Vulva	вульва
Wasserrutsche	водная горка
Maschinenpistole	автомат, пистолет-пулемёт
Gesuchter	разыскиваемый
Koppel	свора, сворка (ремень)
Fünfter	пятый
Tragfläche	несущая поверхность (плоскость)
Kniescheibe	коленная чашечка, надколенник
zersetzen	разлагать ; [2] разлагаться
trist	скучный, печальный, мрачный
unselig	злосчастный, злополучный, пагубный
schmachten	томиться; изнемогать, изнывать (от чего-л.)
anstacheln	подстрекать
Felge	обод, оборот
aufarbeiten	доделать (работу); израсходовать (запас); ликвидировать (задолженность)
Ölfeld	нефтяное месторождение
daliegen	лежать (вытянувшись)
wegputzen	счищать; отчищать
fruchtig	фруктовый
handgreiflich	осязаемый, очевидный; убедительный
Ernsthaftigkeit	серьёзность
Eisdiele	кафе-мороженое
Biergarten	пивная с садом, пивная под открытым небом
Einbildungskraft	воображение
Urheber	инициатор; зачинщик, виновник (напр., спора)
Gültigkeit	сила, действенность
Dachschaden	повреждение крыши
Eigennutz	корыстолюбие, корысть, своекорыстие; эгоизм
geschichtlich	исторический
tauen	таять
quietschend	скрипучий, визжащий
Forschungsergebnis	результат исследований
Zeichensprache	язык жестов; пантомима; внешние проявления чувств
Bußgeld	штраф
Schreibtischschublade	ящик письменного стола
Rückfahrkarte	обратный билет
Dattel	финик
wägen	взвешивать
Flugreise	путешествие на самолёте
Unwissender	невежда
Brieffreund	лицо, с которым состоят в дружеской переписке
Örtchen	местечко посёлок, городок
Patin	крёстная мать
Trampolin	батут
irreparabel	неремонтируемый
einschüchternd	пугающий, устрашающий
Kleinholz	растопка
Hühnerauge	мозоль
ewiglich	поэт. вечно
Flugangst	страх полета
Andrang	напор; наплыв; давка
faktisch	фактический
Angelhaken	рыболовный крючок
Gerümpel	рухлядь, хлам
Privateigentum	частная собственность
Aufschwung	взлёт; подъём; порыв
Anzeigetafel	спорт. таблица очков; оценочная таблица; турнирная таблица
Eisenbahner	железнодорожник
zeitgleich	в одно и тоже время, одновременно
Volksrepublik	народная республика
Versand	отправка, посылка, отсылка
Mietshaus	доходный дом (с отдаваемыми внаём квартирами); дом, сдающийся в аренду; многоквартирный дом
Esprit	остроумие, тонкий ум
auszählen	выплачивать; выдавать (деньги и т. п.)
Zuverlässigkeit	надёжность
Luftdruck	давление воздуха
Laufband	беговая дорожка
Unentschlossenheit	нерешительность
Immobilienpreis	цена на недвижимость
Erzieher	воспитатель
Einfühlungsvermögen	способность к сопереживанию, эмпатия
Geschäftssinn	деловая хватка
schnorren	попрошайничать
Nachbarskind	соседский ребёнок
Kindheitstraum	мечта детства
Rauchmelder	детектор дыма
geschwächt	ослабленный
wogen	волноваться, бушевать; катить волны; колыхаться (напр., о ржи)
lieblos	бессердечный, чёрствый
Legierung	сплав
paradiesisch	райский
griffbereit	удобный для пользования (для манипулирования); сподручный
Milchpulver	сухое молоко
Proletarier	пролетарий
Familiengeheimnis	семейная тайна
vehement	рьяно, яростный
Beitritt	вступление (zu D в организацию)
umgraben	перекапывать, вскапывать
Schandtat	бесчестный (гнусный) поступок, подлость
verprassen	транжирить, мотать, расточать
Spindel	веретено
motiviert	мотивированный
anprangern	донести (на кого-л.)
zugehörig	относящийся, принадлежащий
verziert	украшенный
gewissenlos	бессовестный, бесцеремонный
aufgeklärt	просвещённый; свободомыслящий; свободный от предрассудков
Trinkspruch	тост
Barren	болванка, чушка; слиток; штык (металла); полоса, брус
Tänzchen	танец, потанцевать
Ergebenheit	преданность
Untermieter	юр. субарендатор, поднаниматель
Sozialarbeiterin	социальная работница
Endstadium	конечная стадия
Trampel	увалень, неуклюжий
Starterlaubnis	разрешение на взлёт
Untersuchungsrichter	следователь
Prachtstück	великолепная вещь
Unabhängigkeitserklärung	декларация независимости
Südstaatler	южанин
Mondstein	минер. лунный камень, опалесцирующий полевой шпат
Verbandszeug	перевязочный материал
Schussweite	дальность выстрела
Fummel	тряпка, шмотка
Nachtrag	дополнение
Personenschutz	защита личности
Detektivin	сыщица, детектив
Autopsiebericht	заключение о вскрытии
Trucker	дальнобойщик
Rücklicht	задний фонарь; стоп-сигнал
Dukat	дукат
Ausreißer	беглец, сбежавший
Peilung	пе́ленг
Squaw	скво, индианка
Wettbüro	букмекерская контора; тотализатор
Einschnitt	надрез, разрез, порез; нарез, насечка; зарубка; вырез; выемка; желобок, канавка, борозда; прорезь (в головке винта)
Gedeck	(столовый) прибор
Geschwader	крыло
Schutzraum	убежище
Hämatom	гематома
Projektil	снаряд
Schlüsselkarte	ключ-карта
Witzfigur	комичный персонаж; персонаж из шутки [анекдота]
Wasserloch	воронка размыва; вымоина]
verseucht	заражённый, отравленный
Funksignal	радиосигнал
Sicherheitsteam	служба безопасности
wegschießen	den Ball wegschießen — отбить мяч (футбол)
Homerun	хоумран
Laborbericht	заключение лаборатории
Stalingrad	Сталинград
Künstlername	(художественный) псевдоним (писателя, художника и т. п.)
aufsässig	строптивый, упрямый
nachfüllen	доливать, пополнять, добавлять, досыпать
eintüten	класть (раскладывать) в бумажные пакетики, фасовать
Gant	перчатка
telegrafieren	телеграфировать
Geisha	гейша
Fluglinie	авиакомпания
Personalakte	личное дело
Pestizid	пестицид
absaugen	отсасывать; вытягивать; откачивать
Bazillus	бацилла
Heckenschütze	снайпер
Trommelwirbel	барабанная дробь
verbittert	озлобленный, ожесточённый
geistlich	духовный, религиозный, церковный
schwerfällig	неповоротливый; неуклюжий; громоздкий
Kornfeld	кукурузное поле
Kläffer	шавка, брехун
uneins	несогласный, иметь разное мнение, расходиться во мнениях
Quantenphysik	квантовая физика
Liebhaberin	любовница, возлюбленная
Verbitterung	горечь, озлобленность
verzagen	падать духом, робеть, унывать, отчаиваться
Kohldampf	разг. голод
Fachwissen	знания по специальности, профессиональные знания
Essstäbchen	палочка для еды
Obrigkeit	администрация, начальство
Selbstlosigkeit	самоотверженность
geistesabwesend	рассеянный; отсутствующий (о взгляде)
Milchzahn	молочный зуб
Vorfahrt	правила очерёдности выезда на перекрёсток; право преимущественного выезда на перекрёсток; право проезда в первую очередь
Johannisbeere	смородина
Paradoxon	парадокс
verstauben	покрываться пылью, (за)пылиться
Kommunikationsmittel	средство коммуникации
Wucher	ростовщичество, грабёж
Anleger	экон. инвестор
Füllfederhalter	авторучка
Baustein	строительный камень
Nervenzelle	нервная клетка
undurchdringlich	непроницаемый (тж. перен. о лице, тайне)
entdeckt	обнаруженный, открытый
Blöken	мычать, блеять
tummeln	резвиться
fauchen	шипеть
wagemutig	отважный, дерзкий, смелый
Pedant	педант
einsparen	(с)экономить; сберегать, накоплять
Kiesel	гравий
Frohsinn	весёлость, жизнерадостность
typischerweise	как правило, обычно
mitnichten	ничуть, нисколько, вовсе не / вовсе нет
wirkend	действующий, производящий впечатление
modernisieren	модернизировать; придавать современный облик (вид, характер)
Straßenlaterne	уличный фонарь
libysch	ливийский
Schulkind	школьник, школьница (младших классов)
bespitzeln	вести слежку, следить (за кем-л.)
umschlingen	надеть (на шею), завязывать (платок, кашне)
ersaufen	утонуть
Myriade	редк. мириада
entgegenstellen	противопоставлять
Stadtviertel	квартал
Benutzername	имя пользователя
Buchmesse	книжная ярмарка
stocken	приостановиться, запнуться, останавливаться, задержаться, застревать
Wechselkurs	курс, обменный курс
abzielen	метить
gleichgeschlechtlich	однополый
Erzeugnis	изделие, продукт
Handbewegung	движение рукой
Gegenwind	встречный ветер
beifügen	прилагать, прибавлять (что-л. к чему-л.)
Synchronisation	техн. синхронизация
Novelle	повесть, новелла
Geldverdienen	заработок денег
brechend	битком, ломящийся
Kleiderordnung	правила, предписывающие каждому сословию свою одежду
Einkaufsbummel	поход за покупками
einnicken	(сидя) задремать, вздремнуть
Seltenheit	редкость; исключительность; редкое явление
Straßengraben	водоотводная канава (дороги)
Betätigung	деятельность
Fischfang	рыболовство
entstanden	возникший, появившийся
beschleichen	подкрадываться (к кому-л.); подстерегать (кого-л.), шпионить (за кем-л.)
Überflutung	наводнение
herumreden	ходить вокруг да около
bettlägerig	лежачий; постельный (о больном)
wissbegierig	любознательный, пытливый
herumkommen	обходить (кругом) (что-л., вокруг чего-л.); ходить (кругом) (вокруг чего-л.)
Geiz	алчность
versalzen	пересаливать
erblassen	побледнеть
knallrot	ярко-красный
Bankangestellter	ба́нковский слу́жащий
immerfort	постоянно, беспрестанно
Weihnachtseinkauf	рождественские покупки
Intervall	интервал
Landsitz	поместье, усадьба
Lieblingssendung	любимая (теле)передача
uneigennützig	бескорыстный
massenweise	массово, в огромном количестве
Batzen	разг. ком, куча, глыба
Kugelfisch	иглобрюх
bündig	связно
Doppelbett	двуспальная кровать
ungehörig	неуместный, неподобающий, неприличный
zerzausen	растрепать; потрепать; спутать; привести в беспорядок
Gegenspieler	противник
Rotz	сопли
Nebenkosten	добавочные расходы
Nörgler	брюзга, ворчун, нытик
größenwahnsinnig	страдающий манией величия
unentschuldbar	непрости́тельный
Hornissennest	осиное гнездо
Biochemie	биохимия
Hilfeschrei	крик о помощи
nackig	голышом
Stützrad	опорное колесо (например, у полуприцепа); боковое (вспомогательное) колесо велосипеда
unpässlich	не совсем здоровый
Tacker	тетрадная машина, степлер
fiebrig	лихорадочный / лихорадочная / лихорадочное, лихорадочен / лихорадочна / лихорадочно
Passfoto	фото на паспорт
solidarisch	солидарный
Kartenspieler	игрок в карты, картёжник
Tanzschritt	па; шаг (в танцах)
Fluggast	пассажир (самолёта)
losfliegen	полететь
wasserfest	водонепроницаемый, водостойкий, водоупорный
Gleichschritt	ровный шаг; шаг в ногу
Apfelmus	яблочное пюре
Kinofilm	кинофильм
verschnüren	перевязывать (шнурком, верёвкой)
Mordanschlag	покушение на убийство
Mutmaßung	предположение, догадка, домысел
Niederlassung	спуск, опускание
Spielkamerad	товарищ детства (детских игр)
Flügelschlag	взмах крыла
Chromosom	хромосома
Flugstunde	лётный час, урок полёта
privatisieren	приватизировать, денационализировать (государственное предприятие)
Langlebigkeit	долголетие
anfechten	оспаривать, оспорить
einheimsen	убирать (урожай)
Zwiebelring	луковое кольцо
Vasall	вассал
ambitioniert	амбициозный
ausverkauft	распроданный
tunken	макать
denkwürdig	памятный, знаменательный, достопримечательный
aufwirbeln	вздымать, поднимать (пыль); кружить (вихрем)
ungebührlich	неуместный, неподобающий, ненадлежащий; неприличный, непристойный
Leuchtfeuer	маяк
Plädoyer	выступление перед судом, заключительная речь
Gebräu	бурда (о плохом напитке)
Ausrutscher	падение на скользкой поверхности (поскользнувшись)
Striptease	стриптиз
Aorta	аорта
Gerichtstermin	дата суда
Mündel	подопечный
Concierge	консьерж
Annullierung	отмена, аннулирование, объявление недействительным
Lügendetektor	детектор лжи
Kreuzfeuer	перекрёстный огонь
Polizeifunk	полицейская рация
Infarkt	инфаркт
Tori	тории
Jammerlappen	нытик, плакса
Drogendezernat	отдел по наркотикам
Rückenmark	спинной мозг
Queue	очередь, кий
Überläufer	перебежчик
einstudieren	заучивать; разучивать; выучивать
Xanax	Ксанакс
Nervenklinik	неврологическая клиника
Vicodin	викодин
Notrufzentrale	служба экстренных вызовов
Sicherheitsfirma	охранная фирма
Blutlinie	род, кровная линия
Napalm	напалм
durchstellen	переключить (телефонный разговор с коммутатора на абонента, с основного аппарата на параллельный)
reaktivieren	спец. реактивировать
Totem	тотем
Zeitsprung	скачок во времени
Durchsuchungsbeschluss	ордер на обыск
Pantomime	пантомима
Pierrot	Пьеро
kurzschließen	закорачивать / закоротить
Zen	дзен-буддизм, дзэн-буддизм, дзен, дзэн
existierend	существующий
kanalisieren	канализировать, переводить, уводить, шлюзовать
Läsion	мед. поражение, поранение
aufknüpfen	развязывать, распутывать (узел)
Huey	Хьюи
wegholen	уносить; уводить
zahlend	платящий
bemannen	воен. укомплектовывать, комплектовать экипаж (команду) (судна)
durchforsten	прореживать, вырубать ( лес)
Boxershorts	боксеры, трусы
oha	ого
Kurtisane	куртизанка
Höllenhund	адская гончая
mitwirken	участвовать, помогать
hinlaufen	(по)бежать (туда)
befummeln	ощупывать, трогать (что-л.)
gefesselt	связанный, скованный
halbnackt	полуобнажённый, полунагой, полуголый
Pferdedieb	конокрад
Erbrochenes	рвотные массы, блевотина
Komtess	графиня
Südwest	юго-запад, юго-западный ветер
tollpatschig	неуклюжий, неловкий
MiG	МиГ
erregt	взволнованный, возбуждённый, раздражённый
Unwahrheit	неправда
Verwirklichung	осуществление, претворение (проведение) в жизнь, воплощение
Beisetzung	похороны, погребение
Fragerei	(вечные) расспросы
Aufrührer	мятежник, бунтовщик, бунтарь
desorientieren	дезориентировать
Brüller	крикун, орущий человек
Fixierung	фиксация
Grabrede	надгробное слово, надгробная речь
vertretbar	могущий быть оправданным (о поступке)
Ölung	смазывание (маслом); смазка; промасливание
dingfest	арестовать, задержать, справляться
Warteschleife	ожидание на линии
selbstmordgefährdet	склонный к самоубийству
Neuland	с.-х. (поднятая) целина, новь, целинные земли
Dickdarm	толстая кишка
Ehrenmedaille	медаль почёта
Ramsch	старьё, хлам, утиль; брак; дешёвый (бросовый) товар; бракованный (несортовой) товар; остатки (напр., тканей); мешанина
Abszess	абсцесс
Schubkraft	сила тяги, тяга; реактивная сила
Händchenhalten	держание за руки
Weibsbild	баба
Rammbock	таран
Golfschläger	клюшка для игры в гольф
Rettungsdienst	спасательная служба
Selbsthass	самоненависть
Konklave	конклав
Satellitentelefon	спутниковый телефон
Abspann	заключительные титры в конце фильма или телевизионной передачи
Satellitenschüssel	спутниковая тарелка, спутниковая антенна
vollpumpen	накачивать
Netzhaut	сетчатка
Kundgebung	демонстрация
Barmann	бармен
synchron	синхронный
Ode	ода
Präparat	мед., фарм., хим. (лекарственный) препарат
Laufwerk	привод
Täufer	креститель
aufbauschen	надувать, раздувать
Reanimation	мед. реанимация, оживление организма
Glanzzeit	золотой век, расцвет
Strähne	прядь
Zeitungsjunge	мальчик - продавец газет
Zündkerze	свеча зажигания
besticken	вышивать
Haarnadel	шпилька для волос
Schadensbegrenzung	ограничение ущерба
Exorzist	экзорцист, заклинатель
düsen	лететь на реактивном самолёте
Alchemist	алхимик
Krampfanfall	судорожный припадок
zufliegen	подлетать, прилетать (к чему-л.); залетать (к кому-л.)
quieken	верещать, визжать
einknicken	загибать, изгибать; надламывать
Mole	мол, крот
diensthabend	дежу́рный
alarmierend	тревожный
Flor	цветение, флора
vorgaukeln	втирать очки (кому-л.); разыгрывать (что-л. перед кем-л.); лживо уверять (в чём-л. кого-л.)
abrackern	(из)мучиться; (про)возиться (с чем-л.); биться (над чем-л.)
abraten	отсоветовать
Zivilbevölkerung	гражданское население
Abbau	разборка, демонтаж, снос, ликвидация
Automechaniker	автомеханик
lustlos	безрадостный, безучастный; невесёлый, скучный
Leihwagen	автомобиль, взятый напрокат
Garaus	конец, крышка
Kilt	килт
Mistkäfer	навозный жук, навозник
Zähler	техн. счётчик (прибор)
Rührung	умиление, растроганность
Anziehsachen	одежда, шмотки
Glockenturm	колокольня, звонница
Lieblingsrestaurant	любимый ресторан
Zuckerrohr	сахарный тростник
Dachdecker	кровельщик
Boshaftigkeit	злобность, злость
Miezekatze	кошечка, киска
fünfzigtausend	пятьдесят тысяч
Architektin	архитектор
eingießen	налить
Hammel	баран, валух
Gummiband	резиновая тесьма, резинка; резиновая лента
sechst	шестой
Fähnchen	флажок
zusammenbinden	связывать
Giftgas	ядовитый газ
Hofnarr	придворный шут
entwirren	распутывать
Bussi	поцелуй
Ehrung	чествование; оказание почестей
Furche	борозда́
humorlos	без чувства юмора
Mistgabel	вилы
uneben	неровный, негладкий
Örtlichkeit	местность, место
erlaubt	разрешённый, позволено
Theologe	теолог
Kartoffelpüree	картофельное пюре
beißend	едкий (о дыме и т. п.)
fahl	блёклый, бледный, тусклый, бессильный
gestreift	полосатый
verkleidet	переодетый, замаскированный
gehörlos	неслышащий, глухой
Schlafzimmertür	дверь спальни
Gehsteig	тротуар
Streichholzschachtel	спичечный коробок, спичечная коробка
ausnahmslos	без исключения
abermals	опять, вторично, вновь
Fettnäpfchen	горшочек с салом
Haustüre	входная дверь
Potenz	возведение в степень
barsch	едкий, терпкий, острый, грубый
Telefonhörer	телефонная трубка, трубка
Kreuzfahrtschiff	круизный лайнер, круизное судно
Uhu	филин
Kriegstreiber	поджигатель войны
Augentropfen	глазные капли
Urteilskraft	рассудок, умственные способности
Zungenbrecher	скороговорка
umstürzen	опрокидывать, разрушать (тж. перен.)
eincremen	намазать кремом, втирать крем
absonderlich	стра́нный, осо́бенный
umdenken	переосмылять
abwechslungsreich	разнообразный
schneeweiß	белоснежный
Orangenbaum	апельсин
ausmessen	измерять
Dekret	судебный запрет
Fortbildung	повышение квалификации; усовершенствование; дальнейшее развитие
Mätzchen	шутл. малыш; дурачок
Observatorium	обсерватория
Bauchredner	чревовещатель
Hauptgebäude	главное здание
gutartig	доброка́чественный
Vorherrschaft	господство
mitessen	есть вместе с кем-л.
Kopfhaut	кожа головы
Nachwirkung	(последующее) действие, (по)следствие, эффект
Zauberwald	заколдованный лес
Zwinger	опоясывающая крепость
Ausgeburt	плод, порождение
unnormal	аномальный; ненормальный
Martyrium	мученическая смерть
übervorsichtig	крайне осторожный
putzmunter	бодрый, свеженький
Goldgrube	золотой прииск
streitlustig	любящий (по)спорить; сварливый
vollkotzen	заблевать
Fachbereich	специальность; область науки
Griffel	грифель, стиль, пестик
Ritterlichkeit	рыцарство
Plunder	мусор, хлам, барахло
Hundegebell	собачий лай
Stethoskop	стетоскоп
Gemeindezentrum	общинный комплекс (зданий и т. п.)
nachschenken	наполнять снова
Soja	соя
Laufsteg	мостки; лесенка
Bohnenstange	подпорка для фасоли
Hochzeitstorte	свадебный торт
Familienmensch	семьянин
florieren	процветать
Kriminalbeamter	сотрудник уголовного розыска
Karteikarte	карточка, картотечная карточка
Fünfjähriger	пятилетний ребёнок
Waffenlieferung	поставка оружия
Frauenstimme	голос женщины, женский голос
Israelit	израильтянин
Neurochirurg	нейрохирург
Adeliger	дворянин
geradeheraus	прямо, напрямик
Windhund	борзая
Botengang	исполнение поручения
wegtragen	уносить
Pingpong	пинг-понг
verausgaben	израсходовать, издержать
Staatsanleihe	государственный заём
mästen	откармливать, перекармливать
muntern	подбадривать, ободрять
Getöse	бушевание, гул, шум, рокот
Amphibie	земноводное, амфибия
gesinnt	настроенный (о человеке)
verhassen	ненавидеть
Gefieder	оперение
Auslandsreise	заграничная поездка
Fernsehapparat	телевизор
Rinde	кора, корка
gelehrt	учёный, образованный
Schnitzer	резчик (по дереву, кости)
Miesepeter	разг. ворчун, брюзга, нытик
Unabhängigkeitstag	день независимости
Augenwinkel	уголок глаза
Gesäß	ягодицы
Brusttasche	нагрудный карман (напр., пиджака)
Aufhebung	отмена
Deckmantel	прикрытие, личина
Fühler	щупальце, усик, щуп, зонд
Persönlichkeitsstörung	психол. расстройство личности
Vorhängeschloss	висячий замок
Wildkatze	кот лесной
Mitspracherecht	право на обсуждение
überschüssig	избыточный, излишний
verdünnen	утончать, делать тоньше; утонять
uneinig	uneinig sein — быть не в ладу; расходиться во мнениях; ссориться; uneinig werden — разойтись, поссориться; mit sich selbst uneinig sein — быть не в ладу с самим собой, колебаться
ungefragt	неспрошенный
Speiseplan	меню, рацион
Pranger	позорный столб (тж. перен.)
Yogi	йог
nennenswert	существенный, существенно
Bodybuilder	культурист, бодибилдер
Antisemitismus	антисемитизм
Kleiderbügel	вешалка
enträtseln	разгадывать
Fastenzeit	пост, великий пост
Diskrepanz	несоответствие
züchtigen	наказывать; карать
Erfolgschance	шанс на успех
Gelatine	желатин
Entzugserscheinung	мед. абстинентный синдром, синдром отмены (препарата)
Totalschaden	полная гибель, тотальный ущерб
verunglimpfen	поносить; оскорблять, (о)позорить, (о)срамить
Jesuit	иезуит
Büffet	буфет, фуршет
Kamillentee	настой ромашки
Pharisäer	истор. фарисей
Köstlichkeit	изысканность, тонкость (на вкус)
Arztrechnung	счёт врача (за лечение, обследование)
stibitzen	стибрить
krankmelden	взять больничный
gleichwohl	всё-таки, всё же, тем не менее
Kabeljau	треска
Spielzeugauto	игрушечный автомобиль, машинка
Geranie	герань
brisant	острый, взрывоопасный
kikeriki	кукареку
verwunschen	заколдованный
hellbraun	светло-коричневый
kramen	рыться, шарить, перебирать
Morgensonne	восходящее солнце, утреннее солнце
verhältnismäßig	относительно
Luftschloss	воздушный замок
dereinst	когда-нибудь, когда-то
Distel	чертополох
Preiselbeere	брусника
Fichte	ель, ёлка
Landessprache	язык страны
Hauptthema	главная тема
Tierpark	зоопарк
Ungleichheit	несходство
Erledigung	выполнение; улаживание
ungleich	не равно
umbenennen	переименовывать переименовать
Grundgesetz	конституция, основной закон
Kurde	курд
schweißgebadet	в поту, взмокший
Büchlein	книжка, книжечка
gutgläubig	доверчивый
Ölwechsel	замена масла
missglücken	удаваться
genüsslich	с аппетитом, с наслаждением
Arbeitskleidung	спецодежда, рабочая одежда
Weihnachtsferien	рождественские каникулы
zweideutig	двусмысленный; неясный; двойственный
herumgehen	обходить (кругом) (что-л., вокруг чего-л.); ходить (кругом) (вокруг чего-л.); ходить вокруг да около
Knödel	пельмень
Quellwasser	родниковая (ключевая) вода; вода источника
Rückerstattung	возмещение, отдача; реституция
verfeinden	mit D поссориться, рассориться (с кем-л.)
Verlängerungskabel	удлинитель
Konservendose	(жестяная) консервная банка
fernab	далеко́
gegenteilig	противоположный, противный, обратный
Christkind	младенец Христос, рождественский дед
Buntstift	цветной карандаш
instand	в порядке, в исправность
schöpferisch	творческий, созидательный
Nachhut	арьергард
Hauptdarstellerin	главная актриса
Pulsader	анат. артерия
Treuhandfonds	трастовый фонд
Rechtsabteilung	юридический отдел
Sicherheitsrisiko	угроза безопасности
Rennstrecke	дистанция гонок, гоночная трасса
Cocktailparty	коктейльная вечеринка
abfucken	бесить, задалбывать
Oberbefehlshaber	главнокома́ндующий
Motelzimmer	номер в мотеле
Kühlbox	небольшой холодильник; небольшая холодильная камера
Dreizack	трезубец, триостренник
Rächer	мститель
Tripper	триппер, гонорея
Ablösung	отделение; отвязывание; отслаивание; отрыв
Entzugsklinik	рехаб
Vaterschaft	отцовство (в основном юридическом, правовом контексте)
Gewinnerin	победительница
Terroristin	террористка
Hundchen	собачка
Kartei	картотека
Bardame	барменша
Falschaussage	юр. умышленно ложное показание свидетеля (эксперта) (данное без присяги)
Sperrgebiet	запретная зона
Abschlussjahr	выпускной год
Dödel	разг. балбес
Gigolo	жиголо
Scheißtag	паршивый день
Kühler	охладитель; холодильник
Geschäftsbeziehung	деловая связь, деловое отношение
Heimatschutz	защита (охрана) природных и культурных ценностей страны
viertens	в-четвёртых
Verteidigungslinie	воен. линия обороны, оборонительный рубеж
Knutschfleck	засос
Soufflé	суфле
Detektei	детективное агентство
ironischerweise	по иронии
Überfahrt	перепра́ва
Lüftungsschacht	вентиляционная шахта
Enthauptung	обезглавливание
Vermisstenanzeige	заявление о пропаже
Abholung	забор, получение
Beißer	разг. кусака (о животном)
Glückstreffer	удача
herumfliegen	облетать, облететь (кругом) (что-л., вокруг чего-л.), летать, лететь (кругом) (вокруг чего-л.); летать по кругу, описывать круги, кружить(ся)
dezent	приличный, скромный
Selbsthilfegruppe	группа взаимопомощи
Kosak	казак, козак
zurückfordern	требовать обратно
Mulligan	маллиган, переигровка
pensioniert	на пенсии, отставной
Feuerwaffe	огнестрельное оружие
Schaufensterpuppe	манекен
Marquise	маркиза
Staatsgrenze	государственная граница
Schuldschein	долговая расписка
Kleriker	клирик, священник
Ratsmitglied	член (городского) совета, член муниципалитета
unterschieben	пододвигать, подсовывать (подо что-л.)
ranghoch	высокопоставленный
Messerstich	удар ножом
betatschen	разг. (грубо) хватать (ощупывать), лапать
Doge	дож
abspritzen	брызгать, разлетаться брызгами
ihretwillen	ради неё
anvisieren	целиться
abgleichen	выравнивать, сглаживать
Eierkopf	ирон. яйцеголовый, интеллектуал, умник
Packer	упаковщик, укладчик, архиватор
Sou	су
Drogengeschäft	наркоторговля
einkassieren	инкассировать; собирать, получать (деньги)
His	его
Panzerfaust	панцерфауст
Gouvernante	устар. гувернантка
Freikarte	бесплатный билет; контрамарка
auswischen	стирать (пыль, написанное с доски); вытирать, протирать
zusammenflicken	разг. сшивать (из кусков), чинить, заштопать, латать
einsacken	класть в мешок; укладывать (затаривать, засыпать) в мешки
Mordverdächtiger	подозреваемый в убийстве
Einschussloch	пулевое отверстие
Pathologe	патолог
Gruppenführer	группенфюрер (генерал войск СС в фашистской Германии)
Großmama	бабушка
Arschficker	мудак, пидор
Cheddar	чеддер
Phryne	Фрина
Streifenpolizist	патрульный полицейский
hochmodern	ультрасовременный
aufrütteln	тормошить; встряхивать; будоражить
Blabla	бла-бла, бла-бла-бла, ля-ля-тополя, тыры-пыры
famos	превосходный, шикарный
Blockhütte	постовая будка
Gitterstab	прут решётки
intolerant	нетерпимый (к чему-л.); непримиримый
bekleckern	запятнать, закапать (напр., супом), забрызгать (напр., грязью); запачкать; замарать
Energiekrise	энергетический кризис
Bravour	браво, мастерство
Flugzeugträger	авиаматка, авианосец
Einreise	въезд (в страну)
Hornhaut	роговица, роговая оболочка (глаза)
Anschaffung	приобретение, покупка; обзаведение
lernfähig	обучаемый
Luftmatratze	надувной матрас
Kartenhaus	карточный домик (тж. перен.)
Sauferei	разг. пьянство; попойка
Reduzierung	уменьшение, снижение, сокращение, редукция (тж. лингв.)
Nervenbündel	комок нервов
Ackerland	пашня, пахотная земля
belastbar	выдерживающий нагрузку
durchweg	повсюду
Einfalt	простота, наивность, простодушие, скромность
Tierquälerei	жестокое обращение с животными
Staatskasse	казна
Lebensabend	закат жизни
Generalschlüssel	универсальный ключ
Heldenmut	герои́зм
übergießen	переливать
Gegenfrage	встречный вопрос
heuchlerisch	лицемерно
abberufen	отзывать, увольнять, освобождать
beängstigen	пугать, напугать, устрашать
zahlenmäßig	количественно, численный
Windbeutel	эклер, ветреник
Purpur	пурпур; багрянец
Anwender	пользователь; потребитель
aufbrummen	заворчать, зарычать
galoppieren	скакать галопом
asozial	асоциальный
Grizzlybär	зоол. гризли
abnehmend	убывающий
verachtenswert	достойный презрения
heruntergekommen	опустившийся
Linguist	лингвист
Niederländer	Голландец, Нидерландец
Zimmerdecke	потолок
Aktienmarkt	фондовая биржа
Mehrwertsteuer	налог на добавленную стоимость, НДС
Fünftel	одна пятая
Weltbild	мировоззрение
stockdunkel	разг. непроглядный, беспросветный (о ночи)
rieseln	журчать, плескать, струиться
Schaltjahr	високосный год
schlingen	обвивать
gemäßigt	умеренный
schlammig	илистый, тинистый
jäh	внезапный, крутой, необдуманный
schattig	тенистый
Sauwetter	мерзкая погода
Kognak	коньяк
Traumpaar	идеальная пара
prickelnd	покалывающий, будоражащий
Herzblut	душевные силы
Kalbfleisch	телятина
Schadensersatz	возмещение убытков, возмещение ущерба, компенсация ущерба
Raster	сетка, растр
Fließband	конвейер
Arbeitsstunde	рабочий час, час работы
Göttlichkeit	божественность
eigenwillig	своевольный, своенравный
Geheimbund	тайный союз
Kugelhagel	град пуль
Kollaps	коллапс
Schwebe	подвешенное состояние
Fensterputzer	мойщик окон
Höllenqual	адские муки
Techtelmechtel	разг. тайный сговор
Frevel	кощунство
Dussel	болван, растяпа
Zustellung	доставка
Hüpfer	прыжок
Landarbeiter	сельскохозяйственный рабочий; батрак
Tigerin	тигрица
Wasserstoffbombe	водородная бомба
Blutgerinnsel	тромб, сгусток крови
Rheuma	разг. ревматизм
Wampe	брюхо
Segler	парусник, парусная лодка, стриж, стрижик
Reißleine	вытяжной трос, стоп-кран
Gabelstapler	вилочный автопогрузчик
Hahnenkampf	петушиный бой
Halsabschneider	головорез; душегуб
hatschi	апчхи
Transformator	трансформатор
Fehlanzeige	мимо, пусто
Geplauder	болтовня, разговоры
verwässern	разбавлять водой (что-либо)
Filialleiter	руководитель филиала
Bekanntgabe	объявление, сообщение; опубликование
Schlaflied	колыбельная песня, колыбельная
Indiskretion	нескромность; бестактность; болтливость, неумение хранить тайну
Presslufthammer	пневматический молот
Brusthaar	волосы на груди
Patzer	разг. плохой работник; халтурщик
Grafschaft	графство
Gartenzwerg	фигура гнома (для украшения сада)
Azteke	ацтек
Sozialwohnung	социальное жильё
entwürdigen	унижать, лишать достоинства, оскорблять достоинство
anhimmeln	разг. обожать (кого-л.); быть без ума (от кого-л.); смотреть влюблёнными глазами (на кого-л.)
Stadtmensch	городской житель
Kissenbezug	наволочка
Märchenprinz	принц из сказки
meinetwillen	ради меня
anleiten	руководить (кем-л., чем-л.); наставлять, направлять (кого-л.)
Landesinneres	внутренняя часть страны
ketzerisch	еретический
Gotteshaus	храм, Божий дом, Господень дом
Achter	восьмёрка
Gewalttätigkeit	насилие, акт насилия; жестокость, грубость
abfertigen	отправлять, отсылать (оформляя отправление, давая разрешение на отправление)
Sprössling	шутл. отпрыск (о ребёнке)
Tortilla	тортилья
Heilkraft	целебная сила
Radkappe	колпак колеса
Bettwanze	энтомол. постельный клоп
aufdrücken	нажимать, надавливать
unaussprechlich	непроизносимый, неописуемый
spulen	наматывать на катушку (на шпульку)
anglotzen	глазеть, таращиться
ausgestopft	набитый чучело, чучельный
diebisch	воровской
auseinanderbrechen	разламывать, разломить, распадаться
begehrenswert	желательный; желанный
frischgebacken	новоиспечённый
Anorak	анорак
bitterlich	горьковатый
Quantenmechanik	квантовая механика
Bäumchen	деревцо, деревце (уменьш. к Baum)
Fertigstellung	изготовление; отделка
mutlos	малодушный, унылый; обескураженный
bitterkalt	очень холодный; лютый (о холоде)
Schuhgeschäft	обувной магазин
Baskenmütze	берет
Färbung	окрашивание
Taxistand	стоянка такси
Schranke	шлагбаум
Sputnik	спутник
offenhalten	держать открытым (напр., дверь)
Kindlein	младенец
Bete	свёкла
zögerlich	нерешительный, колеблющийся
Vorläufer	предшественник; предтеча (уст. и высок.)
Bankkarte	банковская карта
Reisekosten	расходы на поездку
Morgenröte	заря, рассвет
Motorradfahrer	мотоциклист
Kontrolleur	контролёр
Gruppenzwang	давление сверстников
Juckreiz	зуд
Eigenheit	своеобразие, особенность, характерная черта, характерное свойство; странность, причуда
krankschreiben	дать больничный
Schneemobil	автомобиль-снегоход
Hochebene	нагорье, полонина
ausbeißen	выкусывать, выгрызать
unsäglich	невыразимый, несказанный
Dreijähriger	трёхлетний ребёнок
dreidimensional	трёхмерный
schneidern	шить; перешивать; портняжничать
aufpolieren	подновить, отполировать
Frommer	набожный, святоша
hinwegsetzen	прыгать прочь, не принимать что-либо близко к сердцу
Abrüstung	разоружение
Thermoskanne	термос
einundzwanzig	двадцать один
Lämpchen	лампочка (маленькая лампа)
kraulen	почёсывать, тихонько щекотать; гладить, ласкать
Zahnärztin	стоматолог
Winterreifen	шина с зимним рисунком протектора
Haifisch	акула
Kinderkrankheit	детская болезнь
reinlich	опрятный, чистый, чистоплотный
Megaphon	мегафон
Konferenzzimmer	конференц-зал
Buchhändler	книготорговец
Trinkerei	пьянство
Paralleluniversum	параллельная вселенная
Warmduscher	разг. трус, слабый человек
verfassungswidrig	неконституционный
Morast	грязь
Fuchtel	фухтель, шпага; плеть
Lauch	зелёный лук
Columbo	Коломбо
stutzig	подозрительный, настороженный
Erwachsenwerden	взросление
Gehirnaktivität	активность мозга
hinauswollen	хотеть выйти
Schliff	шлифование, шлифовка
Mittelschicht	средний класс
Einsatzort	место происшествия
verblöden	оглуплять
weiträumig	просторный
Einvernehmen	взаимное согласие; взаимопонимание
sitzenbleiben	остаться на второй год, сидеть
Handgemenge	потасовка, схватка
Auftrieb	физ. подъёмная сила; плавучесть; противодавление
Gehirnhälfte	анат. полушарие головного мозга
Puffer	амортизатор, буфер, картофельная оладья, буферный раствор
Knick	излом, сгиб
Küchentür	кухонная дверь
Bewusstlosigkeit	беспамятство, бессознательность
Mangelware	дефицитный товар, редкость, быть в дефиците
Psychotherapie	психотерапия
Ziegenmilch	козье молоко
Charge	партия, заряд
Glücksrad	колесо счастья (напр., лотерея на ярмарке)
Samstagmorgen	субботнее утро
Atemnot	одышка, удушье
Blinddarmentzündung	аппендицит
Obdachlosenheim	приют, ночлежка
Deutung	толкование, объяснение
Breitengrad	градус широты
Gesundheitsbehörde	орган здравоохранения
Scharfrichter	палач
anfragen	запрашивать (кого-л. о чём-л.), справляться, осведомляться, узнавать (у кого-л. о чём-л.)
wendig	изворотливый; увёртливый
Jod	йод
Halbkreis	матем. полукруг; полуокружность
unansehnlich	невзрачный, незаметный; непривлекательный
Dreikäsehoch	от горшка два вершка, малец
ungeahnt	неожиданный, непредвиденный; небывалый
Winternacht	зимняя ночь
archivieren	архивирование
Gemurmel	бормотание; шёпот, невнятный говор; журчание (ручья)
Hungerlohn	нищенская зарплата, нищенское жалованье
Haarsträhne	прядь волос
Landgut	поместье
Trillerpfeife	свисток
Desinfektionsmittel	дезинфицирующее средство
Trommler	барабанщик
benoten	выставлять оценку (за что-л.)
zurückdrängen	оттеснять, теснить; отталкивать
Fachkenntnis	профессиональные знания
anschieben	подтолкнуть, толкать
vergeudet	растраченный, потраченный впустую
Kaulquappe	головастик
Alpaka	альпака
Unterton	муз. унтертон, добавочный тон
Fachausdruck	термин, специальное выражение
Wohngebiet	жилой район, городской квартал, микрорайон (в городе)
fleckig	пятнистый, в пятнах; запачканный, засаленный
gefeiert	прославленный
schelmisch	плутовской; задорный, лукавый
wiedertreffen	встретиться снова
felsenfest	непоколебимый, непреклонный, железный (обещание, вера), очень твёрдый
Stadtmitte	центр города
Verliebtheit	влюблённость
Scheide	влагалище, вагина, рубеж, грань
versaufen	пропивать
Tankwart	бензозаправщик
Geschenkpapier	подарочная бумага
beiläufig	случайный, попутный
schnurstracks	прямиком, без промедления
Katakombe	катакомба
Spedition	экон. экспедиция, отправка (товара); транспортно-экспедиторская операция
übersäen	слишком густо посеять
Rückkopplung	обратная связь
Zusammenstellung	собирание, составление
stocksauer	взбешённый, злой как чёрт
Geisterbahn	дорога пещера ужасов
Herzblatt	белозор
Schuhladen	обувной магазин
Ausritt	прогулка верхом, выезд
adrett	ловкий, складный
Etui	футляр
Macher	делатель (тот, кто что-либо делает), деятель, организатор (производства), созидатель
Sims	карниз
Fahrstil	стиль вождения, манера езды
Kubikmeter	кубический метр
Stierkampf	бой быков
rückfällig	рецидивный, снова сорвавшийся
Speiseröhre	пищевод
Schulleiterin	директриса школы
Osmane	осман, оттоман
Lebensaufgabe	дело всей жизни
Allgemeinwohl	(все)общее благо, благополучие всего общества (человечества)
Geißel	бич, жгутик
Mitstreiter	сторонник, сподвижник
Anthropologin	антрополог
Spielsucht	игромания
Menschenskind	батюшки, ну ты даёшь
Unabhängigkeitskrieg	война за независимость
Schlüsselbein	ключица
Polizeischutz	защита полицией
Luftschiff	воздушный корабль, дирижабль
Inhaftierung	арест, заключение (взятие) под стражу
Qualitätskontrolle	контроль качества
Gerichtsgebäude	здание суда
Pächter	арендатор
Medizinschrank	аптечка
Scheuklappe	наглазник (для лошадей), шора
Hartnäckigkeit	упрямство; упорство, настойчивость
Schlafgemach	опочивальня, спальня
hemmungslos	беспрепятственный; безудержный
Grabräuber	расхититель гробниц
Inland	полит. своя страна (в противоположность зарубежным странам)
abschminken	снимать грим (с кого-л.), разгримировать
stichfest	неопровержимый
grenzwertig	на границе допустимого, на критической границе
Sicherheitskraft	охранник (следящий за порядком в супермаркетах, школах, на концертах)
deinetwillen	ради тебя
zirkulieren	циркулировать (тж. перен. о слухах и т. п.)
hurtig	проворный, прыткий
Vorstandsvorsitzende	председатель правления
Schwimmweste	спасательный жилет (нагрудник)
Defibrillator	дефибриллятор
verbindlich	обходительный
Schoner	шхуна
schmiegen	припасть, припадать, льнуть, прильнуть
Kissenschlacht	бой подушками, драка подушками, подушечный бой
metaphysisch	филос. метафизический
gieren	жаждать
afghanisch	афганский ( по-афгански )
Trickfilm	трюковый (кино)фильм
zerkleinern	измельчать
Schuldspruch	обвинительный приговор
Abnehmer	покупатель; заказчик; клиент; абонент; потребитель
Tricorder	трикодер
Menschenblut	человеческая кровь
Klapsmühle	дурдом
Maquis	маки́ (повстанцы)
Séance	спиритический сеанс
Schlund	глотка
Rasierwasser	туалетная вода, употребляемая после бритья
Energiefeld	энергетическое поле
Bildmaterial	иллюстративный материал (рисунки, диаграммы и т. п.)
Waffenkammer	склад оружия
FBI-Agentin	агент ФБР
Dreckloch	дыра, помойка
Empfängnis	зачатие
Bruchlandung	аварийная посадка
Rennwagen	гоночный автомобиль
Außendienst	выездная работа, работа с клиентами
Bombenleger	террорист, подкладывающий бомбы
Schlepper	буксир
Zarin	царица
Autorennen	автоспорт
Halsschlagader	анат. сонная артерия
Kammerdiener	камердинер
Klunker	побрякушка, камушек
dito	то же самое, аналогично
Gespann	упряжка
Quiche	киш
Abriegelung	оцепление, блокировка
Postmann	почтальон
Einsatzkommando	оперативная группа
Geburtstagskind	"новорождённый" (празднующий день рождения)
Fußfessel	электронный браслет
Lehrstunde	урок (в школе)
Drehort	съёмочная площадка
Leihmutter	суррогатное материнство
Einsatzleitung	оперативный штаб, орган оперативного управления
antanzen	начинать танец
Einsatzbesprechung	инструктаж, планёрка
Beschwörung	подтверждение присягой; принесение присяги, присяга
Mistelzweig	ветка омелы
Poltergeist	полтергейст
Blitzschlag	удар молнии
Schuhverkäufer	продавец обуви
Lumen	люмен
Selbstjustiz	самосуд
Muskelprotz	качок, здоровяк
zerschießen	расстреливать, разрушать огнём
Antichrist	антихрист
Filzlaus	зоол. площица, вошь лобковая
Widerstandskämpfer	участник (боец) движения Сопротивления
Einsatzzentrale	оперативный центр
Laborratte	подопытная крыса
zuspielen	спорт. передавать (мяч, шайбу кому-л.), пасовать (кому-л.)
Kruzifix	распятие
Guerilla	партизан, партизанский отряд
Münztelefon	таксофон
herrufen	подзывать, призывать
Magengeschwür	язва желудка
aufsparen	приберечь, откладывать
aufmöbeln	обновлять, подновлять
Afghane	афганец
auswerfen	выбрасывать, выкидывать; бросать (напр., якорь, лот); извергать; отхаркивать
Taser	электрошокер
vergasen	газифицировать
Mojito	мохито
Schlauberger	разг. хитрец
Thronerbe	наследник престола, престолонаследник
Adaption	адаптация
wunderhübsch	удивительно красивый, прелестный
Atemweg	дыхательные пути
Bayou	байу, протока
brandmarken	клеймить
Zampano	хвастун, пустозвон
Schutzgeld	плата за покровительство (деньги, взимаемые бандой за охрану предпринимателя от других банд), крышевые деньги
ausbügeln	выгладить, выутюжить; разутюживать; заглаживать (напр., складки)
Scrabble	скребл, игра Эрудит
Schwadron	воен. эскадрон
zusammentreiben	сгонять (в одно место)
auflauern	подстерега́ть
Muskete	мушкет
Winzling	малыш, кроха
herumlungern	шататься, слоняться; бездельничать
Fanclub	фан-клуб
Bewaffneter	вооружённый
bashen	наезжать, критиковать
Gaunerei	жульничество, мошенничество
furchtsam	несмелый, боязливый, робкий
Vanilleeis	ванильное мороженое
Schachbrett	шахматная доска
Entwicklungsland	развивающаяся страна
Zirpen	стрекотать (напр., о кузнечиках); трещать (о цикадах)
Zauberkünstler	фокусник, иллюзионист
Firmament	небосвод
gleichbedeutend	равнозначащий, равносильный; тождественный, идентичный
Augenschein	видимость, осмотр
Borschtsch	борщ
Zimmertür	дверь комнаты
Klee	клевер
Untätigkeit	бездействие
Bratpfanne	сковорода, сковородка
Blitzableiter	громоотвод
dreizehnte	тринадцатый
übriggeblieben	оставшийся
Grünkohl	кале, кудрявая капуста
Küster	служка, дьячок, пономарь
Kontur	контур
Abendnachrichten	вечерние новости
Schifffahrt	навигация
Gerippe	остов
Romantikerin	романтик, романтичная особа
Bonsai	бонсай
abwürgen	душить, задушить; подавлять
bettelarm	нищий, очень бедный
Abschreckung	сдерживание
Kinderbetreuung	забота о детях
rückblickend	оглядываясь назад, ретроспективный
Adelstitel	дворянский титул
Umschreibung	описание
Auslöschung	гашение; погасание
Surfbrett	доска для сёрфинга
Klatschpresse	жёлтая пресса
Aula	актовый зал
Fischerei	рыболовство
Körpergröße	рост
Stimmungsschwankung	перепады настроения
Vernachlässigung	пренебрежение, небрежное отношение (G к кому-л., к чему-л.)
Schulung	обучение
Bienchen	ласк. перен. пчёлка, (маленькая) хлопотунья (о женщине)
anpassungsfähig	умеющий приспосабливаться; легко акклиматизирующийся
Hocke	спорт. группировка; присед; прыжок согнув ноги
Selbstgefälligkeit	самодовольство
erbeben	сотрясаться, дрожать, содрогаться, вздрагивать
Buchung	бронирование, заказ
Freudenträne	мн. ч. слёзы радости
halbherzig	робкий, малодушный
nachdrücklich	настоятельно, настойчиво
Schaulustiger	зевака
verwildern	одичать
unverwechselbar	неповторимый, невозможно спутать
Heia	детская кроватка
Wandteppich	стенной ковёр
vereinnahmen	получать, собирать (деньги); взимать
unscheinbar	невзрачный, невидный, незначительный
wegschieben	отодвигать
pauken	бить в литавры
ankurbeln	заводить, запускать (двигатель рукояткой)
herumsprechen	es hat sich herumgesprochen, dass... — пошли толки (разнеслась весть) о том, что...
vorausgehen	идти [продвигаться] вперёд
beizeiten	заблаговременно, заранее
aufgebracht	сердитый, раздражённый
hineinpassen	входить (во что-л. - соответствовать по размерам); подходить (к чему-л.)
Neunter	девятый
hasserfüllt	полный ненависти
gleichwertig	равноценный, эквивалентный, одинаковый
Messgerät	измерительный прибор
frauenfeindlich	женоненавистнический
rackern	мучиться, биться, надрываться, возиться
durchtrieben	продувной, хитрый, пронырливый
Stündlein	часок, смертный час
Kegel	конус, кегля, сосулька
fündig	богатый (о месторождении); рудоносный (о районе, участке)
Lüftchen	ветерок
Demagoge	демагог
Konzertkarte	билет на концерт
Hilflosigkeit	беспомощность
Windeseile	мгновение ока
Zank	перебранка
Zeltlager	палаточный лагерь
untrennbar	нераздельный, неотделимый
Wolkendecke	слой облаков
Völlerei	невоздержанность, неумеренность; обжорство; чревоугодие; пьянство
Energieversorgung	энергоснабжение, энергообеспечение
abgeschieden	уединённый, обособленный
Expresszug	экспресс
Sauerstoffmangel	недостаток кислорода, кислородное голодание, аноксия
Eingangsbereich	диапазон (изменения сигнала) на входе
Tempolimit	ограничение скорости
Dampfschiff	пароход
Seitensprung	прыжок в сторону
Zugfahrt	поездной рейс, рейс поезда
Hosenboden	зад, задница
Liebesbeziehung	любовная связь
Beisammensein	посиделки, совместное времяпровождение
Parkverbot	запрет парковки
beengt	стеснённый, тесный
Forschungsprojekt	научно-исследовательский проект
Essgewohnheit	привычный режим питания
Befürworter	защитник, заступник; сторонник
herabsetzen	снимать, спускать, опускать
unüberwindbar	непреодолимый (о высоте, трудностях); неодолимый
Salzsäure	соляная кислота
abfahrbereit	готовый к отъезду; готовый к старту
dampfend	дымящийся, парящий
entbrennen	загораться, вспыхивать, разгораться (тж. перен.)
bemitleidenswert	достойный сожаления
verreißen	отрывать
Stadtmauer	городская стена
Liebesgedicht	любовное стихотворение
anklicken	кликнуть
gutherzig	добродушный, мягкосердечный
Schwimmerin	пловчиха
Alkoholkonsum	потребление алкоголя
hierzulande	устар. у нас в стране, в здешних краях
verdrießen	сердить, раздражать
Schlappen	тапки, шлёпанцы
Saus	гульба, кутёж
Bundeskanzler	федеральный канцлер
Meteorologe	метеоролог
hergestellt	изготовленный, произведённый
Staatsgewalt	государственная власть
stubenrein	чистый; не пачкающий в комнате (о собаке)
Bundesgericht	федеральный суд (Швейцарии)
Überführung	перевоз
ungesetzlich	незаконный
netterweise	любезно, по доброте
Bergbau	горное дело
Gefriertruhe	морозильный ларь
Sprachrohr	рупор
überfragen	я не знаю
Stativ	штати́в
Werbekampagne	рекламная кампания
Gör	шутл. маленький ребёнок
Rummelplatz	ярмарка, ярмарочная площадь; место гуляний (с балаганами, с аттракционами)
Gegenüberstellung	противопоставление; сопоставление, сравнение
Ruhestätte	ложе; место отдыха
verrutschen	сползать; сдвинуться
Verarschung	вульг. кидалово, разводилово, наебалово
Königsfamilie	королевская семья
Spelunke	кабачок, харчевня, забегаловка либо игральное заведение невысокого качества либо пользующееся дурной славой по иным причинам; слово устаревающее, в разговорном языке носит несколько насмешливый характер
Geschlechtsumwandlung	смена пола
zurechnungsfähig	в здравом уме, отвечающий за свои поступки; вменяемый
Probefahrt	опытное плавание; ходовое испытание (судна); пробный пробег
Gegenwehr	воен. самооборона, противодействие, отражение; сопротивление
Organspender	донор
schrotten	превратить в скрап (лом) (что-л.); списать в металлолом (что-л.)
Sternenlicht	свет звёзд
Lehnsherr	истор. сеньор, сюзерен, феодал
Dosierung	дозировка
Brause	душ
Militärputsch	военный переворот
Bastille	Бастилия
Sonntagsschule	воскресная школа
Grünzeug	зелень
Ringkampf	борьба, схватка
Hundekuchen	собачье печенье
Beifahrer	сопровождающий водителя; второй водитель
Huldigung	преклонение
Wangenknochen	анат. скуловая кость
Pulitzer-Preis	Пулитцеровская премия
Maiskolben	початок кукурузы
Sechser	шестёрка
Bürgerwehr	народная дружина, ополчение
Feuerprobe	испытание огнём
Erzengel	архангел
Löckchen	локоны, кудряшки
Verliererin	неудачница, проигравшая
Schwesterherz	сестрёнка
Mordprozess	процесс по делу об убийстве
Chatroom	чат или раздел чата в Интернете
Maschinist	машинист; механик
Rostlaube	разг. шутл. драндулет (о старом автомобиле)
Umstellung	перестановка; перемещение
Euphorie	эйфория
Enteignung	экспроприация
Gammler	бездельник, хиппи
Leertaste	клавиша пропуска (пишущей машинки)
Sachbearbeiter	(ответственный) исполнитель; консультант (в учреждении)
Himmelspforte	врата небесные
ersehen	усматривать
entmachten	лишать могущества (силы, власти)
Schaft	стержень, голенище
Geflüster	шёпот
Leberversagen	печёночная недостаточность
zusperren	запирать
Allererste	самый первый
Hüpfburg	надувная крепость, надувной замок (надувная конструкция в виде крепости, замка и т. п., в которой дети могут прыгать как на батуте)
Vertiefung	углубление
Verwesung	тление, разложение, гниение
verschaukeln	обмануть, провести, ввести в заблуждение (кого-л)
Stummfilm	немой фильм
Roastbeef	ростбиф
hecken	высиживать (выводить) птенцов; выводить детёнышей (о млекопитающих)
unidentifiziert	неопознанный
spießen	пронзать; колоть
läufig	находящийся в состоянии течки (о самках)
davonfliegen	упорхнуть, улететь
Anlaufstelle	место причала
Bolschewik	большевик
umentscheiden	передумать
Zielgerade	финишная прямая
Maki	маки (роллы)
zwanzigmal	двадцать раз
Kinderlied	детская песня
Angina	ангина
Hofdame	придворная дама
streunen	бродяжничать; шататься; странствовать
vorbeifliegen	пролетать мимо
unfertig	неготовый
stimulierend	стимулирующий, возбуждающий
Schulterblatt	лопатка
gravieren	гравировать
böswillig	злонамеренный, злоумышленный, по злому умыслу, со злым умыслом
putzig	забавный, смешной, уморительный
hieran	здесь, на этом месте, этого , по этому
Herzenslust	вволю, всласть, сколько душе угодно
Urlauber	отпускник
Schelm	озорник, плут, проказник, шалун
zugetan	расположенный, привязанный
Schlot	дымовая труба ; [2c] жерло ; [4] верзила
Blütezeit	время цветения
Esslöffel	столовая ложка
CD-Spieler	CD-проигрыватель
umgebend	окружающий
Eierschale	яичная скорлупа
Holzhacken	колка дров
darauffolgend	следующий
Nachhaltigkeit	продолжительность, длительность, постоянство
Friedensnobelpreis	Нобелевская премия мира
Mädchenschule	школа для девочек
Portmonee	кошелёк, портмоне
Solarenergie	солнечная энергия
Familienstand	семейное положение
Reisfeld	рисовое поле
Begründer	основатель; основоположник
Arbeitstier	с.-х. рабочее животное
müßig	праздный, бездеятельный, ленивый, бесполезный
Erdbeermarmelade	клубничное варенье
gegensätzlich	противоположный
arbeitsreich	высок. наполненный работой (о дне); трудовой, богатый трудом (о жизни человека)
wohlerzogen	благовоспитанный
vierhundert	четыреста
Lebensstandard	уровень жизни, жизненный уровень
hellgrün	светло-зелёный
Schokoladenpudding	шоколадный пудинг
frösteln	мёрзнуть, зябнуть
muten	казаться, мниться
Haushaltsgerät	предмет домашнего (хозяйственного) обихода, бытовой прибор
Nomen	имя, и́мя существи́тельное, существи́тельное
Zeitzünder	воен. дистанционный взрыватель; механическая дистанционная трубка
Schulbehörde	школьный совет, управление образования
Strafverfolgung	юр. уголовное преследование
Verwahrung	хранение
Wechselbalg	ребёнок-уродец; ублюдок (уст.)
Krankengeschichte	история болезни
Admiralität	адмиралтейство
Jukebox	музыкальный автомат
Maklerin	риелтор, маклерша
ankriechen	приползти (о насекомом)
Vierteldollar	четверть доллара
Vaterfigur	отцовская фигура
Dorftrottel	деревенский дурак (юродивый)
Pfarrhaus	дом (семья) пастора (священника)
Menschengestalt	человеческий образ
Röntgenblick	шутл. пронзительный взгляд
Dschihad	джихад
Todessehnsucht	танатомания (непреодолимое желание совершить суицид)
Quickie	перепихон, быстрый секс
Sommercamp	летний лагерь
Pfeifton	свист, высокий пронзительный звук (похожий на свист)
Verhörraum	помещение для допроса
Erschießungskommando	расстрельная команда
Infrarot	инфракрасный спектр, инфракрасная область спектра
Ödland	пустошь
Feuerleiter	пожарная лестница
Titelblatt	полигр. титул, титульный лист
Konföderation	конфедерация
Zeugenschutzprogramm	программа защиты свидетелей
Gleiter	планёр
Anämie	малокровие, анемия
Fluchtplan	план эвакуации (людей, напр. при пожаре); план аварийного выхода
Vernissage	вернисаж
Scheidungspapier	документы о разводе
Weingut	винодельческое хозяйство
Schnorrer	фам. попрошайка; прихлебатель; бродяга
Fallschirmspringer	парашютист
Sondereinheit	спецподразделение
Katheter	катетер
Reißzahn	клык
hochachtungsvoll	с глубоким уважением
Weibsstück	баба, стерва
Sicherheitsstufe	уровень секретности
Militärpolizei	военная полиция
Bauunternehmer	строительный подрядчик, стройподрядчик
Liebesnest	любовное гнёздышко
nachladen	дозаряжать, перезаряжать; подзаряжать
Transplantat	трансплантат
Fundort	место находки
Hundefänger	собачник
großherzig	великодушный
Kriegsministerium	военное министерство
Waffengeschäft	оружейный магазин
Schützengraben	окоп
Anstiftung	подстрекательство; наущение
Spendenaktion	сбор пожертвований
Flachwichser	бран. мудак, урод (неприятный, подлый человек)
Schmorbraten	жаркое; тушёная говядина, тушёное мясо
Sexualstraftäter	сексуальный преступник
Fahrwerk	ходовая часть, шасси
Kommunikationssystem	система связи
Geldtransporter	инкассаторская машина
zupacken	укладывать, упаковывать; закрывать, забивать (ящик)
Fregatte	фрегат
Rettungskapsel	капсула для аварийного покидания самолёта
achtern	морск. сзади, за кормой, по корме; на корме
Würdenträger	высокопоставленное лицо; сановник, вельможа
auswaschen	вымывать, промывать; смывать
Steuereintreiber	налоговый агент, налоговый сборщик, сборщик налогов
nuttig	распутный, в стиле шлюхи
entjungfern	дефлорировать, лишать девственности
Muli	мул
zustechen	наносить удар(ы) (кому-л. ножом, шпагой)
Opus	опус
entwaffnen	обезоруживать, разоружать
Vaseline	вазелин
Sprengfalle	ловушка (причиняющая ранения), мина-ловушка, растяжка
riegeln	запирать на засов
Slipper	слиперы, мокасины
Abwurf	сбрасывание, метание
überstellen	передавать (направлять) (по инстанции)
randalieren	дебоширить
Eintragung	регистрация
Doppel	парная игра
Opfergabe	жертвенный дар
Hurenbock	кобель, бабник
Isch	я (диалектное)
Zobel	соболь
Footballspieler	футболист
Hauptzeuge	юр. основной (главный) свидетель
Ortung	воен. определение местоположения; локация; ориентировка; пеленгация
rationieren	точно распределять
Passepartout	пропуск
lechzen	возжелать, страстно желать
Einzahlung	взнос, вклад
überstimmen	побеждать большинством голосов, майоризировать
Umdrehung	вращение, поворот; оборот
Schnucki	лапочка, сладенький
Cabaret	кабаре
Spatzenhirn	куриные мозги
unrechtmäßig	незаконный
bogen	кривая, дуга, арка, свод
schmuddelig	грязный, запущенный, неопрятный (о месте, помещении)
Werbegeschenk	рекламный подарок, рекламный сувенир
mitschleppen	таскать (водить) за собой (с собой)
Beagle	бигль
ausplündern	разграблять
abgekartet	подстроенный, сфабрикованный
einschmeicheln	sich ~ вкрасться в доверие (к кому-л. путём лести); подлизываться (к кому-л.), заискивать (перед кем-л.)
Großwesir	великий визирь
Scheißtyp	подонок, козёл
Rittmeister	ротмистр
ordern	заказывать
schnuckelig	миловидный, хорошенький, изящный, симпатичный
herkriegen	доставать, добывать
einquartieren	размещать по квартирам (по домам), расквартировывать
Kebab	кулин. кебаб
Ex-Knacki	бывший зэк
schillernd	переливчатый (о красках, цвете), играющий (разными цветами); ослепительный
antörnen	дурманить (о наркотике)
Fanfare	фанфары
tätlich	действенный, насильственный
vierfach	четырёхкратный
lungern	лениться, бездельничать, слоняться без дела
Haiku	хайку
eineiig	однояйцевый
nahelegen	рекомендовать, настоятельно предлагать
Paddel	весло
abschätzen	оценивать, оценить
Abnahme	отнятие; снятие
Wiegenlied	колыбельная
Tierfreund	любитель животных
unbedenklich	не вызывающий сомнений
Schlosser	слесарь
Weltgeschehen	события в мире
Privatflugzeug	частный самолёт
Selbstbestimmung	самоопределение
Spukhaus	дом с привидениями
Reichstag	рейхстаг
Zisterne	цистерна
Mountainbike	горный велосипед
Flüchtlingslager	лагерь беженцев
Barometer	барометр
Festlichkeit	праздник, празднование, торжество, торжественность
Fußmarsch	пеший переход
Traubensaft	виноградный сок
einspannen	запрягать, впрягать (лошадей); закладывать (коляску)
beschlossen	решённый, принятый
Finder	нашедший
Berufsverkehr	час пик
Nasenring	кольцо в носу
Röckchen	юбочка
nachvollziehbar	воспроизводимый
Kundenservice	обслуживание клиентов, сервис клиентов
Erdbeereis	клубничное мороженое
Turmuhr	башенные часы
Glückssache	дело счастья, дело удачи
Alm	геогр. горное (альпийское) пастбище, высокогорный (альпийский) луг (в Южной Германии, Австрии, Швейцарии)
Maschinenbau	машиностроение
Staatsgeheimnis	государственная тайна
Raumfähre	орбитальный корабль
Ausruf	возглас, восклицание, выкрик
Mundschutz	медицинская маска
Wasserski	водные лыжи
Großmut	великодушие
Durchführung	проведение
Gewaltlosigkeit	ненасилие
Dung	навозное удобрение
verherrlichen	прославлять, прославить
Unterseeboot	подводная лодка
Unikat	уникальный экземпляр
Maiglöckchen	ландыш
unwiederbringlich	безвозвратный; невозместимый (об утрате)
Opernhaus	оперный театр
Arbeitsfläche	рабочая поверхность, среда рабочего стола
striegeln	чистить (лошадь) скребницей
Vierbeiner	четвероногий
abfragen	опрашивать (учащихся); спрашивать (заданный урок)
vergammeln	испортиться, сгнить (о продуктах)
Abendzeitung	вечерняя газета
redigieren	редактировать
Meise	синицевые, синица
Besessener	одержимый
Fürstentum	княжество
Belanglosigkeit	незначительность, неважность
stauben	распыляться
kundtun	возвестить, возвещать, известить, извещать
schnattern	гоготать (о гусях); крякать (об утках)
tatkräftig	энергичный, активный, деятельный
zaudern	медлить, колебаться
Aufschnitt	холодная закуска
Judo	дзюдо
Unterscheidung	дифференциация
Taschenuhr	карманные часы
Klavierlehrerin	учительница игры на фортепьяно
Nachgeschmack	привкус; вкус (остающийся во рту после чего-л.)
anheim	во власть, на волю
besteuern	облагать
Spaltung	расщепление; деление
Terminus	термин (научный), понятие
Kunstmuseum	художественный музей
Lebenslage	обстоятельства (жизни)
Riesenerfolg	колоссальный (огромный) успех
Salzstreuer	солонка
Ausschweifung	отклонение (от темы), экскурс
Klavierlehrer	преподаватель игры на фортепьяно
Äußerlichkeit	формальности; показное; побочное, несущественное
unaufgeräumt	неприбранный, неубранный; находящийся в беспорядке
Trabant	телохранитель, спутник, приспешник
Unklarheit	неясность, неопределенность
Sowjetrepublik	советская республика
hineinstecken	втыкать, всовывать
verständig	понятливый, рассудительный
übersiedeln	переселяться; переезжать (в другой город)
gleichnamig	одноимённый
Artischocke	артишок
Unbewusstes	бессознательное
gespeichert	сохранённый
kolonisieren	колонизировать, осваивать
Nichtigkeit	ничто, недействительность
Fresko	фреска
Eck	угол
Nahrungssuche	поиск корма
Lauscher	тот, кто подслушивает; шпион, лазутчик, шпик
Sexualtrieb	половое влечение
Sombrero	сомбреро
Ständchen	серенада
Aftershave	лосьон (после бритья)
meschugge	чокнутый, псих
klaustrophobisch	клаустрофобный
Sonntagabend	вечер воскресенья
Genossenschaft	кооператив
Ermordeter	убитый
Äbtissin	аббатиса, игуменья
Handrücken	тыльная сторона ладони
Hauptperson	первое (главное) лицо
Beweisführung	аргументация
Mitschuld	соучастие (в преступлении); совиновность
Murmel	стекляный шарик
Hauptsitz	резиденция
Dinar	динар
Lokalnachricht	местная новость [сообщение (в газете)], местная хроника (раздел газеты)
sehnlichst	страстно, горячо
Handelsabkommen	торговое соглашение
wunschlos	не имеющий желаний; безмятежный
Trostpreis	утешительный приз
Weihnachtsstimmung	рождественское настроение
Gießerei	литейный цех
Aufteilung	раздел, (раз)деление; распределение; делёж(ка) (разг.)
Nachtdienst	ночное дежурство; ночная смена
Aufopferung	жертвоприношение
Bügel	вешалка, плечики, стремя, дужка
Haaransatz	линия роста волос
Fürsprache	ходатайство
Untersuchungsergebnis	результат исследования
Zunft	истор. (ремесленный) цех; гильдия; корпорация
Seelenheil	спасение души
ausspülen	прополаскивать, выполаскивать, споласкивать; промывать; орошать
Akustik	акустика
Kleinhirn	малый мозг, мозжечок
Lachnummer	посмешище
Glucke	наседка, коконопряд
Sodawasser	содовая, газировка
Anlasser	стартер
Werbepause	рекламная пауза
Grundpfeiler	опорный столб, опора
Arbeitsamt	биржа труда
vorgehalten	предъявленный, упрёкнутый
aufdonnern	разг. разрядиться, расфрантиться, разодеться в пух и прах
zwängen	втискивать, вталкивать, впихивать
Frontalangriff	лобовая атака
Obacht	внимание; наблюдение; осторожность
Ungereimtheit	отсутствие рифмы, нерифмованность
anschmieren	намазать, смазать
Kuvert	конверт
bröckeln	крошиться, исчезать, крошить
Anfängerglück	везение новичка
verteufeln	превратиться в дьявола (в чёрта, в зверя), потерять человеческий облик
Ostersonntag	пасхальное воскресенье
Tatbestand	юр. фактические обстоятельства, состав преступления
Unterstand	воен. убежище; блиндаж
Versicherungsvertreter	страховой агент
rammeln	спариваться (об овцах, зайцах и кроликах)
triftig	убедительный; основательный; важный
übermüden	утомлять, переутомлять
anzüglich	неприличный
Droschke	дрожки
Helferin	помощник
Blitzer	радар, камера контроля скорости
Sicherheitsrat	совет безопасности
Günstling	любимец; фаворит
aufsehen	смотреть вверх, уважать
Tennisschuh	теннисная туфля, кроссовка
Heilmethode	метод лечения
abschreckend	устрашающий
Dauerwelle	перманент, шестимесячная завивка (способ завивки)
Feuerwehrauto	пожарная машина
Grenzübergang	место, где можно перейти границу; пограничная станция; пограничный пункт
Notfallplan	план действий при ЧП
ausleeren	опустоша́ть, опустоши́ть
Grußkarte	поздравительная открытка
Polio	полиомиелит
stülpen	выворачивать, нахлобучивать, натягивать
Paracetamol	парацетамол
Schwankung	колебание
Segnung	благословение
treulos	неверный, вероломный
rechtswidrig	противозаконный, незаконный, неправомерный
Tiramisu	тирамису
koffeinfrei	не содержащий кофеина
schwerkrank	тяжелобольной
einengen	суживать (тж. перен.)
hinauswachsen	перерасти (что-либо), выйти из того возраста (когда увлекаются чем-либо)
Zeitrechnung	летоисчисление
Zeichensetzung	расстановка знаков препинания; пунктуация
fuchsteufelswild	разг. взбешённый, разъярённый, рассвирепевший
Ölpreis	цена на нефть
extrovertiert	экстравертный
Menstruation	менструация
Halfter	кобура, недоуздок
Golfspielen	игра в гольф
Friedenspfeife	трубка мира (символ примиремия у сев. -ам. индейцев)
Bestimmtheit	определённость
Unterhaus	палата общин (в Англии)
Mittelmaß	посредственность
anreichern	обогащать, насыщать (тж. тех.)
Kitsch	кич
Getümmel	суматоха, сутолока
Kernwaffe	ядерное оружие
Warteraum	зал ожидания
Klavierspieler	пианист
Schnorchel	дыхательная трубка, шнорхель
Klägerin	истица, жалобщица, пострадавшая
Überraschungsbesuch	неожиданный визит
Gruppensex	групповой секс
Verteiler	распределитель, трамблёр
Instandhaltung	содержание в исправности, поддержание в исправном состоянии; техническое обслуживание, уход
Hausmannskost	домашний стол, домашняя еда; простая питательная пища
durchbraten	прожаривать
Überzeugungskraft	убедительность
Nationalheld	национальный герой
Schulferien	каникулы
nacheifern	соревноваться (с кем-л. в чём-л.); следовать, подражать (кому-л. в чём-л.); не отставать (от кого-л. в чём-л.); брать пример (с кого-л. в чём-л.); равняться (на кого-л. в чём-л.)
Lebensgrundlage	основные (основополагающие) условия жизни
Denkzettel	памятка
mundtot	заставить замолчать
unachtsam	невнимательный
Umgehungsstraße	объездная дорога
belesen	перебирать (напр., бобы)
aufschrecken	вздрагивать
Fahrzeugpapier	документы на машину
Hochtour	полный ход, вершина
Viehzucht	скотоводство, животноводство
Lernprozess	процесс учения, учебный процесс
Trockenfutter	сухой корм
Jagdgewehr	охотничье ружьё
unbehelligt	j-n unbehelligt lassen — оставлять в покое, не тревожить кого-л.; оставлять безнаказанным кого-л.; j-n unbehelligt vorübergehen lassen — беспрепятственно пропустить кого-л.
Schweißer	сварщик
Gastwirt	трактирщик
Lyra	муз. лира; древнегреческий щипковый музыкальный инструмент, похожий на кифару, с пятью-семью струнами.
Filmregisseur	кинорежиссёр
Jahresgehalt	годовой оклад
Hirntumor	опухоль головного мозга
Moderatorin	ведущая
Zeitverschiebung	временной сдвиг
Belüftung	аэрация; проветривание
Fischstäbchen	рыбные палочки
Speichellecker	подхалим, льстец, подлиза
Kompost	компост
Psychoanalytiker	психоаналитик
Erzieherin	воспитательница
Lebensumstände	жизненные обстоятельства
orientierungslos	дезориентированный
Geiselnehmer	террорист, захвативший заложников
Zöllner	таможенник
Tomatensoße	томатный соус
emanzipieren	эмансипировать
Südsee	южные моря
bräunen	поджаривать, подрумянивать (напр., мясо)
Extremität	анат. конечность (часть тела)
Vetternwirtschaft	кумовство
ankleiden	одевать
Parzelle	участок, делянка
zackig	зубчатый; зазубренный
Chlamydie	хламидия
hinarbeiten	стремиться (к чему-л.), метить (на что-л.), добиваться, домогаться (чего-л.)
Anbieter	оферент, провайдер; предлагающий товары (услугу)
Zielstrebigkeit	целенаправленность; целеустремлённость
Mülldeponie	свалка мусора
unseretwegen	из-за нас
Regelverstoß	нарушение правил
unwiderlegbar	неопровержимый
aufbieten	напрягать (силы); пускать в ход (средства)
Spiegelung	отражение
vorstoßen	толкать вперёд
untertan	подчинённый
Drossel	дрозд, певчий дрозд, дроссель
Schadstoff	вредное вещество, яд
erschnüffeln	разг. вынюхивать
Computervirus	компьютерный вирус
fortbestehen	продолжать существовать (жить)
befeuchten	увлажнять
Promotion	докторантура
Referent	докладчик
Dobermann	доберман
Rille	канавка, желобок; борозда
durchstöbern	обшарить, перерыть
DNS-Test	тест ДНК
eingliedern	включать, вводить (в состав чего-л.), присоединять
abwählen	не выбрать на новый срок, проголосовать за отстранение (кого-л.)
Elektrizitätswerk	электростанция
Piepmatz	птенец (тж. о ребёнке)
Zweigstelle	отделение, филиал
angleichen	приспосабливать, приспосабливаться
Camembert	камамбер
Massengrab	братская могила
bejubeln	встречать с ликованием ( с восторгом)
fortlaufen	убегать, продолжаться, развиваться
Schießeisen	разг. винтовка, ружьё
verkrampft	напряжённый, зажатый
Betäubungsgewehr	ружьё с транквилизатором
Patenkind	крестник, крестница
Beweislage	юр. положение дел с предоставлением доказательств
Phantombild	фоторобот, фотокомбинированный портрет
ranhalten	поторапливаться, налегать
Laderaum	морск. трюм
Klaue	коготь; лапа (с когтями)
Vizepräsidentin	вице-президент (женщина)
Hinterland	хинтерланд (местность, прилегающая к промышленному или торговому центру; местность, примыкающая к железной дороге; незахваченная территория, граничащая с колониями)
Prostata	простата, предстательная железа
Sozialamt	служба социального обеспечения
Verbrecherin	преступница
verliehen	присуждённый, вручённый
Showgeschäft	шоу-бизнес
Aufgebot	объявление, провозглашение; оглашение (вступающих в брак); вызов (заинтересованных лиц объявлением)
Mopp	швабра
Sippschaft	пренебр. клика, шайка
Spülung	полоскание; промывка
Zischen	шипеть
Pfandleiher	ростовщик, владелец ломбарда
Autocar	автобус
Rauswurf	увольнение, выставление за дверь
Einweisung	инструктаж, указание
Sackgesicht	рожа, урод
Absturzstelle	место падения (аварии) (напр., самолёта)
Sünderin	грешница
Verdächtigung	подозрение
Drehtag	съёмочный день
Schwärmerei	увлечение
Formwandler	меняющий облик, метаморф
Wächterin	хранительница, стражница
Bowlingbahn	боулинг-клуб, дорожка для боулинга
Emir	эмир
Handabdruck	отпечаток ладони
Thronsaal	тронный зал
Verdeck	откидной верх, тент
Spieltisch	карточный (ломберный) стол
Tischgebet	застольная молитва
Zyanid	цианид
verweichlicht	изнеженный
Informantin	осведомительница
Einsatzwagen	добавочный вагон (в часы пик или на особенно загруженной линии)
Unterschlagung	сокрытие, утайка
Stirnband	налобник; лента, бархотка, повязка (на лоб)
Eierstock	яичник
Anstandsdame	компаньонка; гувернантка; пожилая дама, сопровождающая молодую девушку; блюстительница хорошего тона
Lepra	проказа, лепра
Fütterung	кормление, кормёжка; откармливание
wegschnappen	увести из-под носа, перехватить
anhänglich	привязанный
Singleton	одиночка, синглтон
Darstellerin	актриса
klaro	ясненько, ясен пень
Stofftier	мягкая детская игрушка (медвежонок, собачка и т. п.)
Departement	департамент (отдел учреждения)
ulkig	смешной, странный
Eigentümerin	владелица, собственница
Fischchen	рыбка
Jab	джеб
Waffenbesitz	владение оружием
Psi	пси
Waschanlage	техн. моечная установка; промывочная установка
Zellengenosse	сокамерник
anlachen	улыбаться
Zauberformel	магическая (волшебная) формула, формула заклинания
Plastiksprengstoff	пластичное взрывчатое вещество
Menschenopfer	принесение человека в жертву (богам); жертвоприношение людей
Bodentruppe	наземные войска
Gaukler	орёл-скоморох, фигляр
Bronco	мустанг, необъезженная лошадь
Flipper	пинбол, флиппер
verschrotten	пустить на слом; превращать в лом; разделывать скрап
Sklavenhändler	работорговец
Barde	бард
Marschbefehl	воен. приказ на марш
Fallschirmjäger	десантник
Zündschnur	фитиль, запал
hochkriegen	поднять
abfärben	выцветать, линять
wegjagen	выгнать (кого-л. откуда-л.)
einrenken	мед. вправлять (вывих)
rumerzählen	болтать, разбалтывать
Wegwerfhandy	одноразовый телефон
unterwandern	смешивать; нарушать однородность (населения); разлагать
einwirken	влиять, (воз)действовать, оказывать влияние (воздействие) (на кого-л., на что-л.)
durchkauen	прожёвывать
Drohnenangriff	удар дрона
Trapp	топот, рысь
Sichtung	рассев
Prätor	претор
ölig	масляный, жирный
unkontrollierbar	не поддающийся контролю (проверке)
lasch	слабый, вялый, инертный, ленивый
Bimbo	чёрный (оскорб.), бимбо
Raufbold	хулиган, драчун
Doppelschicht	двойной слой
Alcatraz	Алькатрас
ausschlachten	разделывать (тушу); потрошить; свежевать
verkackt	облажался, просрал
Privatgespräch	личный [частный] разговор
Nymphomanin	нимфоманка
Proteus	Протей
traben	рысить
Komantsche	команч
Luftaufnahme	аэрофотосъёмка, воздушное фотографирование
niedermetzeln	перебить, вырезать (людей); устроить резню
umlenken	перех. поворачивать, поворотить, повернуть (лошадь, экипаж)
nachbauen	достраивать, дополнительно (при)строить
Hole	лунка, дыра
bemannt	укомплектованный
anormal	ненормальный
fortschicken	отсылать, отправлять
Waffenbruder	товарищ по оружию, боевой соратник
Treff	удар (по чему-л.)
steppen	стегать (одеяло и т. п.)
abnorm	аномальный; ненормальный
peilen	засекать, определять, пеленговать
unterschwellig	подпороговый; подсознательный, подспудный
anpinkeln	фам. пи́сать (на что-л)
Deflektor	техн. дефлектор, вентиляционный раструб
bemuttern	проявлять (материнскую) заботу, заботиться (о ком-л.)
koppeln	соединять, связывать; стреноживать (лошадь)
durchschwimmen	проплывать (через что-л.)
Traufe	карниз
Unkenntnis	незнание, неведение, неосведомлённость
Blödheit	вздор, глупость, тупость, чепуха, чушь, слабоумие
aufbekommen	получить в качестве задания
Metzgerei	мясная лавка
bewahrheiten	подтверждаться, подтверждать
Präsidentschaftswahl	президентские выборы
Wahlergebnis	результат(ы) выборов
Schuhsohle	подошва; подмётка
Abstinenzler	трезвенник
Hopfen	хмель
Auslegung	выкладывание; инкрустирование; выстилание; настилка
Stegreif	устар. стремя
Organisator	организатор, устроитель
Entfaltung	развёртывание; раскрытие (парашюта)
Despot	деспот
bewandern	путешествовать (пешком) (по какой-л. местности); обойти (пешком) (какую-л. местность)
mündig	совершеннолетний
Setzling	саженец
Weltwunder	чудо света
Köcher	колчан
Heizkörper	батарея (отопления)
Menschheitsgeschichte	история человечества
Textilie	текстиль, текстильное изделие, ткань
Jobsuche	поиск работы
Aquädukt	акведук
vereinbar	совместимый, согласуемый
saukalt	чертовски холодный, очень холодный
vertrauensselig	доверчивый, легковерный
Wirksamkeit	эффективность, действенность
sturzbetrunken	пьяный в стельку
Bekanntenkreis	круг знакомых
Wahltag	день голосования
Verbesserungsvorschlag	рационализаторское предложение
Rauchverbot	запрещение курения, запрет на курение
Treiber	погонщик, загонщик, драйвер
Gießkanne	лейка
splitterfasernackt	совершенно голый, в чём мать родила
Wechselwirkung	взаимодействие
langwierig	длительный, продолжительный, затяжной
Dienstreise	командировка
Spielkarte	игральная карта
Badetuch	полотенце
kurzlebig	недолговечный
beäugen	осматривать
herumreisen	путешествовать, разъезжать
versiegelt	опечатанный, запечатанный
Rosenblatt	лепесток розы
Fechter	фехтовальщик
Geplapper	болтовня
durchblicken	смотреть (сквозь что-л.)
Pampa	пампасы, глушь
Autowerkstatt	авторемонтная мастерская
Lid	веко
großspurig	кичливый, надменный, высокопарный
Fernsehstar	телезвезда
untragbar	нетерпимый, невыносимый, невозможный
Schwätzchen	болтовня
Schwiele	мозоль
Primus	первый ученик, лучший
wissentlich	сознательно, заведомо
Gravitationsfeld	физ. гравитационное поле
Schandfleck	позорное пятно, клеймо позора
Schwitzkasten	захват шеи, удушающий
Fangzahn	клык
Wallung	кипение, волнение, бурление
Blutwert	показатель крови, анализ крови
einbetten	укладывать в постель
Erstbester	первый попавшийся
Anklageschrift	юр. обвинительный акт; обвинительное заключение
Vollnarkose	мед. общий наркоз; глубокий наркоз; наркоз
Gesamtsumme	общая сумма
Klapperkiste	развалюха, драндулет
Seegang	волнение ( моря ), зыбь
Riesenunterschied	огромная разница
Zeitrahmen	временные рамки
Achtel	восьмая
erleuchtet	просветлённый, озарённый
Schwächeanfall	приступ слабости, обморок
Heuchlerin	лицемерка, ханжа
Rechtsberatung	юридическая консультация
maßschneidern	шить на заказ
Führerin	руководительница, лидер
Ehebrecher	нарушающий супружескую верность; прелюбодей
Fremdenlegion	иностранный легион
Pressemitteilung	сообщение для СМИ, заявление для печати, пресс-релиз
Herzstück	сердцевина, сердечник
Liebestrank	любовный напиток
Polizeieinsatz	полицейская операция
Personalchef	начальник отдела кадров
Kreißsaal	мед. родильная палата, родильный зал; родовая, родилка
Puderzucker	сахарная пудра
Wermut	полынь горькая, вермут
Gepäckwagen	багажный вагон
Jogger	бегун трусцой
Schuhcreme	гуталин
läutern	очищать, осветлять; рафинировать; промывать (руду)
Lehrgang	курс
tiefsinnig	меланхоличный; задумчивый
Hämorrhoide	геморрой
Verbandskasten	аптечка
Spielhalle	игровой зал; помещение для игр
außergerichtlich	внесудебный
Kasper	театр. Каспер
Pfandhaus	ломбард
Schnitzeljagd	поиск по подсказкам, квест
Peitschenhieb	удар кнутом
Förmlichkeit	формальность
Lusche	фоска
knuddelig	маленький (о грудном ребёнке, которого очень хочется обнять)
Geschlechtsorgan	половой орган
Kaper	ка́перс, капер
Notsituation	трудная ситуация
Raubzug	разбойничий набег
Untier	чудовище (тж. перен. о человеке)
Leguan	игуана
Maisfeld	кукурузное поле
nachgucken	смотреть, глядеть, глазеть вслед (кому-л.)
auseinanderbringen	разнимать
Scharnier	дверная петля
Kriegsfilm	боевик
Innenarchitekt	дизайнер интерьеров
auskratzen	выцарапывать, выскребать; выскабливать (тж. мед.)
tänzeln	приплясывать
nachweislich	доказуемый
leger	непринуждённый, небрежный
Strafvollzug	исполнение приговора; отбытие наказания осуждённым
erdolchen	заколоть (кинжалом)
Polizeipräsidium	управление полиции (в крупном городе)
Isolierband	изолирование ленты
kokett	кокетливый
stillgelegt	закрытый, законсервированный
überfürsorglich	чрезмерно опекающий
Polizeibehörde	полиция, полицейское управление
Schnittstelle	информ. интерфейс
Scheinfirma	подставная фирма
missglückt	неудавшийся, провальный
Klecks	пятно, клякса
meistgesucht	самый разыскиваемый
Schnitzerei	резьба, резь
rigoros	жёсткий, бескомпромиссный
Tonaufnahme	аудиозапись
Morddrohung	угроза убийства
haftbar	ответственный (für A за кого-л., за что-л.)
beglaubigen	заверять, удостоверять, свидетельствовать
Selbstporträt	автопортрет
Sammlerstück	коллекционный экземпляр
handgeschrieben	рукописный
Dschihadist	джихадист
todernst	чрезвычайно (очень) серьёзный
Kasache	казах
notlanden	вынужденная посадка
Solist	солист
abklappern	разг. обходить, исходить (в поисках чего-л.)
Internist	врач по внутренним болезням, терапевт
schaurig	жуткий
einrasten	техн. заскакивать; входить в зацепление
geistlos	бездарный
Südpazifik	южная часть Тихого океана
überschneiden	пересекать
durchsieben	просеивать (что-л. сквозь сито, решето), грохотить (пропускать сквозь грохот)
ungeschliffen	нешлифованный; неотточенный
stempeln	(про)штемпелевать, ставить печать (на что-л.); прикладывать печать (к чему-л.)
zusammenstürzen	рушиться, разваливаться; падать
zoomen	менять масштаб изображения; увеличивать [уменьшать] изображение
angsteinflößend	пугающий, наводящий страх
schlagkräftig	боеспособный
entrichten	вносить (деньги), уплачивать, платить (налоги и т. п.)
abtragen	сносить, разбирать (здание); срывать (вал); делать выемку
Lieblingsgetränk	любимый напиток
Lauffeuer	воен. беглый огонь
Weltbürger	гражданин мира
Fahrtrichtung	направление движения; курс
Heuschnupfen	сенная лихорадка
Frikadelle	котлета
ungeschminkt	ненакрашенный; ненарумяненный, без грима
verschüttet	засыпанный, пролитый
anraten	советовать (посоветовать), рекомендовать (порекомендовать)
Christbaum	рождественская ёлка
Inhaltsstoff	ингредиент, компонент
Tanzpartnerin	партнёрша по танцам
Blindenhund	собака-поводырь
Zeitungspapier	газетная бумага
Gutmütigkeit	добродушие
Teebeutel	чай в пакетиках
Kopfstand	спорт. стойка на голове
Fahnenstange	флагшток
Trauerspiel	театр. трагедия
Luftfahrt	авиация
Schulmeister	учитель, педагог (школы); наставник
Ausfluss	исток
Umsicht	осмотрительность
unsagbar	невыразимый, несказанный
Wirtschaftslage	экономическое положение, экономическая ситуация
Gewerkschafter	профсоюзный деятель, профсоюзный работник, член профсоюза
Hingucker	то, что бросается в глаза
Gürkchen	огурчик
Klassenlehrerin	классная руководительница
Laube	уклейка
Unehre	бесчестье, позор
huckepacken	нести на закорках
Vogelnest	гнездо птицы
blutverschmiert	залитый кровью
todlangweilig	разг. ужасно скучный
Ansporn	сти́мул, толчо́к, и́мпульс
eitern	гноиться
feinfühlig	чуткий, деликатный
Ausarbeitung	разработка, выработка
Veranlagung	наклонности, задатки, способности
Unterführung	путепровод
Tundra	тундра
Sägemehl	опилки
Meerenge	пролив
Beamer	проектор
Verwundung	ранение, повреждение
Synthese	синтез
Frömmigkeit	благочестие
Zwangsarbeit	каторга
Hochspannung	высокое напряжение
Anagramm	анаграмма
Installateur	водопроводчик, слесарь-сантехник; монтёр; монтажник
Vergangenheitsform	лингв. форма прошедшего времени
Rettungssanitäter	фельдшер, парамедик
Rosenkohl	брюссельская капуста
Mittelstufe	средняя ступень чего-л.
Inselbewohner	островитянин
Lakritz	лакрица
Gruselgeschichte	жуткая история
foppen	дурачить, одурачивать ( одурачить ), обманывать ( обмануть )
Absurdität	абсурдность, абсурд
verschandeln	разг. обезобразить, изуродовать; повредить (чему-л.)
ungepflegt	неряшливый, небрежный
Ermahnung	призыв; увещевание, предостережение; наставление, замечание, выговор; напоминание (напр., о долге, обязанности)
Faustschlag	удар кулаком
Fertiggericht	консервированное готовое блюдо (разогреваемое перед употреблением)
Präsidentschaftskandidat	кандидат в президенты
ankreuzen	отметить крестиком, лавировать
Asthmaanfall	приступ астмы
beuten	эксплуатировать, грабить
bewirtschaften	управлять хозяйством, вести хозяйство (где-л.)
abrunden	матем. округлять вниз
Halm	соло́минка
intensivieren	интенсифицировать, усиливать, напрягать
abbestellen	отменять заказ, отменить вызов
verdunsten	испаряться; улетучиваться
Spaziergänger	ходок
Reibung	трение, трения
Fußsohle	подошва
zuschneiden	кроить (одежду); раскраивать (материю)
tränen	слезиться; слезоточить (о глазах)
Knolle	клубень
Penne	жарг. ночлежка; ночлег
Monatsgehalt	месячный заработок
Fußnote	сноска
Fußmatte	половик
Pinzette	пинцет
definiert	определённый
Dementi	опровержение
pupsen	пукать
benetzen	высок. смачивать, увлажнять; орошать; окроплять, опрыскивать
Schneeballschlacht	игра в снежки, снежный бой
einwandern	переселяться (в страну), иммигрировать
krempeln	чесать (шерсть)
beredt	разговорчивый, красноречивый, веский, выразительный
auslöffeln	выхлебать; выбрать ложкой, вычерпать
Muskelkater	крепатура, мускульная боль, мышечная боль, боль в мышцах
Staubwolke	облако пыли
kreidebleich	бледный как смерть, бледный как стена, очень бледный
Kleeblatt	лист клевера
Gefrierpunkt	температура замерзания
Hochzeitsfeier	свадьба, празднование свадьбы
Vollkornbrot	цельнозерновой хлеб
Auffassungsgabe	сообразительность
dunkelblau	темно-синий
konstruiert	сконструированный, надуманный
Nordlicht	северное (полярное) сияние
bestreuen	посыпать, осыпать
Volkswirtschaft	народное хозяйство, экономика
Scheffel	шеффель
halbtags	в течение половины дня, половину дня
anfressen	обгрызать, объедать
Kirchenchor	церковный хор
Schlechtigkeit	низость, подлость; зло
Wellensittich	Волнистый попугайчик
Friedensverhandlung	мирные переговоры
erquicken	освежать, подкреплять
rechteckig	прямоугольный
Tabakladen	табачный магазин, табачная лавка
Radau	шум, галдёж; скандал, дебош
Ermäßigung	скидка
Beantwortung	ответ
bummeln	гулять, прогуливаться, бродить, бездельничать
Abbitte	извинение, искупление
Pferdekutsche	конная повозка
Anmeldeformular	регистрационный бланк
Kaffeebohne	кофейное зерно
Mutterland	метрополия
weiterlesen	продолжать читать
Bescheinigung	свидетельство, справка, квитанция, удостоверение, расписка
Motorradunfall	авария на мотоцикле
ortsansässig	местный, туземный
klassifizieren	классифицировать
Fahrenheit	Фаренгейт
Zugunglück	железнодорожная катастрофа
Ortszeit	местное время
Emanzipation	эмансипация, освобождение от зависимости
Rosengarten	сад роз, розарий
Optiker	оптик
Komödiant	комик, комедиант
Frauenname	женское имя
Luxushotel	люксовый отель
Lippenbekenntnis	лицемерное признание
Plackerei	разг. мучение, хлопоты, возня, капитель
Weinstock	виноградная лоза
adäquat	адекватно
erklärt	объяснённый, понятно
abholzen	вырубать лес, сводить лес, омолаживать
hochentwickelt	высокоразвитый
hartherzig	бессердечный, жестокосердный
Pädagoge	педагог
faulig	подгнивший, тухлый
Vogelgezwitscher	чириканье
obsiegen	побеждать (кого-л., что-л.); преодолевать (что-л.); брать верх (над кем-л., над чем-л.), торжествовать победу (над кем-л.); выходить победителем
allumfassend	всеобъемлющий
sündhaft	грешный
himmelblau	небесно-голубой
Espenlaub	осиновый лист
Wachtelei	перепелиное яйцо
Waffenschein	разрешение на оружие
Gesamtbild	общая картина
Stuten	кобылы
verdrahten	соединять проволокой (проводами)
Kühlraum	холодильная камера
Eisenwarenladen	хозяйственный магазин
Vorkoster	дегустатор
Blazer	блейзер
anbehalten	не снимать (одежду)
Filmteam	съёмочная группа
Einlieferung	доставка, госпитализация
Stecher	щуп
Racheakt	акт возмездия; поступок, совершённый из мести
westwärts	к западу, в западном направлении
Fahndungsliste	список разыскиваемых
Beiboot	спасательная шлюпка
Schönheitsschlaf	сон красоты
Steifer	стояк
Mörser	ступка, мортира
Befreier	освободитель, избавитель
Bewährungsauflage	юр. обязательство, связанное с условным наказанием
Würger	душитель, сорокопут
Kundschafter	разведчик, лазутчик
Schoßhund	карманная собака
Strippen	устраивать стриптиз
Gewichtsklasse	весовая категория
Vaterschaftstest	тест на отцовство
Gendarmerie	жандармерия
Affront	оскорбление, вызов
Aufenthaltsraum	общая комната; комната отдыха; зал (комната) ожидания; салон; кают-компания
Sattelschlepper	тягач, фура
Haupthaus	главный дом
Billardtisch	бильярдный стол
benedeien	поэт., религ. благословлять; прославлять
ausschwärmen	роиться, вылетать роем (о пчёлах)
Vorstandssitzung	заседание правления
Pflichtverteidiger	государственный защитник
Schweigegeld	юр. вознаграждение, уплачиваемое лицу за умолчание о каком-л. известном ему факте (происшествии)
Funkturm	техн. радиомачта
Glasur	глазурь
Dezernat	отдел, управление
US-Armee	армия США
Fotoshooting	фотосессия
Todeskampf	борьба со смертью, агония
Killerin	убийца
U-Haft	предварительное заключение
Röhrchen	трубочка
Eigenleben	собственная жизнь
Harakiri	харакири
Mordermittlung	расследование убийства
Friedensrichter	мировой судья (Швейцария); мировой посредник при участковом суде (ФРГ)
Kinderschänder	растлитель детей
Einsatzleiter	ж.-д. поездной диспетчер
Feuertreppe	пожарная лестница
Seniorpartner	старший партнёр
Piste	тропа, дорожка, склон, рулёжная дорожка
Vietcong	вьетконговец
Zeitschleife	временная петля
Handelskammer	торговая палата
Prachtkerl	молодец, славный парень
Anpfiff	спорт. сигнал свистком к началу состязания
Kommissariat	комиссариат
Schutzzauber	защитное заклинание
Goldesel	золотая жила, дойная корова
Barkeeperin	барменша
Sicherheitspersonal	охрана, служба безопасности
Beatmungsgerät	аппарат ИВЛ
Dickerchen	толстячок
Tramp	бродяга
Motoröl	машинное масло, моторное масло
Privatgelände	частная территория
Präsent	дар, подарок
zusammengehören	быть связанным друг с другом, относиться к одному и тому же (к одной теме); подходить друг к другу; принадлежать друг другу; составлять одно целое
Kriegsgefangene	военнопленная
Morgenmantel	халат
Östrogen	эстроген
Seitentür	боковая дверь
Ringrichter	рефери на ринге
Absinth	абсент, горькая полынь
Hohlkopf	пустая голова, глупец
zusammenpacken	взять (схватить) в охапку
Assistenzärztin	врач-ординатор
Fußmassage	массаж ног
Nachtschatten	ботан. паслён
aufatmen	вздохнуть
gottseidank	слава богу
Vergeltungsschlag	ответный удар, возмездие
Dauphin	дофин
Vizekönig	вице-король
Kontrollzentrum	центр управления
Fahrgemeinschaft	совместные поездки
Manschettenknopf	запонка
Alarmglocke	набатный колокол; сигнальный звонок (колокол)
Beschädigung	повреждение
Eingreiftruppe	оперативная группа
Krypta	усыпальница
Drogendeal	сделка с наркотиками
anschnauzen	разг. накричать, наорать, напуститься (на кого-л.)
gesichtslos	безликий
Kirschkuchen	вишнёвый пирог
huldigen	почитать, чтить (кого-либо, что-либо); преклоняться (перед кем-либо, чем-либо)
Bierdose	пивная банка
Kimber	Кимбер
Proband	испытуемый
Poncho	пончо
Hodensack	мошонка
abfrieren	отмерзать
kampfbereit	готовый к бою, боеготовый
Kitzel	щекотка
Spiritus	дыхание, дух, алкоголь
Konstrukteur	конструктор, дизайнер, проектировщик
destabilisieren	дестабилизировать
Blutsbruder	самый близкий друг, побратим
frönen	предаваться (пороку, страсти)
Goody	вкусняшка
kreditwürdig	кредитоспособный
synaptisch	синаптический
Arschbacke	ягодица
Zölibat	целибат
reanimieren	реанимировать
Hilfskraft	вспомогательная (подсобная) рабочая сила; неквалифицированная рабочая сила
vermarkten	продавать по заниженным ценам (что-л.)
stänkern	разг. скверно пахнуть, распространять зловоние; портить воздух
freilegen	освобождать, откапывать; очищать (напр., улицу); вызволять
zurückfinden	найти дорогу обратно; суметь (найти в себе силы) вернуться
Polyp	полип
aufopfern	(по)жертвовать (чем-л. для кого/чего-л.), отдавать (что-л. кому/чему-л.)
Narco	наркоделец
Drohbrief	письмо с угрозами
affengeil	обалденный
Kurierdienst	курьерская служба
Großkotz	хвастун, наглец
Lander	посадочный модуль
pfählen	огораживать кольями, обносить частоколом
rumalbern	дурачиться
Alraune	ботан. мандрагора
durchstreifen	протягивать, пропускать (что-л. через отверстие)
unterbewusst	подсознательный
Bisswunde	укушенная рана
Biowaffe	биологическое оружие
einlagern	закладывать на хранение; держать (хранить) на складе
zurückwerfen	отбрасывать, бросать назад (обратно)
aufblasbar	надувной
Anrufliste	список звонков
Karamell	карамель
aufrüsten	вооружаться, увеличивать вооружения (о государстве)
psychopathisch	психопатический
heißblütig	горячий, темпераментный
Satellitenbild	спутниковый снимок
fressend	пожирающий
Trill	трилл
Essiggurke	маринованый огурец
pflichtbewusst	добросовестный, исполнительный
Hetero	гетеро
unsittlich	безнравственный
pelzig	меховой; покрытый мехом
ausgeklügelt	хитроумный, изощрённый, заумный, мудрёный, сложный, замысловатый
durchführbar	осуществимый, выполнимый, исполнимый
Ehrgefühl	чувство собственного достоинства, самолюбие
einweichen	размачивать; замачивать, мочить ( бельё)
Nachfolgerin	последовательница
Briefbeschwerer	пресс-папье
Kollisionskurs	курс на столкновение
Sparbuch	сберкнижка
Trainingsanzug	тренировочный (спортивный) костюм
Würfelspiel	игра в кости
Beichtvater	духовник, исповедник; духовный отец
Wälzer	шутл. пухлый том, "кирпич"
Verehrerin	почитательница, поклонница, обожательница
Herzschrittmacher	мед. электростимулятор сердца
Fleischerei	мясная лавка
Wagenladung	ж.-д. повагонный груз; повагонная отправка (груза)
Prophetin	пророчица
Materialismus	материализм
Wust	беспорядок, нагромождение, груда
Hochstaplerin	аферистка, самозванка
Geldgier	жадность, алчность
ostwärts	на восток, (по направлению) к востоку
Nussschale	ореховая скорлупа
Rasierapparat	безопасная бритва
wohlan	что ж, итак
Vorfeld	предполье
vorprogrammieren	предварительно программировать
Liebesbeweis	доказательство любви
vertraglich	договорный
Facharbeiter	квалифицированный рабочий, специалист
Tintenfass	чернильница
Allerwertester	шутл. зад, задница (букв. драгоценнейший, дражайший)
Familienerbstück	семейная реликвия
Klerus	духовенство
Verarbeitung	обработка; переработка
muffig	затхлый
Professionalität	профессионализм
Clou	гвоздь сезона; гвоздь программы
befangen	пристрастный, смущённый
Lichtquelle	источник света
Staatseigentum	государственная собственность
fordernd	требовательный
etwaig	возможный
Nachahmer	подражатель
Erbkrankheit	наследственная болезнь
Kaffeetisch	кофейный стол, стол, накрытый для кофе
Einhaltung	соблюдение (условия, срока и т. п.)
Schulleitung	школьное руководство
Längengrad	долгота
Herzdame	дама червей
Verführer	соблазнитель, совратитель, обольститель
Fußgelenk	щиколотка
Maskenbildner	гримёр
Organspende	мед. донорство (при пересадке органов); предоставление органа для трансплантации
Gebieterin	повелительница, госпожа
Mutterliebe	материнская любовь
Patt	пат
Nussknacker	щелкунчик
Wirbelwind	вихрь
Hohepriesterin	верховная жрица
Bettnässer	страдающий ночным недержанием мочи
Karibu	карибу
Steinmauer	каменная стена
Schürfwunde	ссадина
Gründerin	основательница
Endlosschleife	бесконечный цикл
daherkommen	подходить, казаться
Belustigung	увеселение, развлечение
aufstocken	надстраивать (здание)
Öffentlichkeitsarbeit	работа с общественностью; массово-просветительная работа
Tetanus	столбняк
maßgeblich	значительный, существенный, ключевой
Irakkrieg	война в Ираке
fingieren	подделывать, фальсифицировать
posthum	посмертно
Babynahrung	детское питание
Zapfsäule	бензоколонка
Krisensitzung	кризисное совещание
Lampenschirm	абажур
Kampfflugzeug	штурмовик
Zweierreihe	колонна по два
wegstellen	переставлять, переставить; отставлять, отставить (в сторону)
überteuert	слишком дорогой, завышенный в цене
wiederverwenden	использовать повторно
Marotte	причуда, каприз, чудачество
Hinterlassenschaft	наследство; наследие
Kneipenschlägerei	драка в баре
Musikvideo	клип, музыкальное видео
aufreizend	возбуждающий, вызывающий
abschwächen	ослаблять (тж. фото), смягчать
Tierversuch	испытания на животных
Monogamie	моногамия
Gefängnisausbruch	побег из тюрьмы
Aggressor	агрессор
ausschenken	разливать (вино по рюмкам, стаканам)
abprallen	отскакивать, отлетать (от чего-л.), рикошетировать; отпрянуть
glücklos	несчастный
gleichmachen	равнять, уравнивать
kulinarisch	кулинарный
neuronal	нейронный
Seeigel	морско́й ёж, ёж-ры́ба
Inserat	объявление
runden	закруглять, округлять, придавать круглую форму
Betreff	тема (письма)
Krösus	богач, Крез
umherirren	слоняться, шататься; скитаться
unbändig	неукротимый, необузданный, буйный, бурный
benachteiligen	дискриминировать
sternhagelvoll	пьяный в стельку, мертвецки пьяный, пьяный в хлам, пьяный в дымину, вдрызг пьяный
weitreichend	обширный, обладающий большим радиусом действия
Liebeslied	любовная песня
unflexibel	негибкий, неэластичный
Tennisschläger	теннисная ракетка
Eierkuchen	омлет
hapern	не ладиться
seinerseits	со своей стороны
Stadtpark	городской парк
Naturforscher	естествоиспытатель, натуралист, природовед
Atomenergie	атомная энергия
Geizkragen	жадина, скряга
Wahlgang	тур выборов, тур голосования
Raumsonde	автоматическая межпланетная станция
mühevoll	трудный
Landstrich	местность, полоса
Haaresbreite	волосок (чуть-чуть)
Pfingsten	троица
Achtziger	восьмидесятые
verschmutzt	загрязнённый, грязный
architektonisch	архитектурный, архитектонический
gedeckt	накрытый, покрытый
hängenlassen	бросить, не помочь
Anmaßung	самомнение, самонадеянность, самоуверенность; надменность
Stradivari	страдивари
verzählen	обсчитаться, просчитаться
Kästen	ящики, коробки
Schallmauer	звуковой барьер
zusammenbeißen	die Zähne zusammenbeißen — стиснуть зубы (от боли); взять себя в руки, овладеть собой; терпеть, стиснув зубы
Krimskrams	разг. барахло, хлам
unbegabt	не име́ть … тала́нта
Verantwortungsgefühl	чувство ответственности
Ziegenbock	козёл
Vermehrung	увеличение, возрастание, размножение
Wasserbett	водяная кровать
Ranzen	ранец
verzollen	оплачивать (таможенной) пошлиной
Trug	обман, мошенничество, надувательство, иллюзия
Junker	молодой дворянин; барич, барчук
Laufmasche	спустившаяся петля
stromaufwärts	вверх по течению
Jawort	согласие, положительный ответ (б. ч. на предложение о браке)
Kerbholz	бирка
Gemäuer	каменная кладка
unähnlich	непохожий (на кого-либо); несходный (с кем-либо)
Lenker	рулевой; водитель, шофёр; вагоновожатый; пилот; возница, кучер
vorausschauend	дальновидный, предусмотрительный
Rücklage	сбережения
Fuhrwerk	повозка, воз
beanstanden	жаловаться, выставлять претензию
Pflichterfüllung	исполнение долга
Verschnaufpause	передышка
Sechsjährige	шестилетняя
Stadtgespräch	городские толки (слухи); сплетни
Abschiebung	высылка, выдворение
Zugzwang	цугцванг
Messdiener	министрант
Avantgarde	авангард
Wiederholungstäter	рецидивист
ramponieren	повредить
Facebook-Seite	страница в фейсбуке
Autowaschanlage	автомойка
Scheu	робость
Inbrunst	страсть
Kreisverkehr	круговое движение
Schlaraffenland	страна изобилия, рай
Pferdestärke	лошадиная сила
Geschäftsführung	руководство фирмой
Massenproduktion	массовое производство
Justizirrtum	судебная ошибка
Moralapostel	моралист
Sojabohne	ботан. соя (растение)
Frühlingsferien	весенние каникулы
Skorbut	цинга, скорбут
Glücksspieler	игрок в азартные игры
Glücksgefühl	ощущение счастья, чувство счастья
Analsex	анальный секс
Jänner	январь В Австрии и Швейцарии употребляется практически исключительно; в Южной Германии — наравне с Januar; в остальных частях ФРГ употребляется исключительно Januar, хотя Jänner и пользуется значительно большей известностью, нежели Feber.
Windrichtung	направление ветра
Drogenkonsum	употребление наркотиков
Streiter	боец
Herzrasen	сердцебиение, тахикардия
Henkersmahlzeit	прощальный обед
Gashahn	газовый кран
Semesterferien	студенческие каникулы
Tirade	словоизлияние, тирада
Pünktchen	точечка, крапинка
schlemmen	кутить, вести разгульную (расточительную) жизнь; пировать; чревоугодничать
Sonderling	чудак, странный человек
Anthropologe	антрополог
angelsächsisch	англосакский язык, древнеанглийский язык
Folgerung	вывод, следствие
ungebunden	свободный, вольный, ничем не связанный; несвязанный
unbefangen	непринуждённый, непосредственный, естественный, простой; чистосердечный
ausspähen	высматривать, искать глазами (кого-л., что-л.)
Flugbegleiter	бортпроводни́к, стю́ард, стюа́рд
Landesverrat	государственная измена
geübt	опытный, натренированный
Gasriese	газовый гигант
Schuhmacher	сапожник
Filmmusik	музыка к фильму
Beweglichkeit	подвижность
Klarstellung	выяснение, распутывание
anstehend	предстоящий
wohlüberlegt	хорошо обдуманный
Melodrama	мелодрама
Rettungsring	спасательный круг
torkeln	шататься, брести шатаясь
zurückliegen	оставаться (далеко) позади
abdrucken	отпечатать
Kinderlachen	детский смех
Warnschild	предупредительная надпись (на табличке)
emigrieren	эмигрировать
stählern	стальной (тж. перен.)
Wirrkopf	путаник, чудак
beschönigen	приукрашивать
anekeln	внушать отвращение (кому-л.), вызывать отвращение (у кого-л.)
Passbild	фото на паспорт
handlich	удобный (в обращении), сподручный
gesalzen	посоленный, солёный
downloaden	скачать
Schwindelanfall	приступ головокружения
vorbestimmen	решать заранее, предопределять, предрешать
rundum	со всех сторон, полностью
Arbeitsteilung	разделение труда
Leuchte	фонарь, лампа, умник
bewaldet	лесистый
Cembalo	клавесин
hinderlich	затруднительный, стеснительный, мешающий
erstaunlicherweise	удивительным образом; примечательно, что…
Auslese	отбор, выбор; разборка, сортировка
beheizt	отапливаемый
Pausenbrot	бутерброд на перекус
Periodensystem	периодическая система элементов, периодическая система химических элементов
Felswand	отвесная скала
Dorfplatz	площадь в центре деревни [села]
ungestüm	стремительный, порывистый; бурный; буйный, неистовый; пылкий; кипучий (об энергии); неугомонный, горячий
Häscher	устар. сыщик; охранник; преследователь
überdies	кроме того, более того, вдобавок, в придачу
zuschütten	засыпать (землёй и т. п.)
Eiszapfen	сосулька
Walfisch	кит
Besonnenheit	рассудительность, благоразумие; разумность; вдумчивость; осторожность, осмотрительность
Konditor	кондитер
vorwurfsvoll	укоризненный
Methanol	метанол
Schneise	просека, маршрут подхода
Lebkuchen	(медовый) пряник, коврижка
Tupf	пятнышко, мазок
ungeteilt	безраздельный
vergucken	обознаться
Generalversammlung	общее собрание
verkäuflich	продажный (тж. перен.)
Schneidezahn	резец
wahrnehmbar	воспринимаемый
Kerzenhalter	канделябр, подсвечник
Desinteresse	отсутствие интереса, незаинтересованность, равнодушие
Gärtnerin	садовница
Bergarbeiter	горнорабочий, горняк, шахтёр; рудокоп (уст.)
hierdurch	этим, через это
Sonntagnachmittag	воскресный день
Haschisch	гашиш
Alchemie	алхимия
Verhütungsmittel	предохранительное средство
Tausendfüßler	многоножка
Ameisenbär	муравьед
abgestorben	отмерший, омертвевший
niederschmettern	с силой бросать на землю (о землю)
Erdrutsch	оползень
Subvention	пособие, помощь, дотация
anstößig	предосудительный, возмутительный; безнравственный; неприличный, непристойный
herzzerreißend	душераздирающий
Undankbarkeit	неблагодарность
ausgemacht	договорённый, решённый
durchdringend	пронизывающий, проникающий
Musikgeschäft	музыкальный магазин
Gentherapie	генная терапия
Körperfunktion	функция организма
Beamtin	служащая
Schlüsselwort	ключевое слово
Blutflecken	пятна крови
Begutachtung	рассмотрение, обсуждение; экспертиза, освидетельствование (тж. мед.)
Schauspielschule	школа актёрского мастерства
lückenhaft	неполный, недостаточный
Spielfigur	шахм. фигура
Scheckheft	чековая книжка
hygienisch	гигиеничный, гигиенический
Tantieme	фин. тантьема
blechen	лудить
Mieder	корсаж; лиф, лифчик; корсет, грация, пояс
Werbebranche	рекламная отрасль
übergeordnet	вышестоящий
zerbomben	разбомбить
Jungbrunnen	источник молодости
Menopause	менопауза
Herzkammer	желудочек сердца
Versicherungssumme	страховая сумма
Irreführung	введение в заблуждение
deppert	тупой, дурацкий
Schrot	дробь
Designerin	дизайнер
Selbstmordattentäter	смертник, террорист-смертник
Teekessel	чайник
Falschspieler	шулер
Poststelle	почтовое отделение
Wok	вок
Magenverstimmung	засорение (расстройство) желудка
Tapferkeitsmedaille	медаль за отвагу
Kopf-an-Kopf-Rennen	гонка ноздря в ноздрю
Alphatier	альфа-самец
Nebensache	второстепенное дело; второстепенная вещь, мелочь
Schlachthof	бойня, скотобойня
Handy-Nummer	номер мобильного
Körperhaltung	осанка
Unfruchtbarkeit	безрезультатность, бесполезность, бесплодность
Hitzschlag	тепловой удар
Hauptgang	главный (про)ход
Kunsthochschule	художественный вуз
Areal	зона, район
Hetzjagd	травля; погоня; псовая охота
Pomp	пышность, помпа
Sühne	искупление
Gedächtnisschwund	мед. амнезия
vormals	прежде, ранее
Androide	андроид
peinigen	терзать
Tamburin	бубен
Erz	руда
Restaurierung	реставрация
deftig	тяжёлый, увесистый; грубый (о словах, шутках и т. п.)
Nonsens	нонсенс, бессмыслица, чепуха, абсурд, глупость
phantasieren	фантазировать, выдумывать; мечтать, увлекаться несбыточными мечтами
versunken	погружённый, затонувший
Glückskind	счастливчик, баловень судьбы
herabsteigen	спускаться, сходить вниз
Gefilde	местность, равнина
Punktrichter	спорт. судья, учитывающий очки; боковой судья (бокс)
Rinne	промоина, рытвина, жёлоб
zusammennähen	сшивать
verbeulen	(из)мять, погнуть (напр., металлическую посуду)
goldrichtig	совершенно верно
Bürgschaft	поручительство
einlenken	сворачивать, заворачивать (куда-л. при езде)
Schutzpatron	ангел-хранитель, святой-заступник
anwerfen	запускать, заводить (двигатель)
Bürge	поручитель, гарант
Giftspritze	инъекция яда
torpedieren	торпедировать
Laufschritt	беглый шаг
Steuerrad	штурвал
Kontrollturm	командно-диспетчерский пункт
Siebziger	семидесятые
verheizen	сжечь, истопить, бессмысленно загубить, бессмысленно принести в жертву
hochschicken	отправить наверх
Prolet	истор. пролетарий
Computerfreak	компьютерный фанат
Luftblase	пузырёк воздуха
Goi	гой
Chalet	шале
Fluktuation	колебание
zehnjährig	десятилетний
Lügengeschichte	лживый рассказ
Regierungsbehörde	правительственное ведомство
Zuckerwasser	сахарная вода
Rettungsweste	спасательный жилет
Mitschnitt	запись
Insektenspray	спрей от насекомых
bezahlbar	платный, подлежащий оплате
Wunderkerze	бенгальская свеча
designen	проектировать
unverfälscht	неподдельный (о чувстве); непритворный, искренний
ausbremsen	спорт. обгонять на вираже (за счёт позднего торможения при подходе к повороту)
verstümmelt	увечный
umspringen	внезапно меняться, поворачивать (о ветре)
routinemäßig	обычный, заурядный, повседневный
Pobacke	ягодица
verklickern	прояснять
Transistor	транзистор, полупроводниковый (кристаллический) триод
Tomahawk	томагавк
schirmen	защищать, заслонять
Einsparung	сокращение
Ostwind	восточный ветер
auserwählt	избранный
Katalane	каталонец
Deodorant	дезодорант, деодорант
herauslassen	выпускать
Terrororganisation	террористическая организация
zulangen	протягивать (руку), брать
Schlafraum	спальня
tyrannisch	тиранический, деспотический
brillieren	блестеть
durchstechen	проколоть, проткнуть, пронзить
trampen	автостоп
ungerechtfertigt	необоснованный, неоправданный; несправедливый
weiterdrehen	продолжать крутить
informell	неформально
verzerrt	искажённый, извращённый
spuren	прокладывать лыжню
Lakota	лакота
vorheizen	предварительно нагреть (накалить) (печь, духовой шкаф)
Schreibstil	стиль письма
Eselsohr	ухо осла
Eselsbrücke	ключ (к задачнику); подстрочник; шпаргалка
Geduldsfaden	нить терпения (преимущественно в выражении «der Geduldsfaden reißt» — «лопается нить терпения», «терпение лопается»)
Morgenrot	рассвет
Ausspruch	изречение
Bananenschale	банановая кожура
Kontoauszug	бухг. извлечение (выписка) из счёта
Thermosflasche	термос
Ceres	Церера
Kondensmilch	сгущённое молоко сгущёнка
Millionärin	миллионерша
klimatisieren	кондиционировать воздух
Parlamentswahl	парламентские выборы
Schriftart	гарниту́ра
Öffnungszeit	часы работы
Industrialisierung	индустриализация
vorherrschend	преобладающий
Rhabarber	ревень
Autoreifen	автошина
Lösungsmittel	растворитель
verwitwet	овдовевший
Olivenbaum	ботан. маслина
Abonnent	подписчик, абонент
akribisch	дотошно, с предельной внимательностью
Wirbeltier	позвоночные, черепные
wolkig	облачный
pfiffig	хитрый, ловкий, продувной
Sommernacht	летняя ночь
windstill	безветренный, штилевой
Spieglein	зеркальце
Hochbahn	надземная железная дорога (на эстакаде)
herführen	привести сюда
Kanonenrohr	ствол пушки
Armada	армада
Büste	бюст
Todeszelle	камера смертника
Fluchtwagen	автомобиль для бегства с места совершения преступления
Sonderbericht	специальный доклад (отчет)
Feuergefecht	огневой бой
Rattenloch	крысиная нора
nachweisbar	доказуемый, подтверждающийся; могущий быть обнаруженным
Geheimnistuerei	скрытничание, таинственность
Flitzer	стрикер
Spermium	сперматозоиды
Marktwert	рыночная стоимость
Dunkelkammer	фотокомната, тёмная комната (для проявления)
Güterzug	товарный поезд
Todesfalle	воен. мина-ловушка
Turnen	спортивная гимнастика, физкультура
Caterer	кейтеринг, поставщик еды
Spielzimmer	детская (игровая) комната
Mordverdacht	подозрение в совершении убийства
Herzleiden	заболевание сердца, болезнь сердца, кардиопатия
Kurie	курия (община в древнем Риме)
Vorstrafenregister	картотека судимостей
Abdeckung	кожух; футляр; крышка
Arrhythmie	мед. аритмия
Haushaltshilfe	домашняя работница, домработница
Doppelgängerin	двойник (женщина)
Riesensache	грандиозная вещь
Clubhaus	клубный дом
Pediküre	педикюр
Attentäterin	убийца, террористка
Aufmacher	броский заголовок, сенсационный заголовок
Tipi	типи, вигвам
Hasenpfote	заячья лапка
jappen	хватать ртом воздух
Krematorium	крематорий
Regentin	правительница, регентша
Retterin	спасительница
kringeln	свёртываться кольцом; извиваться
Comtesse	графиня
Kriegspfad	"тропа войны" (символ ведения войны у американских индейцев)
Gabelung	ветвление
Templer	истор. тамплиер, храмовник
Verbindungsmann	связной; связист
Weinprobe	дегустация вина, дегустирование вина, проба вина
Ragout	рагу
Standhaftigkeit	стойкость, непоколебимость; упорство
Vordereingang	главный вход
Oberkellner	старший официант; старший кельнер
Gefängnisdirektor	начальник тюрьмы
Sozialversicherung	социальное страхование
zusammenrücken	сдвигать
Hauptsturmführer	гауптштурмфюрер
Panzerwagen	бронированная машина; танк
Gedankenleser	чтец мыслей
Weichteile	мягкие ткани, пах
Machtwort	решающее слово
Todesliste	список на устранение
Geburtsrecht	прирождённое право
Kühlhaus	техн. холодильник (сооружение)
Geheimversteck	тайник
Informationsbeschaffung	сбор информации
Mutterschaft	материнство
Kühlsystem	система охлаждения
Fernsteuerung	дистанционное управление
Lieblingsstück	любимая вещь
Freibeuter	капер, пират, флибустьер
Bratensoße	подливка, соус к жаркому
Rettungsschiff	спасательное судно
Schnauzer	шнауцер, усач
Tupfer	тампон
Leibwache	личная охрана
Maat	боцман
Beschiss	разг. бран. наёбка, наебательство, показуха; кидалово
draufdrücken	нажать
Brautstrauß	свадебный букет
vorgeschrieben	нормативный, предписывающий, установленный инструкциями
Abschlag	обрубание, срубание (ветвей)
Telekinese	фант. телекинез
Bissspur	след укуса
Stromnetz	электрическая сеть
Mala	мала (чётки)
Schisser	трусишка
Knöllchen	диал. штрафная квитанция
Gemeinschaftsraum	общая комната
Extrablatt	экстренный выпуск газеты
Baht	бат (денежная единица Таиланда)
Randal	скандал, дебош
Croupier	крупье
Abstrich	вычет, удержание, урезка
Spähtrupp	разведотряд, дозор
abtippen	печатать, набирать
Signalton	сигнальный тон
Gangway	трап
auflaufen	вздуваться, нарастать; набухать, наливаться; опухать
Tomatensaft	томатный сок
Indizienbeweis	косвенное доказательство
Militärbasis	военная база
Pflegekind	приёмный ребёнок
Wundbrand	гангрена
zwanglos	непринуждённый (о поведении и т. п.)
Quetschung	мед. контузия
Dienstbote	слуга, прислуга
Mitzwa	мицва
Wrackteil	обломок
zapfen	выступ, шишка, затычка, колбочка
Digger	разг. (при обращении) чувак
Saum	кайма; обшивка; кромка (ткани); подпушка (платья)
Siebenjährige	семилетняя
Treuhänder	юр. лицо, которому поручено (доверено) управление чужим имуществом; доверенное лицо, посредник; управляющий секвестрованным предприятием; опекун; душеприказчик
Strafverfolgungsbehörde	правоохранительный орган
Eiswasser	вода со льдом; ледяная вода
Repräsentantenhaus	палата представителей (США)
Weihe	освящение, лунь
Sicherheitskontrolle	досмотр, контроль безопасности
Leprakranke	прокажённый
nachschicken	посылать вслед (кому-л., за кем-л.)
bindend	обязывающий
anspucken	плевать (на кого-л., на что-л.); плюнуть в лицо (кому-л.)
pubertär	подростковый, пубертатный
Geheiminformation	секретная информация
manipuliert	подтасованный, подстроенный
Loblied	дифирамб, хвалебная песнь (auf A кому-л.)
Polizeiakte	полицейское досье
warmhalten	сохранять (чьё-л.) расположение
Silberstück	серебряник, серебряная монета
fortbringen	уносить, увозить, отправлять, уводить
Orgelmusik	органная музыка
durchficken	вульг. трахнуть, вдуть, засадить (о сексе)
losschlagen	разг. бить, колотить (кого-л.), наносить удары (кому-л.); пуститься в драку (с кем-л.)
frigide	фригидная
Soiree	(званый) вечер
Bazooka	базука
Düse	техн. сопло, дюза; жиклёр; форсунка; насадок; распылитель; мундштук, диффузор
zurückschießen	стрелять в ответ, отстреливаться
Freizeichen	знак фирмы (не подлежащий регистрации в качестве товарного знака)
Versuchsperson	подопытный
unterjubeln	подсунуть что то незаметно
anschleichen	подкрадываться
Magus	маг, волхв
wegstoßen	оттолкнуть (тж. перен.)
Verbrecherfoto	снимок преступника
unheilig	безбожный, неверующий, неблагочестивый
Plünderung	мародёрство
Piazza	площадь, пьяцца
Briefkastenfirma	«фирма-почтовый ящик» (фирма, зарегистрированная в стране или на территории, предоставляющей широкие налоговые льготы, но имеющая там только почтовый адрес, на который может направляться корреспонденция)
plattmachen	разгромить, снести
Rohrleitung	трубопровод
Sonneneruption	солнечная вспышка, хромосферная вспышка
verifizieren	проверять
Pfefferkuchen	пряник
Limette	лайм
begründet	обоснованный
wegreiten	уезжать (верхом)
Latrine	отхожее место, уборная; выгребная яма
unregistriert	незарегистрированный
zusammenzählen	подсчитывать, подсчитать, складывать, сложить
bakteriell	бактериальный, бактерийный
Streicher	промазочный каландр
Stadträtin	член городского совета
abzweigen	откладывать, отложить, ответвляться
aufschauen	(по)смотреть вверх, взглянуть (вверх), поднять глаза (взгляд, взор)
Sole	рассол
hinhören	слушать, вслушиваться
Schafskopf	болван, дурак
Smut	кок (на судне)
einkleiden	одевать; облачать; обмундировывать
Butt	камбала
Pogo	пого
verewigen	обессме́ртить
Muskat	мускатный орех
verklemmt	скованный, закомплексованный, зажатый
Ratsherr	член городского совета (собрания), член муниципалитета
anheizen	затапливать, растапливать, разжигать, разогревать
autorisiert	уполномоченный
pieken	укалывать
Konzertsaal	концертный зал
Meerblick	вид на море
Fensterbank	подоконник
herausreden	оправдываться, отговариваться (чем-л.)
jiddisch	идиш
ersetzbar	заменимый
Zweisamkeit	жизнь вдвоём
Zweitschlüssel	запасной ключ
parteiisch	пристрастный
Zusammenschluss	соединение
zerbröseln	раздроблять, растирать, толочь, раскрошить, размять (хлеб)
Mäusespeck	зефир, маршмеллоу
Eigenliebe	эгоизм, себялюбие, самолюбие
Pflaumenbaum	ботан. слива, сливовое дерево ; слива домашняя
Urmensch	первобытный человек
Zimt	корица
Hauptaufgabe	главная задача
Helligkeit	яркость, ясность; свет; светлота; освещённость
rasseln	лязгать, звенеть, звонить
Platzangst	боязнь пространства, агорафобия
Selbstsucht	себялюбие
Tischmanieren	манеры за столом
Tatendrang	жажда деятельности, энергия, рвение к работе
buschig	заросший кустами, кустистый
ausgeglichen	уравновешенный
verschleißen	изнашиваться, стачиваться, срабатываться (тж. тех.)
freigiebig	щедрый
beimessen	приписывать, придавать
Schneebesen	венчик, взбивалка
Hustenbonbon	леденец от кашля
Raunen	шёпот
Morgentau	утренняя роса
Zündschlüssel	ключ зажигания
Berichterstatter	докладчик; референт; судья-докладчик (судья-референт) судебного состава
borniert	ограниченный, тупой
Traumberuf	работа мечты
Heimmannschaft	команда хозяев
Trecker	трактор
Vogelkäfig	клетка для птиц
mutwillig	озорно, шаловливо
Einbrecherin	взломщица
Kolonisierung	колонизация
Wirrwarr	путаница, неразбериха, сумбур, суматоха, смятение, хаос
Bollwerk	воен. бастион
Vögelein	пташка
Oberlippe	верхняя губа
erküren	избирать
Zauberflöte	волшебная флейта
stimmig	созвучный, соответствующий
Tiefkühltruhe	шкаф-морозильник
einkriegen	догнать (кого-л.)
Essensrest	объедки
Städter	горожанин, городской житель
Wetterlage	метеорологическая обстановка, метеорологические условия
unmodern	вышедший из моды; устаревший
Seestern	морская звезда
kränklich	болезненный, слабый, хилый, немощный
Wässerchen	водка
Hausbau	домостроение
Nachtschwärmer	ночной гуляка; полуночник
Dichtkunst	поэзия
hineingebären	родиться в (чём-то)
Standpauke	нагоняй
Eingeständnis	признание (чего-л., в чём-л.)
Wäscheleine	бельевая верёвка
Mutterschaftsurlaub	декретный отпуск
Erntezeit	время уборки урожая, страда
Naturschutzgebiet	заповедник
Weitsicht	хорошая видимость, видимость на далёкое расстояние
Reiher	цапля
Verschuldung	задолженность
unwissentlich	неумышленный
Herzensgüte	доброта, душевная доброта
düngen	удобрять
trügen	обманывать
Hamsterrad	беличье колесо
Dreifaltigkeit	Троица
Weihnachtsschmuck	рождественское украшение, рождественское убранство
Gehöft	хозяйство, усадьба
Talar	ряса
Katastrophengebiet	зона бедствия
Wohnanlage	жилое здание; жилое сооружение
Hafenviertel	портовый квартал
Streikender	забастовщик
Realisierung	реализация
Busfahrkarte	билет на автобус
Mammon	мамон, мамона
abertausende	тысячи, многие тысячи
Neumond	новолуние
Ohrenschützer	наушник (шапки)
Kreissäge	круглая (дисковая, циркульная) пила
Lottogewinn	выигрыш в лото
Abhilfe	устранение затруднений (недостатков); выход из затруднительного положения; помощь (в беде)
Höchststrafe	высшая мера наказания
Dickicht	чаща, заросли, гуща
Naturschutz	охрана природы
Falafel	фалафель
Spätsommer	конец лета, позднее лето
Anfängerfehler	ошибка, свойственная начинающему
unüberwindlich	неодолимый, непреодолимый
Weichspüler	нефиксирующий отмыватель (используемый вместо крахмала после стирки)
balancieren	балансировать
Schelle	звонок
Meisterleistung	выдающееся достижение
Gravitationskraft	гравитация
Kinderstimme	детский голос
Trickbetrüger	жулик, мошенник (пользующийся уловками)
auspressen	выдавливать, выжимать
gewieft	разг. хитрый, прожжённый
Finanzsystem	финансовая система
Straßenkampf	уличный бой
Pragmatiker	прагматик
bürokratisch	бюрократический
Piefke	диал., рег. (сев.-нем.), неодобр. глупый хвастун
Ferienwohnung	квартира, снимаемая на время отпуска (обыкн. с кухней)
Stoßzahn	бивень, клык
Staatspräsident	президент государства
schmettern	швырять
Grobheit	грубость
gebärden	sich ~ держаться, вести себя каким-л. образом; принимать (какой-л.) вид
Raubkopie	пиратская копия, контрафактный экземпляр
aufraffen	поднимать, подбирать; собирать
Lieblingsautor	любимый автор
angegeben	указанный, заявленный
stockfinster	разг. совершенно тёмный
Milchkuh	дойная корова
lauthals	во весь голос
Fensterrahmen	оконный переплёт; оконная рама
unzugänglich	неприступный
Heimatort	родной город; родное село
Ungenauigkeit	неточность, погрешность
Morgenzeitung	утренняя газета
gegebenenfalls	по необходимости
Zeitmangel	недостаток времени; недосуг
Schlummer	дремота
aufeinanderfolgend	последовательный, подряд
regierend	правящий (напр., о партии); господствующий; царствующий (о монархе)
steuerlich	налоговый; облагаемый налогом
Nobelpreisträger	лауреат Нобелевской премии, Нобелевский лауреат
Naschkatze	лакомка, сладкоежка
Puschen	рег. домашняя туфля; ночная туфля
Übereinkommen	соглашение, договор, конвенция; договорённость
gewandt	ловкий, умелый
Baumstumpf	пень
Menschsein	человечность, бытие человеком
heilsam	благотворный, полезный, целебный, лечебный
Buchstabierwettbewerb	конкурс по орфографии
Krokodilsträne	крокодиловы слёзы
Angelsachse	англосакс
scharen	объединять
köcheln	вариться на слабом огне
Wipfel	вершина, верхушка, макушка
Heidelbeere	черника
Champignon	шампиньон
Denkart	склад ума
hantieren	орудовать
Umkehrung	поворот, переворачивание (тж. мед.)
Kalligraphie	каллиграфия
Türschloss	дверной замок
Gepäckstück	место багажа, чемодан
Kopfbedeckung	головной убор
beikommen	подступать(ся), приближаться (к кому-л., к чему-л.)
erheitern	развеселить (кого-л.), поднять настроение (у кого-л.), развеять (чью-либо) печаль (грусть)
abendlich	вечерний
nummerieren	нумеровать, пронумеровать
Kassenbon	кассовый чек
Findelkind	найдёныш
Ausbau	техн. снятие; разборка, демонтаж
Unreife	незрелость
Strickjacke	вязаная кофта
zurückverlangen	требовать обратно (что-л.), требовать возвращения (чего-л.)
Jauchegrube	яма для навозной жижи
Missetäter	злодей, преступник
Arbeitsverhältnis	отношения, вытекающие из трудового договора; работа по найму ( по договору)
Wundermittel	чудо-средство
Haarband	лента для волос (в волосах)
Wehrdienst	военная служба
Tuba	туба
Knopfdruck	нажатие на кнопку
Neuwagen	новый автомобиль
Herumtreiber	бродяга
Förderer	меценат
Spagat	шпагат
Kirchgänger	прихожанин
Ulme	вяз
landeinwärts	внутрь (вглубь) страны
leerräumen	освободить, опустошить
Fußnagel	анат. ноготь (пальца на ноге)
übervorteilen	обделять, обсчитывать
Urologe	уролог
zittrig	дрожащий
Angelschnur	леса, леска, лёса
plätschern	журчать, плескать
Beduine	бедуин
Werdegang	ход развития; эволюция; становление, процесс становления
abbrühen	ошпаривать
totschweigen	замалчивать
Fauxpas	оплошность, ляп
Sonnenfleck	солнечное пятно, веснушка
ehrfürchtig	благоговейный
Geschwulst	опухоль
Glockengeläut	колокольный звон
Einkaufstüte	пакет из магазина
Hinterbliebene	близкая родственница умершего
Armenviertel	квартал бедноты
Kinderkriegen	рождение детей
Nachtlager	ночной привал, ночлег
versieren	разбираться, поднатореть
Normalverbraucher	обыватель, рядовой потребитель
Brutstätte	рассадник
Aufgabenbereich	круг задач (ведения), компетенция; поле деятельности
Rollladen	штора; шторный затвор
Zugehörigkeit	принадлежность
Doppelmoral	двойная (лицемерная) мораль
Schriftverkehr	переписка, корреспонденция
austüfteln	выдумывать, сочинять, измышлять, состряпать
Sozialleben	социальная жизнь
Herztransplantation	пересадка сердца
Tanzsaal	танцевальный зал
Präsidentenamt	пост президента
entwachsen	вырастать из чего-либо, вырастать из чего-либо, возникать из чего-либо
Traumfänger	ловец снов
halbvoll	наполовину пустой, наполненный до половины
Schreibkraft	машинистка, стенографистка
Klassenfahrt	поездка класса
Studentenverbindung	студенческая корпорация
unverhohlen	нескрываемый, явный, неприкрытый, откровенный
Bläschen	пузырёк; прыщ
Sichtfeld	зона видимости; поле зрения; обзор; панорама обзорности
Familienwappen	семейный [родовой] герб
Kunstunterricht	урок рисования
Frauenrecht	права женщин
Schauspielkunst	театральное искусство
Schockzustand	шоковое состояние
Farbfernseher	цветной телевизор
Morgenstern	утренняя звезда; Венера
Weltmann	светский человек
Klassenbester	лучший ученик класса
Stunk	разг. склока, ссора; кляузы; интриги
Treibholz	сплавной лес, сплавная древесина; плавник; плывущий лес
Firmenwagen	служебная машина
Bergführer	проводник в горах
Kartoffelpuffer	картофельная оладья, драник
Züchtigung	наказание; кара
Lidschatten	тени для век
Pokerspieler	игрок в покер
Klavierspiel	игра на пианино, фортепианная игра
Flaschenzug	полиспаст, таль
Strafverteidiger	юр. защитник по уголовным делам
Akteur	Актёр
Monolith	монолит
Antibabypille	противозачаточная таблетка
anschwärzen	чернить
einschneien	быть занесённым снегом
saumäßig	чертовски, жутко
spezialisiert	специализированный
grassieren	свирепствовать, распространяться (об эпидемии)
wahrsagen	предсказывать (будущее), гадать
goldbraun	золотисто-коричневый
Supermacht	сверхдержава
Radiowelle	физ. радиоволна
weiterreisen	продолжать путь
exkommunizieren	отлучать
Rasierschaum	пена для бритья
Bandscheibe	межпозвоночный диск
watscheln	идти, переваливаясь с боку на бок, ходить вразвалку, пошатываться
schwammig	губчатый; ноздреватый, пористый
saukomisch	уморительный
Stehplatz	стоячее место (в зрительном зале)
Projektleiter	руководитель проекта
Brotkrümel	хлебная крошка
Bidet	биде
Saurier	динозавр, ящер
Tagesreise	однодневная поездка; суточный полёт
hehr	поэт. величественный; священный; возвышенный
Fachzeitschrift	специальный журнал
Lieblingsthema	любимая тема
überarbeitet	переработанный, переутомлённый
Taufpate	Крестный отец
Schreckgespenst	ужасный призрак
heranschleichen	sich ~ подкрадываться (к кому-л., к чему-л.)
beispielhaft	примерный, образцовый
Gründungsmitglied	член-учредитель
mitreißend	захватывающий
Fliegerei	лётное дело; авиация
Rollbahn	воен. автострада, шоссе
Auslauf	выход, выпуск; вытекание, истечение (жидкости)
Militärgericht	военный суд
Leichenschmaus	поминальный обед, тризна
Aufklärer	истор. просветитель
Ausreißerin	беглянка
Promenadendeck	прогулочная палуба
Grundausbildung	базовая подготовка
Chiffre	шифр, код
Vertrauensbruch	злоупотребление доверием
Scheißladen	сраная лавка
Vorgängerin	предшественница
Lustmolch	похотливый тип
Verbrechensrate	уровень преступности
Voyeur	вуайерист
Antiquitätenhändler	антиквар, торговец антиквариатом
Strähnchen	прядка, мелирование
Zweier	(число, цифра, номер) два, двойка
Urteilsverkündung	оглашение приговора
Generalprobe	генеральная репетиция
Kontaktaufnahme	установление контакта (с кем-л.)
Schrittmacher	новатор; передовик; зачинатель (какого-либо движения)
Fitnessraum	тренажёрный зал
Innenministerium	министерство внутренних дел
Seepferdchen	морской конёк
Überträger	переносчик
Minotaurus	минотавр
Schuhputzer	чистильщик обуви
krankgeschrieben	на больничном
einzeichnen	нанести, отметить на карте
nachfühlen	сочувствовать (кому-л. в чём-л.); воспринимать (чьи-л.) чувства, как свои собственные; переживать (чьи-л. ощущения)
Verbrechensbekämpfung	борьба с преступностью
Lunte	фитиль
Abkühlung	охлаждение
Vertagung	отсрочка; перенесение (на другой срок)
juchhu	ура, ух-ты
Sedativum	успокоительное (седативное) средство
Hodenkrebs	рак яичка
Superhirn	гений, светлая голова
Brutkasten	инкубатор, кувез
Ansprechpartner	контактное лицо
Zyste	биол. циста
Landeanflug	заход на посадку
Märtyrerin	мученица
Polizeieskorte	полицейский эскорт
unerheblich	неважно
Liebesszene	любовная сцена
Heiratsurkunde	свидетельство о заключении брака
Wiederauferstehung	воскресение, воскрешение; восстание из мертвых
Stuck	штукатурный гипс, штукатурка
Schlawiner	негодник, плут, шельмец
Tiefflug	полёт на малой высоте
Feuerwasser	водка (букв. огненная вода)
trübsinnig	унылый, меланхоличный, мрачный, печальный
Mongo	даун, дебил
UV-Licht	ультрафиолет
Pauker	муз. литаврщик
Lebensspanne	продолжительность жизни
Schniedel	разг. пенис, член
darein	(туда) внутрь
vergittern	обносить решёткой; зарешечивать (напр., окно)
Wohnwagenpark	трейлерный парк
Regisseurin	режиссёр
Hotelrechnung	счёт за проживание в гостинице
Schnipsel	обрывок, клочок
Mundbewegung	движение рта
Anrichte	буфет, сервант
Freigang	увольнительная из тюрьмы
Nager	грызун
Eheversprechen	брачный обет, обещание вступить в брак
Justizsystem	система правосудия
Infantin	инфанта
Asservatenkammer	камера хранения улик
Sukkubus	суккуб
Kreditwürdigkeit	кредитоспособность
Zusatzartikel	поправка (к конституции)
Angelausflug	рыбалка, поездка на рыбалку
Funkverbindung	радиосвязь
Landbesitzer	землевладелец
Schnepfe	вальдшнеп
Entbindungsstation	родильное отделение
Sondermeldung	экстренное сообщение
Georgette	жоржет
Kronzeuge	главный свидетель
Pädiatrie	педиатрия
Frikassee	фрикасе
Polente	полиция, менты
Muggel	магл
Teufelswerk	дьявольщина
Weihnachtsgeld	денежное пособие к Рождеству
Detektivarbeit	сыскная работа
Drogenschmuggler	наркоторговец, контрабандист
Kader	ед. ч. кадр, мн. ч. кадры
Jugendknast	колония для несовершеннолетних
Formaldehyd	формальдегид
Auszahlung	платёж, выплата; выдача (денег и т. п.)
Schalldämpfer	глушитель
Befangenheit	стеснённость; смущение; замешательство; робость
Bulimie	булимия
Empfangskomitee	комитет по встрече
Viertelmeile	четверть мили
Udon	удон
Notlandung	вынужденная посадка
Gekritzel	каракули
Parteimitglied	партиец
Kindesmissbrauch	плохое [жестокое] обращение с детьми
fernsteuern	управлять дистанционно
Torrente	поток, торрент
Messwert	результат измерений
berechnend	расчётливый
Telex	техн. телекс
Arrestzelle	карцер, камера
Happyend	хеппи-энд
Gewinnspanne	маржа, прибыль
schnippisch	задорный; насмешливый; вызывающий
umhängen	перевешивать (что-л. на другое место); развешивать иначе (напр., картины)
umprogrammieren	перепрограммировать
Waffenfabrik	оружейный завод
Peiniger	мучитель, истязатель
Dao	дао
Momentchen	минутка
ausmustern	отбирать; отсортировывать (продукцию лучшего качества); освидетельствовать, определять годность (к военной службе)
quick	быстрый
abseilen	спускать на канате ( с горы)
Halbling	полурослик
Foxtrott	фокстрот
Veruntreuung	растрата
aufgedunsen	одутловатый, опухший
Herzattacke	разг. инфаркт миокарда, сердечный приступ
Dust	рег. (н.-нем.) пыль, пропылённый воздух, чад
Raffinerie	нефтеперегонный завод
tipptopp	тип-топ, отлично
einleuchtend	убедительный, очевидный
Betreuerin	воспитательница, куратор
Kämmerer	камергер, казначей
Vollzeitjob	работа на условиях полного рабочего дня
Beschneidung	обрезание, циркумцизия
Männertoilette	мужской туалет
Aerobic	аэробика
Heerführer	полководец
Tesserakt	тессеракт
Messerstecherei	поножовщина
Stahlwerk	сталеплавильный завод
Startrampe	пусковая установка
Polizistenmörder	убийца полицейского
Panzerdivision	танковая дивизия
Flughöhe	высота полёта
Spielhölle	игорный дом (притон)
Großangriff	воен. крупное наступление, массированное нападение
Vitalzeichen	показатели жизнедеятельности
Seebarsch	Обыкновенный лавра́к, лаврак, морско́й о́кунь
Spitzhacke	мотыга, кирка
Männersache	мужское дело
Beinarbeit	работа ног (плавание, футбол)
genauestens	досконально
gefordert	требуемый, востребованный
Pokerface	покерфейс
Lupus	волчанка
Legitimation	легитимация
Eierlikör	яичный ликер
Fallstudie	практический пример, кейс
zurückspulen	перематывать (назад)
Statusbericht	сводка, отчёт о состоянии
Milchgesicht	бледное лицо
anliegen	прилегать, граничить
Entwarnung	отбой
Blechschaden	помятое крыло, мелкая авария
unbesiegt	непобеждённый; несломленный
Auftragsmord	заказное убийство
Aliud	иное, другое
Auffälligkeit	необычность, особенное
einkreisen	окружать; блокировать; изолировать
Treibstofftank	топливный бак
Absprung	соскакивание; отскок; соскок, прыжок
Pfeilspitze	наконечник стрелы
Lieblingsszene	любимая сцена
Zeder	кедр
Toffee	ирис, тоффи
verpflegen	снабжать продовольствием
fummeln	разг. бегать взад и вперёд, суетиться
freikaufen	откупиться, выкупить
reinschneien	заглянуть, нагрянуть
Negligé	неглиже
Neuzugang	новое поступление; новый пациент (в больнице)
rasiert	бритый
Treibsand	зыбучий песок
ersteigern	покупать на аукционе (на торгах)
Armatur	арматура
erschleichen	выманивать; добиться выгоды обманом (хитростью, нечестным путём)
Landesmeister	спорт. чемпион страны
Minibar	мини-бар
unterbieten	сбивать (цену)
mucken	издавать слабый (еле внятный) звук, пикнуть
aufwiegen	уравновешивать
Abhörgerät	жучок, прослушка
maulen	капризничать
Scheidungsanwalt	адвокат по разводам
Daiquiri	дайкири
Matador	матадор
patentiert	запатентованный
Gedächtnislücke	провал в памяти
Knallkopf	болван, придурок
preisgekrönt	отмеченный наградой, получивший приз
Manschette	манжета
übermalen	попасть краской (выйти) за контуры рисунка; закрашивать (больше, чем нужно)
hammermäßig	офигенный
abbinden	отвязывать
einhacken	ударять киркой (топором) (по чему-л.)
aufscheuchen	вспугивать; спугивать
Großkanzler	великий канцлер
Heilbutt	палтус
Sandmännchen	песочный человечек
durchtrainiert	натренированный
sühnen	искупать, искупить (вину)
Vizekanzler	вице-канцлер
Kompresse	компресс
Berufsrisiko	профессиональный риск
rumpfuschen	халтурить, напортачить
Bijou	бижутерия
Ronin	ронин
toxikologisch	токсикологический
festkleben	приклеить
Dessous	женское нижнее бельё
Opal	опал
Bettpfanne	судно (подкладное)
Penizillin	пенициллин
eingeboren	туземный
knochig	костлявый
einheizen	топить
abgefuckt	отстойный, конченый
fetzen	ругаться
jobben	подрабатывать, работать
Terrorzelle	террористическая ячейка
Geheimakte	секретный документ
tak	тук
abknöpfen	отстёгивать
zusammentrommeln	созывать
nachspielen	играть по слуху (подражая кому-л.)
sedieren	мед. оказывать седативное [успокаивающее] действие
Gewebeprobe	образец ткани, биопсия
Assi	разг. ассистент (сокр. от Assistent)
Nierenstein	мед. почечный камень
deinesgleichen	такой, как ты; подобный тебе; равный тебе
Chinamann	китаец
ticktack	тик-так
neunmal	девять раз, девятикратно
erflehen	вымаливать, выпрашивать (что-л.), слёзно молить (о чём-л.)
Kampfschiff	боевой корабль
Wesir	визирь
durchströmen	течь, протекать, проходить (где-л.)
Kriegsveteran	ветеран войны
Oberfeldwebel	обер-фельдфебель
Abtrünnige	ренегат, отступник
Albus	Альбус
Leibeigener	крепостной, смерд, холоп
Hentai	хентай
herreiten	прискакать
Yam	ямс
Nacktbild	голое фото
Scheißbulle	сраный мент
leiern	играть на шарманке (мелодию)
ertrunken	утонувший
Hauptanliegen	главное желание (стремление), главная цель (народа, жизни, книги)
Koloss	колосс
funktionstüchtig	хорошо действующий; работоспособный
Wucherung	пышная растительность
Kaffeesahne	сливки для кофе
Frühgeburt	преждевременные [ранние] роды
Risotto	ризотто
missen	не хватать, лишиться
Schreibblockade	писательский ступор
Vorauszahlung	предварительная оплата, предоплата, авансовый платёж, предварительный платёж
einfallslos	лишённый фантазии, без идей
Schlussverkauf	распродажа в конце сезона
Kubus	куб
Aufschneider	хвастун, лгун, враль
Körperflüssigkeit	телесная жидкость, жидкость тела
Körperpflege	гигиена тела, личная гигиена
Tanzschuh	туфля для танцев
Äuglein	глазок
drauflos	напропалую, вперёд
Verschmelzung	плавление; выплавка
Psychotherapeut	психотерапевт
Zimmergenossin	соседка по комнате
Schwänzchen	хвостик
Firmenleitung	руководство фирмы
Zähnchen	зубчик
Messlatte	нивелирная рейка; мерная рейка
einstreichen	смазывать, покрывать (клеем, краской и т. п.)
Zwangslage	стеснённое положение
Ansteckung	заражение
Geschäftsessen	деловой ужин
Fitnesscenter	фитнес-центр
US-Geheimdienst	разведка США
Filzhut	фетровая шляпа
Fahnenmast	флагшток
Dickwanst	пузан, толстопузый
Exposé	экспозе, аннотация
Klosett	уборная, клозет
Zurechnungsfähigkeit	юр. вменяемость
Epileptiker	эпилептик
Physiotherapeutin	физиотерапевт
Stromkabel	эл.-техн. кабель, силовой кабель
Planetenoberfläche	поверхность планеты
Atomsprengkopf	атомная боевая головка, атомный заряд (ракеты, торпеды)
Kaufvertrag	торговое соглашение
schnupfen	нюханье, насморк
Atrium	атриум, вестибюль, предсердие
Verderbtheit	испорченность; развращённость, порочность
Schutzwall	защитный вал
Wahlbezirk	избирательный округ
Hufschmied	(ковочный) кузнец
schuldenfrei	без долгов; свободный от долгов
Töpferkurs	курсы гончарного дела
Waffengewalt	сила оружия
Kommilitonin	сокурсница
rumpeln	греметь, стучать, громыхать
Multitasking	многозадачность
herfinden	найти дорогу сюда
Teilchenbeschleuniger	ускоритель
Steuerrecht	налоговое право
Telefonzentrale	телефонная станция, коммутатор
Aufreißer	кирковщик, рыхлитель
Lockenwickler	бигуди
Bandbreite	ширина полосы частот, полоса частот
Gesundheitsministerium	министерство здравоохранения
Adoptivsohn	приёмный сын
Parapsychologie	парапсихология
Druckerschwärze	типографская краска
Rädchen	колёсико
Talmud	Талмуд
Überlastung	перегрузка
Habsucht	корыстолюбие, жадность, алчность
Kurzform	краткое изложение
Gentechnik	генетическая инженерия
Rassentrennung	расовая сегрегация; апартеид
Lehrstuhl	кафедра
Vermessenheit	риск, рискованность
Versicherungsbetrug	страховое мошенничество
Yachthafen	яхтенная гавань
Pfingstrose	пион
Wildfang	охота с помощью силков
Ausbeuter	эксплуататор; кровопийца, обирала (разг.)
Riesenüberraschung	огромный сюрприз
Innenleben	внутренний мир, устройство
Gasleck	утечка газа
Menschenhandel	торговля людьми
komischerweise	странным образом; как ни странно
thermisch	термический
subatomar	субатомный
Schädling	с.-х. вредитель
kitten	склеить, латать
Fußballteam	футбольная команда
Femme	женщина
neinen	говорить нет, отрицать
Fehlalarm	ложная тревога
sturmfrei	воен. неатакуемый
bekochen	дарить (пищу для кого-л.), обеспечивать (кого-л.) питанием
simuliert	смоделированный, имитированный
Autobiografie	автобиография
nuscheln	шепелявить; бормотать; гнусавить
Oberlicht	верхний свет; окно (фонарь) верхнего света
Heilungsprozess	процесс выздоровления
verrammeln	блокировать, заграждать
Unterdrücker	угнетатель, тиран
schonungslos	безжалостный
instruieren	инструктировать; информировать; наставлять
Schutzweste	бронежилет
erwählt	избранный
herabsehen	смотреть (сверху) вниз
tausendfach	тысячекратный
Mittwochabend	вечер среды
Freiheitsberaubung	(незаконное) лишение свободы
Unterrock	нижняя юбка
Gallenblase	жёлчный пузырь
Neubau	новостройка, новое строительство
dement	слабоумный
Tümpel	пруд
einläuten	звоном оповещать о начале (чего-л.)
Blaukraut	красная капуста
Millionstel	миллионный
hypnotisch	гипнотический
Schnulze	слезливая песенка, мелодрама
aufbessern	улучшать
Blende	бленда
Kollaborateur	коллаборационист
triefen	капать
Unglücksfall	несчастье, несчастный случай; катастрофа, авария
anliefern	доставить, подвезти
Stringtheorie	теория струн
krampfhaft	судорожный; напряжённый
Flugzeit	лётное время, время полёта; продолжительность полёта
Mannsbild	разг. мужчина
Gracht	городской судоходный канал
Metamorphose	метаморфоз(а), превращение, преобразование
Trara	шумиха, суета
flügge	оперившийся
Putzmittel	моющее средство
Atemübung	дыхательное упражнение
lahmarschig	груб. безвольный, вялый, расслабленный
Oberschwester	старшая медсестра
Titelmusik	заглавная музыка
Hasser	ненави́стник
abrücken	отодвигаться (от кого-л., от чего-л.); отходить, отмежёвываться
ferngesteuert	дистанционно управляемый
Freitagmorgen	утро пятницы
verpuffen	техн. вспыхнуть; быстро сгорать; выгорать (о взрывчатом веществе)
Rösti	рёшти
verschneiden	накладывать, купажировать, кастрировать
gefärbt	крашеный, окрашенный; цветной
Kakadu	какаду
abgehalftert	потрёпанный, вышедший в тираж
Albatros	альбатрос
blubbern	кипеть, бурлить, клокотать; пениться
transsexuell	трансгендерный, транссексуальный
Spielkasino	казино
Stichprobe	выборка
abpassen	выжидать, поджидать, подкарауливать; подгадывать (время)
nächstbeste	первый попавшийся, любой
leistungsstark	хорошо успевающий (об ученике)
Verschreibung	письменное обязательство
Comicheft	комикс
getarnt	замаскированный
Behindertenparkplatz	парковка для инвалидов
haken	крючок, галочка, загвоздка, крюк
Gegenstimme	голос (поданный) против (при голосовании)
eingängig	доступный, доходчивый
Fischerdorf	рыбацкая деревня
Fußballfeld	футбольное поле
Leitplanke	отбойник
Präsidentenwahl	президентские выборы
Schularbeit	урок (заданный на дом), домашнее задание
verwerten	использовать; реализовать; утилизировать
Roggenbrot	ржаной хлеб
Bevormundung	опека, забота, попечение
dreißigmal	тридцать раз
Kichererbse	нут, турецкий горох
Baseballteam	бейсбольная команда
Weiher	пруд
Textilfabrik	текстильная фабрика
angriffslustig	агрессивный, задиристый
wetzen	бежать, нестись
klitschnass	промокший насквозь, промокший до нитки
Bierbauch	пивной живот
Bestürzung	потрясение, шок, замешательство
Kleinod	сокровище, драгоценность
Vorjahr	прошлый (истекший, предыдущий) год
Bourgeoisie	буржуазия
Unrat	мусор, нечистоты
Milchflasche	бутылка молока
Rettungsversuch	попытка спасения
Empfangshalle	холл, вестибюль
Umsturz	переворот
Weiterbildung	повышение квалификации
Feldweg	грунтовая дорога
Wunschtraum	заветная мечта
räumlich	пространственный
Chanukka	Ханука
Gegenverkehr	встречный транспорт
Selbstbetrug	самообма́н
Streberin	зубрилка, отличница
Facharzt	врач-специалист
Mühsal	тягота
Anhäufung	накопление; скопление, нагромождение; аккумуляция
Bienenschwarm	рой пчёл
Fahrerlaubnis	водительские права, разрешение на вождение
Erwiderung	ответ; возражение
Idiotie	идиотия
Gemeine	подлое, низость
Nussbaum	ореховое дерево
pechschwarz	чёрный как смола
zuknöpfen	застёгивать (на пуговицы)
Gesichtsmaske	маска (фехтование)
Lastwagenfahrer	водитель грузовика
Telefonmast	телефонный столб
Lieblingsspeise	любимое блюдо
beheizen	отапливать, разжигать, обогревать, нагревать
Silbermünze	серебряная монета
zechen	бухать, пировать
Strandspaziergang	прогулка по пляжу
begehbar	проходимый (о дороге)
Sportverein	спортивный клуб
abweichend	отклоняющийся; отличный (от чего-л.)
Froschschenkel	лягушачья лапка
partiell	частичный
ranzig	прогорклый
derbe	грубый, резкий
Milchreis	рисовый пудинг
trotzig	упрямый; своенравный, упорный
Hort	группа продлённого дня
Nachrede	послесловие; эпилог
Westseite	западная сторона
Astrophysik	астрофизика
Gehstock	трость, клюка, палка
Bergkette	горный хребет, горная цепь
Lendenschurz	набедренная повязка
Rachsucht	мстительность
Fischlein	рыбка
gnaden	миловать, щадить
unnötigerweise	напрасно, без нужды
chartern	зафрахтовать
stockbesoffen	пьяный в стельку
Zapfenstreich	отбой, вечерняя зоря
Manteltasche	карман (у) пальто
strukturieren	структурировать
Sportschuh	кроссовка
Studentenheim	студенческое общежитие
Bergluft	горный воздух
Konsens	согласие
Schiffchen	кораблик
Tand	мишура; безделушки, пустяки
Mittelweg	средний путь
mulmig	не по себе, тревожно
Wohngegend	жилой район, городской квартал
Stabilisierung	стабилизация
Dübel	дюбель
Kopfende	изголовье (кровати)
Töchterlein	дочка
Abgeschiedenheit	уединённость, уединение; оторванность (от жизни)
Pferdewagen	гужевая повозка
Ballspiel	игра с мячом
Pharmaindustrie	фармацевтическая индустрия
Bratsche	альт
Bauchspeicheldrüse	поджелудочная железа
Halbgott	мифол. полубог
Entsorgung	удаление отходов (напр., атомных электростанций; в целях охраны окружающей среды)
sicherheitshalber	для верности, во избежание риска
Sortiment	ассортимент
unakzeptabel	неприемлемый
Richterskala	шкала Рихтера
Zither	муз. цитра
durchschaubar	прозрачный (перен.)
Attentatsversuch	покушение
Iglu	иглу
Sümmchen	разг. сумма
Zunder	трут
Haftanstalt	тюрьма, место заключения
Bienenkönigin	матка , пчелиная матка
ungeniert	нескромный
gehemmt	заторможенный, скованный
Minuspunkt	спорт. минусовое очко, потерянное очко, штрафное очко
Sonnenblumenöl	подсолнечное масло
Freibier	бесплатное пиво
Morgenluft	утренний воздух; (свежий) утренний ветерок
kontraproduktiv	неэффективный, контрапродуктивный, приводящий к обратному результату
Kamellen	старьё, старые истории
abmildern	смягчать; умерять, уменьшать
Wimpernschlag	мгновение
Freisetzung	освобождение
Sonnenuhr	солнечные часы
fristlos	бессрочный
Kehrtwende	перелом, переломный момент
Frühstadium	ранняя стадия
Schmelztiegel	горнило
unumkehrbar	необратимый, бесповоротный, невозвратный
Achselhöhle	подмышечная впадина, подмышка
Monokel	монокль
Bibliotheksausweis	читательский билет
Bahnübergang	железнодорожный переезд
untauglich	непригодный
Ausschreitung	беспорядки, необузданность
Lichtblick	просвет
Assimilation	ассимиляция
Chauvinismus	шовинизм
Nachtgebet	молитва на ночь (перед сном)
Regelwerk	свод правил, правила
Volkshochschule	народный (вечерний) университет (культуры); (вечерние) общеобразовательные курсы
Lebertran	рыбий жир
Körbchengröße	размер чашки бюстгальтера
Seekrankheit	морская болезнь
Dampfmaschine	паровая машина, паровой двигатель
Elfenbeinturm	башня из слоновой кости
Selbstkontrolle	самоконтроль
Tanzkurs	курсы танцев
Selene	Селена
Frühsport	утренние спортивные занятия (в пионерлагере), зарядка
Lausbub	рег. (ю.-нем.) мальчишка, озорник, пострел
Adressat	адресат, получатель
beruhend	основанный, основывающийся
Engpass	узкое место (дороги), проход
Türangel	петля (для навеса дверей и т. п.)
hineinwerfen	бросать (внутрь)
bandagieren	мед. бинтовать, накладывать бандаж
Hilfestellung	спорт. страховка
formlos	бесформенный
alsdann	затем, потом, тогда
unbeschrieben	неописанный (напр., о факте)
Klatschbase	сплетница
zukehren	поворачивать (что-л. к кому-л., к чему-л.)
beschrieben	описанный
Lärche	лиственница
ungeladen	незваный, незаряженный
Ansichtssache	вопрос взглядов
Plastikbecher	пластиковый стаканчик
Gesangsstunde	урок пения
herumschreien	разг. орать, ругаться, (постоянно) кричать
hergehen	происходить, идти
aalglatt	скользкий как угорь, изворотливый
schnäuzen	сморкаться
Gewächs	растение
erzogen	воспитанный
Gewohnheitstier	человек привычки
blähen	вздувать, надувать
wiedereröffnen	вновь открыть
hinausschieben	выдвигать, выталкивать, отодвигать, отсрочивать
Herzenswunsch	сердечное пожелание
Einfamilienhaus	особняк, одноквартирный дом, дом для одной семьи
zimmern	плотничать
Zwiespalt	раздвоенность, разлад
eckig	угловатый, с углами, имеющий углы
frappierend	поразительный
bedingen	обусловливать, требовать
Picknickkorb	корзина для пикника
provokant	провокационный
wohlgesonnen	благосклонный
Langsamkeit	медлительность
Oberseite	верхняя сторона
Bewässerung	орошение, ирригация, обводнение
Drehtür	вращающаяся дверь
Geisteskraft	сила разума
cremig	кремообразный
Wasserwaage	(строительный) уровень, ватерпас
zweiwöchig	двухнедельный (о сроке, возрасте)
Ansteckungsgefahr	опасность заражения (инфекции); контакт (с заразным больным)
Impotenz	импотенция
Deutlichkeit	ясность, отчётливость, чёткость; внятность; вразумительность
Sonnenbad	солнечная ванна
Rahm	сливки
Jungfernfahrt	первый рейс; первое плавание (нового судна)
Einzimmerwohnung	однокомнатная квартира
Zollbeamter	таможенник
Astronautin	космонавтка
verzagt	робкий, унывший
verarmen	беднеть
Meerestier	морское животное
Diesseits	по эту сторону
Vampirin	вампирша
Bäckerin	булочница
Gastfreundlichkeit	гостеприимство
Hausapotheke	домашняя аптечка
vorbestellen	заказать заранее
Allegorie	аллегория
Vollbesitz	полное обладание
herzerwärmend	трогательный
schmächtig	тощий, худой; хилый; хрупкий; тщедушный
Ackerbau	земледелие
übereinkommen	договариваться (о чём-л.), согласовывать (что-л.)
infolgedessen	вследствие этого
Sanftmut	кротость
Lückenbüßer	пренебр. (неполноценный) заместитель, "затычка"
säuberlich	чисто, опрятно
mutterseelenallein	одна-одинёшенька / одно-одинёшенько, один-одинёшенек, один-одинёхонек, одна-одинёхонька
Geisterhaus	дом с привидениями
Täterin	преступница
Sanierung	восстановление, ремонт, санация
Schulaufgabe	урок (заданный на дом), домашнее задание
Vergesslichkeit	забывчивость
aufpumpen	накачивать, надувать
Wertung	оценка; зачёт
Halsweh	боль в горле
After	анальное отверстие
Volksmusik	народная музыка
Hinterrad	заднее колесо
Alkoholmissbrauch	злоупотребление алкоголем
Schornsteinfeger	трубочист
ausdauernd	выносливый, упорный
Rohrstock	бамбуковая трость, палка для телесных наказаний
schnurzegal	совершенно всё равно
Leseratte	книжный червь
intrigant	интриган, коварный человек
Karies	кариес
apportieren	охотн. носить, подавать (поноску - о собаке)
Bewerbungsschreiben	заявление о приёме на работу
Stulle	рег. бутерброд
Missstand	плохое [неудовлетворительное] состояние (дел), недостаток
winterlich	зимний
danebengehen	промахиваться
Burka	паранджа, бурка
Faun	мифол. Фавн (бог плодородия)
gebrannt	хим. жжёный, сожжёный, обожжённый
fortschreitend	поступательный; прогрессивный
gemäht	скошенный
lebensnotwendig	незаменимый (напр. об аминокислотах)
Snowboard	сноуборд
innehaben	занимать
hochtragen	нести наверх
Wildheit	дикость, озорство, варварство, буйство
Beinchen	ножка
Besenkammer	чулан, кладовка
Kinnhaken	удар в челюсть
Bestattungsinstitut	похоронное бюро
Itaker	итальяшка
Erfolgsbilanz	победный итог (соревнования, состязания и т. п.)
groovy	клёвый
Theta	тета
Hypothalamus	гипоталамус
Mordmotiv	мотив убийства
Eheberater	семейный консультант
Chefredakteurin	шеф-редактор (о женщине)
Forscherin	исследовательница
Tatverdacht	юр. подозрение в совершении преступления
Luftwaffenstützpunkt	авиабаза
Durchschuss	сквозное ранение
siehste	вот видишь
Steuerknüppel	ручка управления
verscheißern	вульг. одурачивать, дурачить
Schwesternschaft	сестринство
privilegieren	давать привилегии (кому-либо), наделять привилегиями
Hausherrin	хозяйка дома
Munitionslager	воен. склад боеприпасов
Gravur	полигр. гравюра, гравированная пластина
Leichenteil	часть тела
Inzucht	биол. инцухт; инбридинг
Engelsgesicht	ангельское лицо
Vormundschaft	опека
Weihnachtsabend	сочельник
Lade	ларь, сундук; (выдвижной) ящик; полка
Palais	дворец
Sparring	спарринг
Hockeyspiel	хоккейный матч
Zugbrücke	раскрывающийся разводной мост, подъёмный мост
paletti	всё в порядке
überhitzen	перегревать, перегреваться
Cleaver	тесак
Zentrifuge	центрифуга
Warterei	ожидание, томление
Hauptattraktion	«гвоздь» (программы, сезона и т. п.)
Ehegelübde	брачный обет
Subraum	подпространство
Vorhaut	крайняя плоть
entmutigend	обескураживающий, удручающий
Chefetage	руководство компании
Bleiche	бледность, беление, отбелка
x-mal	много раз
Bieter	участник торгов
Morgenrock	халат
krankenhausreif	j-n krankenhausreif schlagen — избить до полусмерти кого-л.
Weinbrand	бренди
Tütchen	пакетик
Arie	ария
Kinderkrankenhaus	детская больница
hausieren	торговать вразнос (чем-либо); разносить по домам (товары)
Geheimcode	секретный код
Eliminierung	элиминирование, отщепление
Schlummertrunk	рюмка на ночь
Entlastung	облегчение, разгрузка
US-Botschaft	посольство США
Geplänkel	перестрелка
Epizentrum	эпицентр (землетрясения)
Aufbewahrung	хранение, сбережение
Solarium	солярий
Kloake	клоака
Lymphknoten	лимфатический узел
Haller	Халлер
Aktivposten	бухг. статья актива
Raum-Zeit-Kontinuum	пространственно-временной континуум
Lieblingsteil	любимая часть
Redakteurin	редактор (женщина)
Profiler	профайлер
Platzierung	размещение
Anmache	приставание
Schamanin	шаманка
Posse	фарс, (злая) шутка, проделка
Tankwagen	автоцистерна
Weichling	неженка; сибарит
Zufuhr	подвоз, завоз; доставка; снабжение; ввоз
Mittäterschaft	соучастие, пособничество
Hotelbar	бар отеля
Lieblingskuchen	любимый торт
Sehnerv	зрителный нерв
widerstandslos	без сопротивления, не оказывающий сопротивления (противодействия); пассивный
wiedervereint	воссоединённый
Rädelsführer	подстрекатель, зачинщик; главарь, вожак
Hafenmeister	начальник (торгового) порта
Franse	бахрома
Sturzflug	пикирование
Videoüberwachung	видеонаблюдение
Gegnerin	противница; оппонент
Konzil	(церковный) собор (б. ч. католической церкви)
Mutterzelle	материнская клетка
Zigarettenetui	портсигар
Telekommunikation	телекоммуникация
Entladung	разгрузка, выгрузка
Männerklo	мужской туалет
Obduktionsbericht	отчёт о результатах вскрытия
Totschläger	убийца
Ordnungshüter	ирон. блюститель (страж) порядка (о полицейском)
Wirtschaftsprüfer	ревизор отчётности; налоговый (финансовый) инспектор
Niemandsland	нейтральная полоса (зона); ничейная земля
Sardelle	анчоус, хамса́
Vorsteher	церк. предстоятель
Herzensbrecher	сердцеед, донжуан
Bestimmungsort	место назначения
Leihgabe	предмет, предоставляемый во временное пользование
Wachablösung	смена караула
Kochsalzlösung	физраствор, физиологический раствор, раство́р со́ли
Ersatzmann	замена, дублёр
Observierung	наблюдение, слежка
Eisbecher	вазочка для мороженого
Scheißteil	чёртова штука
Fußabtreter	коврик у двери
Sprengkraft	сила взрыва (разрыва); бризантность
Generalbundesanwalt	генеральный прокурор
Fehlzündung	осечка
Verlogenheit	лживость
Hochsicherheitsgefängnis	тюрьма строгого режима
Türöffner	открыватель двери
Strafregister	официальные списки лиц, имеющих судимость
Forschungsteam	исследовательская группа
Giftmüll	ядовитые отходы
Drahtseil	проволочный трос; проволочный канат
Ostflügel	восточное крыло
Liliputaner	лилипут
Unterweltler	деклассированный элемент, человек из преступного мира
wurmen	безл. будоражить, досаждать, не давать покоя
Chefingenieur	главный инженер
Rottweiler	ротвейлер (порода собак)
auspusten	выдыха́ть
bekanntmachen	ознакомить (кого-л. с чем-л.)
zuschalten	подключать (дополнительно)
Mem	мем
Zufluchtsstätte	убежище
Aufseherin	надзирательница
Rechtsberater	юрисконсульт, юрист-эксперт, юридический советник
Säuberungsaktion	воен. акция прочёсывания
Bestattungsunternehmen	похоронное бюро
Drogenfahnder	агент по наркотикам
Fanpost	письма от фанатов
Hausgast	завсегдатай
Totenstarre	трупное окоченение
toasten	произносить (провозглашать) тост
Kommissarin	комиссарша
Uniformierte	человек в форме
Revers	отворот, лацкан, реверс
Geheimrat	тайный совет (орган)
Autorisierung	авторизация
Startkapital	начальный капитал, стартовый капитал
reinhängen	sich ~ ввязываться (во что-л)
Schrapnell	шрапнель
fehlleiten	руководить неправильно (кем-л.); вести по неверному пути (кого-л.)
Bombardement	бомбардировка
Opferzahl	число жертв
Bulldogge	бульдог
Crêpe	блинчик, креп
Sparte	отдел, часть
aussitzen	прочно сидеть в седле (на галопе, рыси)
Laborergebnis	результат анализа
Piñata	пиньята
mitrechnen	считать (подсчитывать) вместе
Glitzer	блёстки
Kline	Клайн
Hugenotte	истор. гугенот
Speicherkarte	карта памяти
dissoziativ	диссоциативный
Fallschirmspringen	парашютирование
Donnergrollen	раскаты грома
Einzelzelle	одиночная камера
Silvesterabend	новогодний вечер
Wisch	тряпка; пучок соломы (сена) (для вытирания чего-л.)
Wiedergänger	восставший из гроба мертвец, привидение
Sicherheitsfreigabe	допуск к секретности
Kneifzange	плоскогубцы, пассатижи, щипцы, клещи
inhuman	бесчеловечный
Sperrfeuer	заградительный огонь
Körperöffnung	отверстие тела
Herzensbrecherin	сердцеедка
Untersuchungsausschuss	следственный комитет, комитет по расследованию (чего-л)
heimschicken	посылать (обратно) домой
Saukerl	сволочь, свинья
Kursänderung	изменение курса
Juwelendieb	похититель драгоценностей
Brandwunde	ожог
Luger	люгер
Großfürstin	великая княгиня
Killerinstinkt	инстинкт убийцы
spannungsgeladen	напряжённый
abklemmen	отсоединять
Onkologe	онколог
Sauftour	попойка
ausklinken	отцеплять, освобождать (от защёлки)
Spionageabwehr	контрразведка
Rückblende	ретроспектива
Gemeindemitglied	прихожанин
reinbitten	пригласить войти
Cannolo	канноли
Bauernjunge	деревенский парень
Eigenkapital	собственный капитал
dazuverdienen	халтурить, подрабатывать
Aktivierung	активация
Gelüste	желания, прихоти
Schiffsladung	судовой груз
zurückerlangen	вернуть, обрести вновь
verdreckt	грязный, замызганный
einbalsamieren	бальзамировать
Aszendent	предок, родственник по восходящей линии
einspeisen	вводить, поставлять
Schleppe	шлейф (платья)
Versuchsobjekt	подопытный
Feuersturm	огневой шторм
Satanist	сатанист
bestrahlen	освещать (лучами), озарять
Goldzahn	золотой зуб
Seezunge	морской язы́к
jugendfrei	разрешённый для показа в детской аудитории (о фильме)
Todesdrohung	угроза смерти
Looping	мёртвая петля
Deuce	двойка
Klumpfuß	косолапая стопа
verschachern	разг. распродавать, разбазаривать; перепродавать; (жульнически) сбывать
Schleudertrauma	мед. хлыстовая травма (шейного отдела позвоночника)
Gestüt	конный завод
Filmproduzent	кинопродюсер
schmalzig	жирный, пережиренный, смазанный (пропитанный) жиром (смальцем)
Augenhöhle	глазни́ца, орби́та
dechiffrieren	дешифровывать, расшифровывать
Schweinekotelett	свиная отбивная
Drogenkurier	наркокурьер
Hilfsorganisation	вспомогательная служба
karieren	клетчатый
Mink	норка
Komparse	статист
Hundemarke	собачий жетон
Radon	радон
Spieluhr	куранты (часы)
Geheimoperation	тайная операция
Dermatologe	дерматолог
Misswahl	конкурс красоты
wegdrehen	отворачивать; отвинчивать
Beschleuniger	ускоритель
Verleugnung	отрицание
sechseinhalb	шесть с половиной
herschaffen	доставать (что-л.); доставлять (что-л.); приводить (кого-л.)
unverbindlich	негарантированно
Hosenanzug	(женский) брючный костюм
zweiteilen	разделить надвое
Schutzanzug	защитная одежда, спецодежда
baggern	рыть, копать, пасовать, передавать
pfänden	описывать имущество
Stabilisator	стабилизатор
unbemannt	беспило́тный
brabbeln	невнятно говорить, бормотать
dahergelaufen	невесть откуда взявшийся
drahtlos	беспроволочный
Hakenkreuz	свастика
herumstochern	разг. ковырять (в зубах)
Publizist	публицист
freiberuflich	на договорных началах, на гонорарной основе
hinknien	опускаться на колени
Tiefschlag	удар ниже пояса (бокс)
kellnern	разг. работать официантом
hinausbegleiten	проводить, вывести
herumexperimentieren	экспериментировать
kryptisch	загадочный, таинственный, сокровенный
zumindestens	как минимум
ambulant	подвижной, передвижной; нестационарный; ходячий, бродячий
unbeugsam	несгибаемый
aufreibend	изматывающий
rückgratlos	мягкотелый, бесхарактерный, безвольный
zusammenbrauen	смешивать; перемешивать; варить помешивая
dichthalten	молчать, держать язык за зубами
lotsen	морск.проводить
Durchgeknallte	чокнутая
designiert	предназначенный, предусмотренный; выдвигаемый (на должность, пост)
Cha-Cha-Cha	ча-ча-ча
durchbekommen	просунуть; вытащить
Steinmetz	каменотёс
einbeinig	одноногий
Eulenspiegel	Уленшпигель, шутник
Mull	крот
Bulli	фургон, микроавтобус
Tilde	тильда
notgeil	сильно озабоченный из-за отсутствия секса
Nachtsichtgerät	прибор ночного видения
Raketenstart	старт ракеты
Motorengeräusch	шум двигателя
Rah	рея, рей
Blödian	болван
angsterfüllt	преисполненный страха
Chose	дело, штука
Mulde	Мульде
Fantasiewelt	мир фантазий
nachbilden	подражать (чему-л.); делать копию (слепок) (с чего-л.); копировать; подделывать; делать по образцу (чего-л.); моделировать
unappetitlich	неаппетитный
Lokus	сортир
konkurrenzfähig	конкурентоспособный
Mahagoni	махагони, махагон
superschlau	сверхумный
vorschriftsmäßig	предписанный
Hausierer	разносчик, торговец вразнос, кто-либо торгующий чем-либо, разнося товары по домам; лоточник, коробейник, уличный торговец
Kriegszustand	военное положение; состояние войны
Gischt	барашки, морская пена
Lammkeule	баранья нога
nutzbar	полезный, пригодный
Süßwarenladen	кондитерская, магазин сладостей
Treter	башмак, топтун
Strafkolonie	исправительная колония; поселение осуждённых (ссыльных)
Jux	разг. шутка, шалость, проделка, весёлая выходка
kreuzweise	крест-накрест
Zigarettenschachtel	папиросная коробка
hämisch	злорадный, язвительный
Wickel	компресс
Ableger	ботан. черенок
Verbrecherorganisation	преступная организация
Wucherer	ростовщик
Möbelpacker	грузчик
Brummer	навозная муха; большая жужжащая муха, жужжащий жук
Walkman	плеер
Schaukelpferd	деревянный конь
Baujahr	год постройки (сооружения) (какого-л. здания)
Rivalin	соперница
Unwohlsein	недомогание
Tierhandlung	зоомагазин
Spitzensportler	спортсмен высокого класса
Überholspur	полоса обгона
Haifischbecken	акулий садок
Espressomaschine	кофемашина
schnurz	всё равно
Promille	одна тысячная часть
Vertreterin	представительница
Freudenmädchen	проститутка, публичная женщина
ringsherum	вокруг, кругом
Hauptsorge	главная забота
Feldbett	раскладушка
einträglich	доходный, прибыльный
Wehwehchen	болячка, недомогание
Hofstaat	двор
Grundidee	основная идея (мысль), руководящая идея (мысль)
makaber	книжн. макабрический; жуткий, мрачный, зловещий; связанный со смертью
anspielen	начинать игру; ходить первым; делать первый ход
Pflichtbewusstsein	чувство долга, сознание долга
Flachmann	фляжка
Leberfleck	родинка
Halskrause	жабо, брыжи
Bauvorhaben	строительный проект
Kühlwasser	техн. охлаждающая вода
Thrombose	тромбоз
idiotensicher	защищённый от дурака
erledigt	сделанный, измотанный
Himmelfahrtskommando	воен. штрафной батальон, смертники, штрафники
Erstattung	возвращение; возмещение (расходов и т. п.)
Polizeidienst	полицейская служба
aufwarten	прислуживать (кому-л.); служить (о собаке)
Treppensteigen	подъём по лестнице
Hinterseite	задняя (оборотная) сторона
betrachtet	рассматриваемый, рассмотренный
Schälchen	мисочка
Joule	джоуль
Vehikel	тачка
rattern	грохотать, стучать
Kernschmelze	расплыв активной зоны (атомного реактора)
unromantisch	неромантичный, неромантический; прозаический
Bandenmitglied	член банды
Flugschein	авиабилет
Suppenküche	благотворительная столовая (для раздачи пищи нуждающимся)
Wurzelbehandlung	лечение корней (зубов)
Trinkerin	пьяница
Heldentod	геройская смерть
Gärtnerei	садоводство
Schnellrestaurant	закусочная, кафетерий, забегаловка
Arbeitsplan	план (распорядок) работы, рабочий план (распорядок)
Mulattin	мулатка
ausharren	терпеливо выжидать; выстоять, устоять, выдержать
Sprechzimmer	приёмная
Gnome	гномы
Zeitachse	временная ось
Stinkefinger	средний палец, фак
Gartenparty	вечеринка в саду
Unsumme	огромная сумма; бешеные деньги (разг.)
Geräteschuppen	сарай для инструментов
Standuhr	напольные часы
Fäulnis	гниение, гниль
Hämoglobin	гемоглобин
Speisezimmer	столовая
Sachbeschädigung	повреждение (уничтожение) чужого имущества
Wahlbetrug	фальсификация результатов выборов
Haudegen	рубака, вояка
Tanzlehrer	учитель танцев
Entwicklungshilfe	(экономическая) помощь развивающимся странам
Fettwanst	жирдяй
Rinderbraten	жарко́е из говя́дины
Schenkung	дарение; дар
Kabarett	кабаре
Plastikfolie	полиэтиленовая плёнка
Wildente	дикая утка
Großtante	двоюродная бабушка
Scheißkarre	чёртова тачка
Down-Syndrom	синдром Дауна
Rehkitz	оленёнок
Trenchcoat	тренчкот
Wimperntusche	тушь для ресниц
Höflichkeitsbesuch	визит вежливости
Polka	полька
Rückhalt	поддержка, помощь; опора
Lieblingswein	любимое вино
Gan	Ган
Mechanikerin	механик
kuschen	ложиться (о собаке)
bombig	разг. удивительный, исключительный, изумительный, превосходный
Zyklon	циклон
erzeugt	созданный, порождённый
Sprechanlage	домофон
zurückreichen	отдавать обратно (из рук в руки)
Weltmacht	великая держава
vergammelt	протухший, испорченный
Schreihals	разг. крикун
trimmen	подрезать
Mofa	мотовелосипед, мопед
Erntedank	Обжинки
knietief	по колено
Undine	ундина
Schauder	дрожь, содрогание; озноб
denkste	как же, ага
Ayatollah	аятолла
Rumba	румба (танец)
sorgenfrei	беззаботный
Periskop	перископ
Gallenstein	желчный камень
Störfaktor	мешающий фактор (помеха)
prekär	сомнительный, затруднительный, трудный, щекотливый
eintippen	набирать на клавиатуре
Rundung	округлость; изгиб; выпуклость
strippen	устраивать стриптиз
Kriegsminister	военный министр
sporadisch	спорадический, нерегулярный
Seekuh	сирена
Geldwäscherei	отмывание денег
seinetwillen	ради него
wiederaufnehmen	возобновлять (прерванную деятельность)
abzapfen	выцеживать; отцеживать, сцеживать
Männlein	самец
Barhocker	барный стул
Spitfire	спитфайр
vermurksen	разг. испортить, сделать (что-л.) из рук вон плохо
Innenraum	внутреннее помещение
Gasflasche	газовый баллон, баллон для сжатого газа
elitär	элитарный, (предназначенный) для избранных (для элиты)
behängen	обвешивать (чем-л)
flimmern	сверкать, мерцать, мигать (о свете); рябить, пестрить; мелькать (об изображении)
Hüttenkäse	творог
Geldanlage	помещение (вложение) денежных средств, инвестиции
versündigen	согрешить, провиниться (перед кем-л.); погрешить (против чего-л.)
selbsternannt	самозваный
vorlieb	довольствоваться
Katzenstreu	наполнитель для кошачьего туалета
Zehnjährige	десятилетняя
einrennen	пробивать, разбивать (с разбегу)
Saphir	сапфир
aushöhlen	выдалбливать, делать полым; выедать (напр., мякоть плода)
feinsinnig	с тонким вкусом (чутьём)
Stichelei	кропотливая работа иглой
Leichenstarre	трупное окоченение
tunlichst	по возможности
verformen	деформировать, деформироваться
Verheißung	обещание
Beefsteak	бифштекс
Riesenschritt	mit Riesenschritten — гигантскими (семимильными) шагами
anaphylaktisch	анафилактический
Souvenirladen	сувенирный магазин
kostenpflichtig	обязанный нести расходы ( возмещать издержки )
bekanntermaßen	как известно
anfliegen	прилетать, подлетать
Plauderei	болтовня, лёгкая беседа
freischalten	разблокировать
Äon	эон
Schwachsinnige	слабоумная
vierjährig	четырёхлетний
bevollmächtigen	уполномочивать (на что-л.)
stufen	членить; располагать, классифицировать
kess	шикарный
Gesamtzahl	общее число, общая численность
liften	удалять морщины путём пластической операции ( на лице)
Soziologe	социолог
Familiendrama	семейная драма
Ölfirma	нефтяная компания
Webstuhl	ткацкий станок
Speiche	спица
herumspringen	бегать, прыгать, скакать (вокруг чего-л.)
Verunreinigung	загрязне́ние
fortjagen	ускакать (верхом)
abbuchen	дебетовать
auftürmen	нагромождать
nuckeln	разг. сосать (соску)
Prügelknabe	мальчик для битья
zerlumpt	оборванный, рваный
verrucht	гнусный; проклятый; нечестивый
Buchenwald	ботан. буковый лес
Kornkreis	круг на поле
Taubstummer	глухонемой
Ebenholz	эбеновое дерево
hyperventilieren	гипервентилировать
heimatlos	безродный; бесподданный
herabfallen	падать, опадать, спадать, упасть
Boulevardblatt	бульварная газета
Marderhund	енотовидная собака
Getier	животные
Fischrestaurant	рыбный ресторан
Mühlstein	жёрнов
Minibus	микроавтобус
Zehe	палец, палец на ноге, долька чеснока
Böschung	откос, склон
Aristokratie	аристократия
Klobrille	сиденье унитаза
Erstkommunion	первое причастие
anrempeln	толкать, задевать; задирать
Paradebeispiel	наглядный пример
narrensicher	дуракоустойчивый, защищённый от некорректного обращения
Aerodynamik	аэродинамика
Puter	индюк
buckeln	выгибать спину (напр., о кошке)
Kindergärtnerin	воспитательница
Bindeglied	связующее звено
Nadelöhr	игольное ушко
abgöttisch	очень, чрезмерно
Tratsche	сплетни, болтовня
Lieblingsspiel	любимая игра
Sprachfehler	дефект речи
Schmutzfink	грязнуля
Taxifahrt	поездка на такси
unvergänglich	вечный, постоянный; нескончаемый; непреходящий
Streitwagen	колесница
Lagerplatz	складское место, место складирования
Obstkuchen	фруктовый пирог
Zwischenhändler	(торговый) посредник; перекупщик; комиссионер
Azalee	азалия
Garagentor	ворота гаража
Zulage	прибавка, набавка, надбавка (к зарплате, денежному содержанию)
mampfen	разг. уплетать за обе щеки; есть, причмокивая от удовольствия; чавкать
Sopran	сопрано
Tauschhandel	меновая торговля
Siebter	седьмой
Klassensprecher	староста класса
irreversibel	необратимый
Hanswurst	паяц, шут
Fischhändler	рыботорговец
Orthopäde	ортопед
Hockeyspieler	хоккеист
abfeiern	разг. воспользоваться отгулом (за сверхурочную работу; за переработку)
Nutella	нутелла
pampig	рег. (н.-нем.) кашеобразный
Stelze	ходуля, свая, стойка, трясогузка
Räucherstäbchen	благовония
ansprechend	привлекательный, приятный
Abwicklung	раскатка
schiffen	плавать (о судне, на судне); летать (о воздухоплавательном аппарате)
Betrachtungsweise	способ рассмотрения, взгляд, подход
vernageln	заколачивать (сколачивать) гвоздями
bedrucken	печатать (на чём-л. что-л.)
Lotse	лоцман
Schmatzer	смачный поцелуй
Wassergraben	канава
Pappbecher	бумажный стаканчик
Stadttor	городские ворота
Blechdose	жестяная (консервная) банка
unerfindlich	необъяснимый, непонятный, непостижимый, загадочный
Nebensaison	несезон
ermessen	усмотрение
Höllenlärm	адский шум, гвалт
Zugunfall	железнодорожная авария
Schweigeminute	минута молчания (в честь умершего)
Bewegungsfreiheit	свобода передвижения
Zier	поэт. украшение, краса; убранство
Topflappen	прихватка
nachgiebig	уступчивый, податливый
Solarzelle	солнечная ячейка
abmagern	худеть
Philister	филистимлянин
Eigentor	гол в свои ворота
Inhaltsverzeichnis	содержа́ние, оглавле́ние
Hilfeleistung	оказание помощи
zudringlich	навязчивый, назойливый
daransetzen	употребля́ть, употребить
Rufnummer	номер телефона, телефонный номер
Neuheit	новизна, новинка, новость
Duschkopf	душевая лейка
Herzlichkeit	сердечность
Duschvorhang	занавес (в душевой)
gleichauf	наравне
Sperrmüll	крупный мусор
Pensum	задание, обязанность
Silizium	кремний
Führungsqualität	качество руководства
empfohlen	рекомендуемый
Mitbringsel	гостинец, сувенир
Regierungsgebäude	правительственное здание
Fußvolk	пехота
Donnerschlag	удар грома
Schlafwagen	спальный вагон
Paartherapie	семейная терапия
Eukalyptus	эвкалипт
reumütig	раскаивающийся, кающийся, покаянный
Halbmond	полумесяц
Waffenarsenal	арсенал
Gegenwert	эквивалент (тж. хим.)
couragiert	смелый, решительный
Schaschlik	шашлык
Grundkenntnis	базовые знания
Schlafentzug	депривация сна
Weihnachtsgeschichte	рассказ о рождении Христа
haushoch	вышиною с дом
Überflieger	гений, вундеркинд
Hauslehrer	домашний учитель, воспитатель, гувернёр
Lebendigkeit	живость; оживлённость
Standesbeamter	лицо, ведающее актами гражданского состояния, служащий (бюро) загса
haarscharf	точно, впритык
Mumps	свинка, паротит
friedfertig	миролюбивый
erschwinglich	общедоступный, доступный
Koriander	кориандр, кинза
Todesart	причина смерти
gewunden	извилистый, витой
vorbeisegeln	проплывать мимо, пронестись мимо
Jogurt	йогурт
Bettgeflüster	любовный шёпот, постельные разговоры
Gewürzgurke	маринованый огурец
Verbrennungsmotor	техн. двигатель внутреннего сгорания
einhaken	закреплять [закрывать] на крючок (дверь, окно)
Riesenglück	огромная удача
Quasselstrippe	шутл. телефон
Kropf	зоб
zweckmäßig	целесообразный
Mozzarella	моцарелла, моццарелла
abbremsen	притормозить, тормозить
unerfüllt	неисполненный, невыполненный; несбывшийся
aufreihen	нанизывать; располагать (ставить) в ряд
geprüft	проверенный
ungeplant	незапланированный
Sternstunde	звёздный час
dunkelrot	тёмно-красный
zermürben	изматывать, изнурять
abgebrüht	прожжённый, тёртый, хладнокровный
Methodik	методика
Verstauchung	растяжение связок
illegitim	незаконный, противозаконный; не признанный законом
Denunziant	доносчик
flößen	сплавлять (лес), гнать (плоты)
Lebensgefährte	спутник жизни, сожитель
aufwerten	повышать золотой паритет (валюты), увеличивать номинальную стоимость (ценных бумаг), (ре)валоризировать; повышать ценность
hinschaffen	доставлять (туда)
Computersimulation	компьютерная симуляция
wiedergewinnen	получить обратно (что-л.)
Gebärde	жест; ужимка, мина
Altersgruppe	возрастная группа
sacht	тихий, плавный, осторожный, бережный
verpesten	заражать, отравлять (воздух миазмами, тж. перен.)
Lindenbaum	липа
Quälerei	мучение
vielschichtig	многослойный
freistellen	предоставлять (выбор и т. п.); разрешать
Wacht	устар., поэт. то же, что Wache
Sachkenntnis	компетентность, знание дела
Liegestuhl	шезлонг
bewenden	es bei etw. bewenden lassen — ограничиваться, довольствоваться чем-л.; es dabei bewenden lassen — оставить что-л. по-старому (как оно есть), довольствоваться тем, что есть
Gerichtsurteil	приговор
unbeteiligt	непричастный (к чему-либо)
Sprachunterricht	занятия по языку
nachsprechen	повторять, произносить, говорить (за кем-л.)
Süppchen	супчик, супец
bildhübsch	красивый как картинка (о чём-л красивом)
Bauleiter	прораб, производитель работ
Holzkiste	деревянный ящик
verschlungen	запутанный, извилистый
Anfangszeit	время начала (спектакля, сеанса в кино и т. п.)
Wegesrand	обочина
Gelbsucht	желтуха
Oberarm	плечо (до локтя), плечевая часть руки
Spülmittel	средство для мытья посуды, жидкость для мытья посуды
Schulbildung	школьное образование
Schlüsseldienst	служба вскрытия замков
Flaschenöffner	ключ для открывания бутылок; открывалка
Prüfstein	техн. пробирный камень
Filmindustrie	киноиндустрия
hernieder	вниз, книзу
Streichquartett	муз. струнный квартет; квартет смычковых инструментов
Rettungshubschrauber	вертолёт поисково-спасательной службы
Grundmauer	фундаментная стена
beschwatzen	болтать (о чём-л.); вести пересуды, сплетничать (о ком-л., о чём-л.)
Kabuki	кабуки
benebelt	одурманенный, затуманенный
sodann	добавочный, затем, потом, тогда
ablehnend	отрицательный, неприязненный
Militärstützpunkt	военная база
Fabelwesen	сказочные существа
Parkschein	талон на парковку
partout	непременно, ни за что
Faxgerät	факс (аппарат)
Halbjahr	полгода; полугодие; семестр (в вузе)
Dreiviertelstunde	три четверти часа
Gästebuch	гостевая книга
Zündschloss	замок зажигания
Erdloch	яма
Kindergeld	пособие для многодетных семей
Grammophon	граммофон
Halter	держатель, владелец
Giftstoff	биохим. токсин
Atemproblem	проблема с дыханием
Haareschneiden	стрижка
Hauptplatz	главная (центральная) площадь
Stiefbruder	сводный брат
Stoßzeit	время пик, время наибольшей нагрузки
beseelt	воодушевлённый, одухотворённый
Männername	мужское имя
Lieblingswort	любимое слово
Unvermögen	бессилие, неспособность
vertrösten	обнадёживать (кого-л. чем-л.); уговаривать подождать (напр., кредитора)
Aussichtspunkt	наблюдательный пункт, точка наблюдения
Filmriss	кино обрыв киноплёнки
Briefwechsel	переписка, корреспонденция
Hausdiener	служащий, прислуга
Enzian	горечавка
Steigung	подъём; наклон, уклон, скат; покатость
Besatzer	оккупант
Verfallsdatum	срок годности
verscherzen	(про)шутить, провести в шутливой беседе (в забавах) (какое-л. время)
Murren	ропот
lebensfähig	жизнеспособный
madig	червивый
Muskatnuss	мускатный орех
Weihnachtsessen	рождественский ужин
Selbsttäuschung	самообман
Eindämmung	запруживание; ограждение дамбой (плотиной, перемычкой)
Zielsetzung	постановка цели
Kriegsopfer	жертва войны
Jurastudent	студент юридического факультета
Allgemeinwissen	общая эрудиция, (культурный) кругозор
Bauerntochter	дочь фермера
Rückenlehne	спинка (мебели)
Pädagogik	педагогика
zusammenschweißen	сваривать, приваривать
Waldspaziergang	прогулка по лесу
Hundertschaft	сотня (людей)
Kinnlade	нижняя челюсть
herausgehen	выходить
Kinokarte	билет в кино
aufhübschen	улучшать внешний вид; украшать, приукрашивать
materialistisch	материалистический, практичный, расчётливый, корыстный
umreißen	(по)валить, опрокидывать
Brechreiz	тошнота
luftig	наполненный воздухом; состоящий из воздуха; полный воздуха и света; открытый воздуху и свету
verhunzen	разг. (ис)портить, обезображивать, обезобразить; исказить
zuckersüß	сладкий как сахар, очень сладкий
Chanson	искусств. шансон
Einwirkung	влияние, воздействие
Rollfeld	лётное поле, лётная зона, автодром
Fuhrpark	автопарк
Schreckensherrschaft	террор, тирания
Militärakademie	военная академия
benebeln	покрывать туманом; затуманивать (тж. перен.)
Verwundbarkeit	уязвимость
Briefpapier	почтовая бумага; почтовый набор
Softie	слюнтяй, мягкотелый
Oberbefehl	воен. главное командование
Töle	шавка
Großrechner	мейнфрейм, большая ЭВМ
Strafanstalt	тюрьма, место заключения, место лишения свободы
Ausbrecher	беглец (совершивший побег из тюрьмы и т. п.)
Querschläger	рикошет
Tiefschlaf	глубокий сон
Kloschüssel	унитаз
Oberdeck	верхняя палуба
Geburtshilfe	акушерство, родовспоможение
Unterhändler	переговорщик, посредник
Kapitalverbrechen	тяжкое преступление
hinzustellen	поставить, ставить
Polizeiakademie	полицейская академия
Justizpalast	дворец правосудия
gellen	резко звучать
Chiropraktiker	хиропрактор, костоправ
Kopfschmuck	головной убор, украшение для головы
einklinken	защёлкнуть, захлопнуть; запереть щеколдой
verminen	минировать
Finesse	изысканность, тонкость, изящество
Watergate	Уотергейт
Kombüse	галера
Sondersendung	внеочередной выпуск, экстренная трансляция
obenauf	наверху, на плаву
Riecher	разг. нос
Großherzogin	великая герцогиня
Sicherungskasten	электрощиток
Eisprung	овуляция
anmieten	снимать, арендовать; брать напрокат
bequatschen	разг. уговаривать (кого-л.)
anspülen	намывать, наносить, приносить течением (песок и т. п.)
Frauenarzt	гинеколог
Frauengefängnis	женская тюрьма, тюрьма для женщин
Rotzlöffel	очень плохо воспитанный ребёнок, спиногрыз, гадёныш
huckepack	закорки , на спина
profilieren	зарекомендовать себя, проявить себя, профилировать
Ausreise	выезд (из страны)
Behandlungszimmer	лечебный кабинет, процедурная
Beißerchen	зубик, зубки
Freudentag	радостный день
unkooperativ	несговорчивый
Paillette	пайетка
Sterbeurkunde	свидетельство о смерти
Bums	удар, бабах, забегаловка
Freudenhaus	устар. публичный дом, дом терпимости
Riesenapplaus	бурные аплодисменты
durchkämpfen	биться (бороться) до конца
Fluchtauto	машина для побега
Nautilus	наутилус
Schändung	осквернение
Erfolgsrate	процент успеха
Blutbahn	кровяное русло
Frauenhaus	убежище для женщин (подвергающихся насилию со стороны мужей и т. п.)
Rentenfonds	пенсионный фонд
Quorum	кворум
Durchwahl	прямой номер, добавочный
papperlapapp	чепуха, вздор
Lichtblitz	световая вспышка
Startposition	стартовая позиция
Liebesakt	половой акт
Lektor	лектор
längsseits	вдоль борта
Kinderstube	детская (комната)
Familienbesitz	семейная собственность
Scheißloch	дыра, помойка
Musikzimmer	помещение для музицирования
Volksarmee	народная армия
Quintessenz	квинтэссенция
Monstrum	чудовище
Personalie	кадровый вопрос, персона
Wachpersonal	охрана
Eismaschine	спец. льдогенератор
Bürgerrechtsbewegung	движение за гражданские права
Todesurkunde	свидетельство о смерти
Börsengang	экон. выпуск акций на биржу, котировка акций на бирже
Protegé	протеже; ставленник; любимец
Samenspender	донор спермы
Bombendrohung	угроза взрыва
systolisch	систолический
einpferchen	загонять (за загородку) (животных)
Rechtsprechung	юрисдикция, судоговорение
Autonummer	номер машины
Streitaxt	секира
Paralyse	мед. паралич
Erschießung	расстрел
Fährtenleser	следопыт; человек, способный распознавать и оценивать следы животных
Fliegengewicht	наилегчайший вес, "вес мухи" (бокс)
Schamlippe	половая губа
Entschärfung	обезвреживание
Viehzüchter	скотовод, животновод
Molkerei	маслодельня
avanti	вперёд, давай
Poltern	катиться (двигаться, падать) с шумом (с грохотом), громыхать; шуметь, стучать (о людях)
Forschungsstation	исследовательская станция
Reiseroute	маршрут поездки
Schlaftrunk	снотворное (средство); усыпляющий напиток
Bauprojekt	строительный проект
einprogrammieren	запрограммировать
Farbton	оттенок (тон) краски (цвета)
Lieblingssorte	любимый сорт
Freistellung	освобождение (от работы, от военной службы)
Petrischale	чашка Петри
Greencard	грин-карта
Gegenseite	противоположная сторона
Familiengrab	семейное захоронение
Hotelgast	постоялец отеля
kegeln	кегельная дорожка
Dualität	двойственность
Wagenkolonne	колонна автомобилей
Sog	течение, струя (воздуха, воды)
Landezone	район посадки (приземления); район высадки
verdonnern	осудить, приговорить, наказать
Annalen	анналы летописи хроника
Verkaufspreis	продажная цена, отпускная цена
Herzfehler	порок сердца
Lätzchen	слюнявчик
Wahrheitsserum	сыворотка правды
Kunstschule	художественная школа, художественное училище
Immobilienmarkt	рынок недвижимости
Wichse	вакса, сапожный крем
Röntgengerät	рентгеновский аппарат
Gewalteinwirkung	насильственное воздействие, применение насилия, применение силы
Helix	спираль
Blocker	блокатор
Genpool	генофонд, генный пул, пул генов
Nanotechnologie	нанотехнология
Mitbewerber	участник соревнования (конкурса), соревнующийся; соискатель; соперник, конкурент
Kerner	техн. кернер, коническое углубление (в изделии)
Orchestermusik	оркестровая музыка
Irisblende	диафрагма, ирисовая диафрагма
Lüftung	вентиляция
Amish	амиши
Inkognito	инкогнито
Geisterschiff	корабль-призрак
Startbahn	стартовая дорожка
Geheimniskrämerei	скрытничество, таинственность
Schauspielunterricht	уроки актёрского мастерства
Kennung	кодовый сигнал опознавания
Überbevölkerung	перенаселение; перенаселённость
Objektträger	предметное стекло
Beweisaufnahme	юр. судебное следствие
Vertrauensmann	доверенное лицо; агент
Belvedere	бельведер
Flugkörper	летательный аппарат; самолёт-снаряд
Autodieb	угонщик (автомобилей)
Arier	ариец
Mittäter	участник чего-л.
Bewilligung	согласие, разрешение
Knochensplitter	осколок кости
Verlobungsfeier	помолвка, вечеринка в честь помолвки
Anteilseigner	владелец пая, пайщик, акционер
Thorax	анат. грудная клетка, торакс
Heimlichtuerei	скрытность; скрытничание
Riechsalz	нюхательная соль
Baiser	безе, меренга
Nagelpistole	пневматический пистолет для гвоздей
Kaffeesatz	кофейная гуща
Patrouillenboot	сторожевой корабль
Besuchstag	день посещений
Phalanx	фаланга
Schneid	смелость, бесстрашие, молодцеватость, удаль, ухарство, напористость
Fluchtgefahr	опасность совершения побега (напр., заключённого, преступника), опасность побега (преступника)
Sepsis	сепсис
Dienstwaffe	служебное оружие
aufbahren	перех. устанавливать гроб с телом усопшего для торжественного прощания
Ope	операция
Paradigma	парадигма
Embolie	эмболия
Gehirnwelle	мозговая волна
Nachrichtensperre	информационная блокада
Juniorpartner	младший партнёр
Gleichstand	равенство, равный счёт; равное количество очков
zwölfmal	двенадцать раз
Tunfisch	тунец
Cellist	виолончелист
Pissnelke	стерва, кикимора
einkerkern	заключать в тюрьму
Eignungstest	профессиональная экспертиза, проверка пригодности к профессиональному обучению (к работе по данной специальности)
gefiedert	пернатый
Pachtvertrag	договор аренды
Abtrennung	отпарывание
atmend	дышащий
ermächtigen	уполномочивать, давать право (на что-л.)
Gehirnstrom	мозговой импульс
unbestätigt	неподтверждённый
Missionarsstellung	миссионерская поза (в сексе)
ausrollen	раскатывать
Privatsekretärin	личная секретарша
eindrücken	вдавливать; продавливать; выдавливать (стекло, дно и т. п.); приплющивать; оставлять отпечаток (след) (тж. перен.)
pochieren	пошировать
motzen	ругать
texanisch	техасский
Regenrinne	водосточный жёлоб
vortanzen	исполнять (танец), протанцевать; танцевать (что-л. перед кем-л.)
Stoßtrupp	штурмовой отряд
Varieté	варьете
Pferch	загон
Besserungsanstalt	исправительное заведение; исправительный дом
aufrücken	подвигаться, продвинуть
rausgucken	выглядывать
Peepshow	пип-шоу
Kontrollfreak	помешанный на контроле
Renegat	ренегат
Gouverneurin	губернаторша
reinquetschen	втиснуть, впихнуть
verbuddeln	закапывать, зарывать
therapieren	психол. лечить
implodieren	взрываться под действием наружного давления (при наличии вакуума внутри сосуда и т. п.)
Gulag	ГУЛАГ, ГУЛаг, гулаг
Stuhlprobe	анализ кала
Verengung	сужение
Schiffswrack	затонувший корабль
Behandlungsraum	лечебный кабинет, кабинет врача
Handyempfang	связь, приём на телефоне
Abzocker	жулик; вымогатель
Schweinebacke	свинья, наглец
Rettungsfahrzeug	спасательное судно, корабль-спасатель
verlinken	связаться
Brillenschlange	очкарик
Tiara	тиара
Vollpfosten	придурок, недоумок
Radiologie	радиология
klischeehaft	стереотипный, избитый
ritterlich	рыцарский
durchsprechen	переговорить (о чём-л.); подробно обсудить (что-л.); разобраться (в чём-л.)
Methadon	метадон
Milzbrand	сибирская язва
nachtragen	носить (за кем-л.)
Generaloberst	генерал-полковник
Undercoveragent	агент под прикрытием
dominikanisch	доминиканский
Ladenschluss	закрытие магазина; время закрытия магазинов
Pferdemist	конский навоз
Styropor	полистирол
Querverweis	перекрёстная ссылка
verpulvern	разг. транжирить, тратить, промотать (деньги)
Einsatztruppe	оперативная группа
Riesenschwanz	огромный член
Machtspiel	игра во власть
Chronist	хроникёр, хронист, летописец
Rückstoß	отдача
Stockholm-Syndrom	стокгольмский синдром
Stromschnelle	быстрина; пороги (реки)
entgegenwirken	противодействовать, противиться (кому-л., чему-л.), бороться (с чем-л.)
Grimoire	гримуар
aufmarschieren	выходить на демонстрацию (на парад); (торжественно) строиться
Angeberin	хвастунья
Vivat	да здравствует
Teufelin	чертовка, ведьма
überlagern	sich ~ накладываться, интерферировать
kategorisieren	распределять по категориям
Rohdiamant	неогранённый алмаз
Spaceshuttle	космический шаттл
Mungo	мангуст
ostdeutsch	восточногерманский
Fänger	ловец
Choreograph	хореограф
platziert	размещённый, расположенный
Meisterdieb	мастер-вор
Zwielicht	сумерки
Fliegeralarm	воен. воздушная тревога
Furunkel	чирей, фурункул
Salvadorianer	сальвадорец
Lude	сутенёр
Titelmelodie	музыкальная заставка (к фильму, телепередаче и т. д.)
Saftsack	козёл, мудак
einseifen	намыливать
Unterhaltszahlung	алименты
auskotzen	вытошнить, выблевать
Polizeiangelegenheit	дело полиции
rumkommen	побывать, объехать, справляться
Kumpan	разг. сотрапезник; собутыльник
demoralisieren	деморализовать
abchecken	проверять, контролировать
Duce	дуче
Schönheitskönigin	королева красоты
Zufahrt	подъезд (к зданию)
Gleitgel	смазка, лубрикант
Wildsau	са́мка кабана́
Actionfigur	фигурка, экшн-фигурка
anfunken	связаться по рации
Driss	дерьмо, ерунда
Konföderierter	конфедерат
aufmüpfig	непослушный, строптивый, непокорный
Autorisation	предоставление полномочий; авторизация
Wiedereröffnung	возобновление, открытие вновь
Gelöbnis	высок. торжественное обещание
Falstaff	Фальстаф
auseinanderfallen	распадаться, разваливаться
Freitagnacht	пятничная ночь
Notbeleuchtung	аварийное освещение
Rendite	доходность
einschmuggeln	ввозить контрабандой
Knalltüte	балда, придурок
Gumbo	гумбо
draufhauen	врезать, стукнуть
biometrisch	биометрический
Amtsdiener	мелкий служащий
Maa	мама
Gusto	вкус, охота
Weideland	пастбищные угодья
absenken	опускаться, снижаться, опускать, снижать
Auszubildender	ученик
Brustbein	грудина
Oldie	старый хит, старьё
Schmierfink	разг. грязнуля, неряха; пачкун
Ausscheidung	выделение, отделение; браковка; исключение; осаждение
Knorpel	хрящ
Ponton	понтон
weissagen	предсказывать, пророчествовать; предвещать
seilen	вить (канат)
verschrumpeln	сморщиться, ссохнуться
adelig	дворянский, знатный
Opiat	опиат
Lerner	обучающийся, ученик
wegtun	удалять; убирать; откладывать в сторону
Leuchtrakete	сигнальная ракета
Brack	солоноватая вода, топь
Mülltüte	мусорный пакет
Haubitze	гаубица
Sexszene	сексуальная сцена
intrigieren	интриговать; плести интриги, строить козни
verhärten	делать (более) твёрдым
Schmeißfliege	навозная муха
zusammenstecken	сложить вместе, соединить
Sicherheitsnadel	английская булавка
Debütantin	дебютантка
Äthyl	этил
ausarten	переходить, превращаться (во что-л.)
Waschweib	пренебр. болтун, болтунья; сплетник, сплетница
zuneigen	наклонять (что-л. к кому-л., к чему-л.); склонять (что-л. над кем-л.)
piesacken	мучить
bimmeln	разг. звонить, трезвонить; бренчать
einbläuen	втолковывать, вбивать, вдалбливать
Plumpsklo	выгребная яма
Frauengeschichte	интрижка, история с женщиной
rumtelefonieren	обзванивать
Generalstabschef	воен. начальник генерального штаба
verharmlosen	преуменьшать серьёзность (чего-л.); недооценивать, умалять (напр., опасность чего-л.)
damenhaft	свойственный [присущий] даме
Kolik	колика
Rauchbombe	дымовая бомба
wohlgemerkt	заметьте, имейте в виду
triumphal	триумфальный
einnisten	гнездиться
Kondensator	электрический конденсатор
Abhebung	снятие (денег со счёта)
dramatisieren	драматизировать
erhärten	подтверждать
Hauswart	дворник; смотритель жилого дома
Patientenakte	карта пациента
rumschreien	орать, кричать
Toga	тога
Angriffsziel	задача (цель) наступления; объект атаки
Regieassistent	ассистент (помощник) режиссёра
Grabung	раскопки
Kordel	Кордель
herauslocken	выманивать, вызывать (кого-либо откуда-либо, используя приманку)
Dharma	дхарма
verkohlt	обугленный
Videoaufnahme	видеозапись (процесс и результат)
Mohawk	ирокез
schimmernd	мерцающий, отсвечивающий, поблескивающий
Aufputschmittel	стимулятор, допинг
zuknallen	die Tür zuknallen — разг. захлопнуть дверь, (громко) хлопнуть дверью
Brigadegeneral	бригадный генерал
Silbermine	серебряный рудник
zurücklaufen	бежать назад
Pfandbrief	закладная облигация
arschig	мерзкий, паскудный
unverdorben	неиспорченный; непорочный, невинный
eintrichtern	вливать через воронку
Storyboard	раскадровка
zurufen	кричать (что-л. кому-л.)
zerbeißen	раскусывать, перекусывать (пополам); разгрызать
hochgiftig	очень ядовитый
Klopfer	выбивалка (для выбивания ковров и т. п.)
schießwütig	любящий пострелять, безбашенный
Stumpf	тупой
einlullen	убаюкивать, усыплять (тж. перен.)
hermachen	sich ~ браться, приниматься (напр., за еду)
Kriegsverletzung	боевая травма, ранение на войне
Hauptfeldwebel	ротный фельдфебель, старшина роты
Bauchschuss	пулевое ранение в живот
Wendigo	вендиго
folgern	заключать, делать вывод
hochbeamen	телепортировать
verinnerlichen	(глубоко) прочувствовать, осознать, запечатлеть в душе (что-либо)
Chianti	кьянти
Dollarnote	долларовая купюра
Schmerzensschrei	крик боли
hinrennen	подбежать, сбегать
halbautomatisch	полуавтоматический
narzisstisch	нарциссический (проявляющий внимание исключительно к собственной персоне)
Ausbeuterbetrieb	потогонное производство
tiefschürfend	глубокомысленный
Geschützturm	орудийная башня
Teewasser	кипяток для чая
Berghütte	горная хижина; хижина и горах
Malbuch	книжка для раскрашивания
auslosen	разыгрывать (по жребию, в лотерее), решать жеребьёвкой
Verweigerung	отказ
Bahnstation	железнодорожная станция
Pappenstiel	пустяк, мелочь
penetrant	проникающий, пронизывающий
Berufswahl	выбор профессии
Missvergnügen	недовольство, досада
Gerätschaft	прибор(ы), аппаратура, инструментарий
Winzer	винодел
Wetterfrosch	синоптик
Baumrinde	древесная кора
Feldstecher	бинокль
Engstirnigkeit	узколобость, ограниченность
umbinden	повязывать
Familienurlaub	семейный отпуск
waagerecht	горизонтальный
Brustmuskel	грудная мышца
Kuhfladen	коровяк, коровий навоз
Feuersbrunst	пожар
Erbteil	доля в наследстве, наследственная доля
Rücksichtnahme	уважение, внимание
Schweif	хвост
Bindfaden	шпагат; бечёвка, верёвка
Mähdrescher	комбайн, зерноуборочный комбайн
Diplomatin	дипломат (женщина)
Leichtathletik	лёгкая атлетика
Pralinenschachtel	коробка шоколадных конфет
Traumprinz	принц мечты
Aushang	объявление, афиша; доска с объявлениями
Tugendhaftigkeit	добродетель; благонравие
Krümmung	кривизна; изгиб; сгибание, излом
Kausalität	причинность, каузальность
Flugverkehr	воздушное сообщение
Reformer	реформатор
Verkehrspolizei	дорожная полиция
Wohngemeinschaft	коллектив жильцов; группа совместно проживающих людей
neuerlich	недавний
Rückschritt	шаг назад (тж. перен.)
Unkenntlichkeit	неузнаваемость
Schlusspunkt	заключительный пункт
Schlagseite	морск. боковой крен
Zeitverlust	потеря времени
speiübel	до тошноты
einsetzbar	применимый
weitersprechen	продолжать говорить
Streichelzoo	контактный зоопарк
Aufpreis	наценка
Steinpilz	белый гриб, боровик
Stratosphäre	стратосфера
Kerzenschein	свет свечи
mutmaßen	предполагать что-либо, догадываться о чём-либо
Kulturhaus	дом культуры
vernetzen	объединять в сеть
umfunktionieren	придавать другую функцию (чему-л.)
parfümieren	(на)душить, опрыскивать духами
schwerelos	невесомый
Volksmund	общественное мнение
Bahngleis	железнодорожный путь
Mitschülerin	одноклассница
Zeitunterschied	разница во времени
Amtsperiode	срок исполнения должности; срок полномочий
Endergebnis	конечный результат
Fachsprache	профессиональный язык, профессиональный жаргон
Riesengefallen	огромная услуга
Misskredit	дурная слава, недоверие
Parterre	партер, кресло
Niedertracht	низость, подлость, гнусность, мерзость
Nessel	крапива
bettfertig	готовый ко сну
ausgeschlossen	исключённый, невозможный
Hooligan	хулиган
schuldlos	невиновный, невинный
Erbsensuppe	гороховый суп
schadenfroh	злорадный
unmusikalisch	немузыкальный
Metaphysik	метафизика
Eisbahn	каток (площадка для катания на коньках)
Münzwurf	подбрасывание монеты
Gewähr	гарантия
ergebnislos	безрезультатный
Taktstock	дирижёрская палочка
Tiefgang	осадка; марка погружения (судна)
Radium	радий
Knauf	набалдашник
Scheinheiligkeit	ханжество, лицемерие
Krebserkrankung	онкологическое заболевание
Herzerkrankung	заболевание сердца
Geheimsprache	тайный язык
Raser	лихач
seetüchtig	морской, мореходный
sterbenslangweilig	разг. до смерти скучный
Unbeständigkeit	непостоянство; неустойчивость, нестойкость
diversifizieren	диверсифицировать
entsteigen	выходить (из чего-л.)
Gesprächsstoff	тема для разговора
Leserschaft	читатели, читательская масса, круг читателей
Heftigkeit	сила, стремительность, порывистость, бурность
Erbgut	наследство, унаследованное имущество
Plattenladen	магазин грампластинок (ныне также аудионосителей)
Footballmannschaft	футбольная команда
Baseballkappe	бейсболка
müffeln	вонять, плохо пахнуть (затхлым, неприятным запахом)
Arbeitsmethode	метод работы; приёмы работы
Kuhstall	коровник
Verschwörungstheoretiker	теоретик заговора
Spontanität	спонтанность
Richterspruch	приговор, решение суда
Schüttelfrost	озноб, дрожь
Heimwerker	(хозяин,) самостоятельно выполняющий работы по дому (столярные, слесарные и т. п.)
Zaunpfahl	столб, кол, жердь, шест в ограде или заборе
Spirituose	спиртной напиток
Wildgans	дикий гусь
Krebsforschung	изучение рака, онкология
Schwank	шутка, (забавная) выходка (затея)
Mausefalle	мышеловка
Zertifikat	сертификат, удостоверение
Seewasser	морская вода
Zellkern	ядро, клеточное ядро
Barthaar	волосы бороды (усов)
scheppern	рег. (ю.-нем.) постукивать, стучать, дребезжать, побрякивать
heraufkommen	подниматься наверх, взбираться (наверх)
Lachanfall	приступ смеха
Waldgebiet	лесная область
tröpfeln	капать, накапать
Schalentier	моллюск, ракообразное
viereckig	четырёхугольный
Pandabär	панда
fortreißen	вырывать; отрывать; отнимать
Urahn	прадед
Kautschuk	каучук
Natter	уж
jodeln	йодлировать (петь с переливами на тирольский лад)
Moschus	мускус
verwaist	осиротелый; сиротливый
Ungeschicklichkeit	неумелость, неловкость
beleuchtet	освещённый
ankern	становиться на якорь, стоять на якоре
Dachrinne	водосточный жёлоб
Regulierung	регулирование, наладка; упорядочение; выверка (часов)
Gebell	тявканье, лай
Abendwind	вечерний ветер
messbar	измеримый
hauchdünn	очень тонкий, тончайший
zusammenpressen	сжимать, стискивать; спрессовать
übersenden	отправлять, отсылать, пересылать
Marskolonie	колония на Марсе
föhnen	сушить феном
unförmig	бесформенный, безобразный
schmatzen	чавкать
peripher	окраинный, периферийный
Geldschrank	сейф, несгораемый шкаф
angrenzend	соседний, прилегающий
Wimpel	вымпел
Popel	козю́ля, козя́вка
Trödel	ветошь, старьё; тряпьё; хлам
stromabwärts	вниз по течению
Elektroingenieur	инженер-электрик
Großherzigkeit	великодушие, благородство
ungebrochen	целый, несломанный
Morgenspaziergang	утренняя прогулка
Heuboden	сеновал
Einzelgängerin	одиночка
Stimmungskanone	душа компании
Vierziger	сороковые, сорокалетний
Straßenzug	трасса дороги
Kindesbeine	детство, с малых лет
Lieferservice	доставка
Titelverteidiger	чемпион, защищающий своё звание
Aufenthaltsgenehmigung	вид на жительство
Binse	ситник
Hostie	облатка, гостия
Wippe	качели
Jährchen	годик, годок
Bäuerchen	отрыжка воздуха у младенца после кормления
Juweliergeschäft	ювелирный магазин
blutunterlaufen	налитой кровью
unterernährt	истощённый, страдающий от недоедания
Bankhaus	банкирский дом, банк; банкирская контора
Kindertagesstätte	дневной детский сад
Schallwelle	физ. звуковая волна
schürfen	вести разведочные работы (разведку); шурфовать
Vorspann	вступительные титры
Riesenangst	жуткий страх
Zaunkönig	крапивник
Scheunentor	ворота (амбарные или складские)
Terrorgruppe	группа террористов, террористическая группа
Kielwasser	кильватер
Mimose	мимоза
konfus	смущённый, растерянный, сконфуженный
Chinarestaurant	китайский ресторан
Namensänderung	изменение фамилии
Gruppenleiter	вожатый отряда
Nährboden	питательная среда
Beschaffung	закупки
Selbstdisziplin	самодисциплина
Eckpfeiler	краеугольный камень
hochkrempeln	засучить
zerrüttet	расстроенный, разрушенный
Brüderschaft	братство (отношение)
Lötkolben	паяльник
unpünktlich	неточный, неаккуратный
Kuchenverkauf	продажа выпечки
Bottich	чан
Idealfall	идеальный случай
Seefahrt	мореплавание; морское судоходство
Seidenschal	шёлковый шарф
künden	объявлять (что-л.), уведомлять, ставить в известность, извещать (о чём-л.)
Stupsnase	курносый нос
Bestandsaufnahme	инвентаризация, оценка положения
Waldweg	лесная дорога (тропа)
Menschengedenken	на памяти людской
dilettantisch	дилетантский
Restauration	реставрация
Schnute	рег. (н.-нем.) разг. морда, рыло
Entfremdung	отчуждённость, разобщённость; отдаление; размолвка, отрыв (от кого-л.)
Hintergrundgeräusch	фоновый шум
Festanstellung	постоянная работа
Glastür	застеклённая дверь
unpolitisch	неполитический, не относящийся к политике
Pattsituation	патовая ситуация
Doktorin	разг. (женщина-)врач
Dünndarm	анат. тонкая кишка
V-Ausschnitt	V-образный вырез
Autoimmunerkrankung	аутоиммунное заболевание
Gesundheitsdienst	служба здравоохранения
Tollhaus	устар. дом для умалишённых, сумасшедший дом
Hühnerfarm	птицеферма
Zickenkrieg	бабские склоки
Belag	то, что кладётся на бутерброд
Reißzwecke	кнопка
Staatsdiener	государственный служащий
Anhängerin	сторонница, поклонница
Sinkflug	снижение, спад
Arbeitsmoral	трудовая сознательность, сознательное отношение к труду
Vorhalle	архит. портик; паперть; притвор; вестибюль
Wiederaufnahme	возобновление (прерванной деятельности)
Stauraum	место для хранения
fahrbar	проезжий (о дороге); судоходный (о реке)
Abrissbirne	шар-баба, шар для сноса зданий
Tamtam	муз. тамтам (гонг)
Pappteller	бумажная тарелка
Bewältigung	преодоление (чего-л)
sondieren	зондировать
Panzerglas	бронестекло
Beifahrerseite	сторона пассажира
Linkshänderin	левша
Ouvertüre	увертюра
Gottesfurcht	богобоязненность
Steakmesser	нож для стейка
Schädelknochen	кость черепа
Funktionsstörung	расстройство функции
Weltregierung	мировое правительство
Euter	вымя
Reizwäsche	эротическое бельё
Sklavenarbeit	рабский труд
Unterhalter	массовик
Familienehre	семейная честь, честь семьи
weghaben	разг. получить; схлопотать
Tiefdruckgebiet	метеорол. область низкого давления; область депрессии
scharenweise	толпами, кучами
Rednerin	оратор, докладчица
Preisträger	призёр
Handelsvertreter	торговый представитель
Belagerungszustand	осадное положение
Sause	пирушка, гулянка
lichtempfindlich	светочувствительный
Zwergin	карлица
Obergrenze	верхний предел, верхняя граница (напр. рентабельности)
Krampfader	варикозное расширение вен, варикозная болезнь
Schneeballsystem	финансовая пирамида
Dehydrierung	дегидрирование, обезвоживание
landläufig	общепринятый
Kork	пробка
Lötlampe	паяльная лампа
Verschlag	перегородка (в помещении); закром
sittsam	благовоспитанный, скромный
Zigarettenpause	перекур
Klientel	клиентура
Tochterfirma	дочернее общество
verkleben	заклеивать; склеивать
Entgelt	вознаграждение, возмещение
Verbrennungsanlage	мусоросжигательная установка
Notlösung	вынужденное решение; крайняя мера
Lotterielos	лотерейный билет
Bresche	брешь, пролом
Drehmoment	техн. крутящий момент; вращающий момент
Marathonläufer	спорт. марафонец
Bullauge	иллюминатор
Autohändler	продавец машин
Familienproblem	семейная проблема
kläffen	лаять, гавкать
Raumtemperatur	комнатная температура
Supercomputer	комп. суперкомпьютер
Teestube	чайная ; чайхана
Auffahrunfall	наезд (дорожное происшествие)
Brummbär	брюзга, ворчун
Körpergeruch	запах тела
Möbelwagen	мебельный фургон
Jagdsaison	охотничий сезон
Inquisitor	инквизитор
frohlocken	ликовать
Goldstaub	золотая пыль
Anlegestelle	пристань; дебаркадер; причал
Schmieröl	смазочное масло
Rabatte	цветочная грядка, рабатка
Gon	гон
Gesäßtasche	задний карман (у брюк)
Stadtwerk	коммунальное предприятие
Packpapier	обёрточная бумага
Verdrängung	вытеснение
Exkrement	экскременты
Geheimrezept	тайный рецепт
Manege	манеж (для верховой езды)
Einspänner	устар. одноконный выезд; одноконный экипаж; кабриолет
Scharfschützin	снайперша
Videorecorder	видеоплеер
ehern	поэт. металлический; бронзовый; медный; железный
dufte	классный, отличный
fortlaufend	непрерывный, последовательный
geschunden	измученный, истерзанный
saudumm	глупый как пробка, глупый как сивый мерин
todschick	шикарный, нарядный
Bodenwelle	неровность дороги, кочка
ausleuchten	освещать, заливать светом; высвечивать
Kahlkopf	лысый, лысина
Ahornbaum	кленовое дерево
Druckerpresse	(книго)печатный станок
zusteuern	вносить свою долю (чего-л.)
Gehirnfunktion	функция мозга
Filmrolle	роль в фильме
Alarmsignal	сигнал тревоги, тревожный сигнал
schotten	Шоттен
loggen	бросать лаг, измерить лагом (скорость судна)
Meißel	зубило
proletarisch	пролетарский
Zuckung	физиол. вздрагивание, подёргивание; конвульсия; судорога
Baklava	пахлава
dusselig	глупый, бестолковый
bayrisch	баварский
Maissirup	кукурузный сироп
schauderhaft	жуткий, ужасный, ужасающий; отвратительный
einmachen	консервировать; мариновать; варить джем ( варенье ) (из чего-л.)
vollbusig	пышногрудая, с пышной грудью
Meeresbiologe	морской биолог
eindecken	укрывать, закутывать, покрывать (деревья, цветы на зиму)
Aufrechterhaltung	поддерживание, поддержание, поддержка, сохранение (в силе); обеспечение
vorbeugend	профилактический, предупреждающий
vegetieren	прозябать, влачить жалкое существование
unzumutbar	свыше того, что можно или следует ожидать или требовать от кого-либо
verwinden	обвивать, переплетать
entschlüpfen	выскользнуть, ускользнуть, вырваться (у кого-л., откуда-л.); сорваться (с языка) (у кого-л.)
Düsenjäger	реактивный истребитель
Flipflop	вьетнамки
Nachwahl	дополнительные выборы, довыборы; перебаллотировка
zulaufen	подбегать, подбежать (к кому-л.)
Fleischwurst	варёная колбаса
schippen	рыть (сгребать) лопатой
Forschungsreise	научная экспедиция (командировка), поездка с научной целью
kehrtmachen	воен. поворачиваться кругом
hineinschauen	заглянуть
Verschönerung	приукрашивание; лакировка (действительности)
verfassungsmäßig	конституционный
Antritt	начало (напр., путешествия)
schrillen	издавать резкий звук
schmähen	оскорблять, высмеивать
Kricket	крикет
kantig	угловатый, имеющий грани; ребристый, гранёный
trällern	(весело) напевать
Dämonin	демоница
einstimmen	настраивать (музыкальный инструмент)
blutjung	молодой, юный
Einstich	укол; прокол; прокалывание
Fehlstart	фальста́рт, фальстарт
Pontifex	понтифик
römisch-katholisch	римско-католический
Bundesgesetz	федеральный закон
zurückschauen	оглядываться
beinhart	жёсткий, крутой
Muffensausen	мандраж, нервозность, боязнь, страх
sahnen	снимать сливки (сметану)
einüben	разучивать
Tatze	лапа
klapprig	расшатанный, дряхлый
Händeschütteln	рукопожатие
Arbeitsplatte	рабочая поверхность стола; столешница
mondän	светский; экстравагантный
asymmetrisch	асимметричный, асимметрический
Holzstück	деревянная деталь, кусок дерева, отрезок ствола
Kurfürst	истор. курфюрст
straffen	натягивать
Schiebedach	раздвижная крыша
ungerne	неохотно
Schiefer	сланец
Mediator	посредник
Knoblauchbrot	чесночный хлеб
durchbeißen	прокусывать, прогрызать
einmauern	замуровывать (в стене)
Programmheft	сводная программа спектаклей
Drückeberger	лодырь, симулянт; трус
verkündigen	проповедовать
Gummihandschuh	резиновая перчатка
Reisebus	туристский автобус, автобус междугородного сообщения
Hochzeitsfoto	свадебная фотография
Kokos	кокосовая пальма
Eingemachtes	заначка, сбережения
Leut	люди, народ
Finanzabteilung	финансовый отдел
Zersetzung	разложение (на составные части); разрушение, распадение
Baseballkarte	бейсбольная карточка
Augenzeugin	свидетельница
Sahib	сахиб, господин
bereitstehen	быть готовым, стоять наготове
Seereise	морское путешествие
Gefangenenlager	лагерь для военнопленных
powern	наддавать, выкладываться
Geldübergabe	передача денег
Blutbank	хранилище донорской крови
Transportschiff	транспортное судно
bunkern	загружа́ть
Austrittswunde	выходное отверстие раны
Drehbeginn	начало съёмок
anpeilen	морск. авиац. пеленговать, визировать, засекать
Sonderfall	особый случай
Raumfahrtprogramm	космическая программа
Hurenhaus	бордель, публичный дом
Altersversorgung	обеспечение (в) старости
Notgroschen	заначка на чёрный день
Huld	милость
Füllhorn	рог изобилия
Auktionshaus	аукционный дом
Kulturattaché	атташе по вопросам культуры
Jagdmesser	охотничий нож
lustvoll	гедонический
Muffe	муфта, втулка, раструб
Aufhängung	подвеска, крепление
anschwemmen	прибивать к берегу
Neurochirurgie	нейрохирургия
Goldkette	золотая цепь
Schlussplädoyer	заключительная речь
Piraterie	пиратство
Süßstoff	подсласти́тель
Abkömmling	потомок
Lungenflügel	лёгкое
Polizeibeamtin	женщина-полицейский
Kuhhandel	сделка, сговор
rustikal	грубый
Reling	поручни; леерное ограждение
Hochsaison	высокий сезон
Babysachen	детские вещи
Schaltung	электрическая цепь
Gewerkschaftler	профсоюзный деятель, профсоюзный работник, член профсоюза
Prahlerei	хвастовство, самохвальство, бахвальство
Kopfjäger	человек, который занимается охотой за головами, охотник за головами
Durchlauf	проход, прохождение (чего-л.)
Rüsche	рюш, оборка
Handelsposten	торговый пост
Rückhand	удар слева (в теннисе)
blitzsauber	начищенный до блеска
Manneskraft	мужская сила
Laserstrahl	лазерный луч
Schrottkarre	развалюха, драндулет
Aue	пойма
Bällchen	мячик
Schröter	жук-олень
Jahrhundertwende	наступление (начало) нового века
Forschungszentrum	исследовательский центр
Maure	мавр
Credo	кредо
ausbooten	вывозить на лодке (кого-л. с судна на берег)
Abfangjäger	истребитель-перехватчик
Eigeninitiative	инициатива
Frostbeule	мерзляк, мерзлячка
ausreizen	исчерпывать
zusammenwachsen	срастаться, сближаться
Verkehrsüberwachung	наблюдение за движением транспорта (напр., с вертолёта)
uneingeladen	неприглашённый
Achtjährige	восьмилетняя
Knochenbau	строение костей
Streifenhörnchen	бурундук
vertrimmen	избивать
Generalmajor	генерал-майор
Wäscheschrank	бельевой шкаф
Polizeistaat	полицейское государство
Lebenszyklus	жизненный цикл
paralysieren	парализовать
Rikscha	рикша
Verleihung	ссуда; прокат
Billardzimmer	бильярдная
Beinfreiheit	место для ног
Treibjagd	охота облавой
Vereidigung	приведение к присяге; принесение присяги
Hausverwalter	управляющий домом, управдом; эконом
Hohepriester	первосвященник
Videomaterial	видеоматериал
Hauptbuch	бухг. главная книга, гроссбух
Sendezeit	время передачи
Fortgeschrittener	продвинутый
Trident	трезубец
Gezeter	крики, вопли
G-Punkt	точка G
Schredder	шредер
Gewaltanwendung	применение силы
Naturkundemuseum	музей естествознания
Züchter	садовод
Abschussrampe	пусковая установка
Geschworenengericht	суд присяжных
Militärberater	военный советник
Früchtchen	фрукт, шалун
Freakshow	шоу уродов
Monogramm	монограмма
rädern	колесовать
Heilerin	целительница
Überwachungsteam	группа наблюдения
Sherpa	шерпа
Leibchen	лифчик; корсаж
Kardiologie	кардиология
festfrieren	примерзать
Tempelritter	тамплиер
Virusinfektion	вирусная инфекция
wegschneiden	отрезать
Stallung	помещение, занятое под конюшню (под хлев)
Schatzinsel	остров сокровищ
Hotelmanager	менеджер отеля
Hirnblutung	внутричерепное кровоизлияние
blutleer	мед. ишемический
Gatter	решётка; решётчатое заграждение; деревянный забор
Hausmeisterin	комендантша, завхоз
Hazienda	гасиенда
Neurologie	мед. неврология
Nachbesprechung	разбор, обсуждение
Wartebereich	зона ожидания
Latz	лацкан; клапан (на кармане и т. п.)
Spezialkommando	спецназ
Waffenladen	оружейный магазин
Kontaktverbot	запрет на контакты
Pausenraum	комната отдыха
Vollstreckung	приведение в исполнение (приговора)
Sammelklage	групповой иск, собирательный иск (например, дольщиков)
Rosenwasser	розовая вода
Leiste	пах
Hintertreppe	чёрная лестница
Losung	призыв, лозунг
Torraum	вратарская площадь
Importeur	импортёр
SIM-Karte	SIM-карта
Aufwachraum	послеоперационная палата
Personenbeschreibung	описание внешности
Lumbalpunktion	люмбальная пункция
Domizil	постоянное место жительства
Kollekte	сбор (добровольных взносов)
Callgirl	девушка по вызову
Leitsystem	система управления
Lektorin	редактор
Kündigungsschreiben	заявление об увольнении
Intelligenzbestie	разг. ирон. умник, чертовски умный человек
Übergangsphase	переходная фаза
Nitroglycerin	нитроглицерин
Aufsichtsbehörde	орган надзора; надзорная инстанция
Nadelkissen	игольница
Unterbau	фундамент
Sondereinsatzkommando	спецназ
Heimsuchung	испытание; несчастье; наказание, кара
Aktenschrank	канцелярский шкаф, картотечный шкаф
Pharmakonzern	фармконцерн
Pilotfilm	пилотная серия (сериала или телепередачи)
Saftladen	пренебр. лавочка
Leichenhaus	мертвецкая, морг, покойницкая
Prozedere	процедура
Kühltruhe	холодильный шкаф, холодильник (в форме ящика)
Kundenstamm	клиентура; постоянный круг покупателей
Untersetzer	подставка, поддонник
polken	ковырять
Berufungsgericht	апелляционный суд
indisponiert	не в настроении, в плохом настроении
verzücken	восхищать, приводить в восторг (в упоение), захватывать
Isotop	изотоп
Tötungsmaschine	машина для убийств
Halbstarke	шпана, подростки
Schwanzflosse	хвостовой плавник
Atompilz	атомный гриб
wegpacken	убрать, упаковать
Vorbau	выступающая часть здания (балкон, эркер)
Verjährungsfrist	юр. срок давности
Börsenmakler	биржевой маклер
zuteilwerden	выпадать, доставаться
Spottpreis	бесценок
Schwindsucht	мед., разг. туберкулёз (лёгких), чахотка
Bergfried	деревянная (каменная) башня; часовня; главная башня крепости
Killerkommando	отряд убийц
Faustkampf	кулачный бой
Pritsche	на́ры, по́лка
Geschäftstermin	деловая встреча
Aushängeschild	вывеска
Befreiungsfront	фронт освобождения
Harpyie	гарпия
pelletieren	гранулировать
Babu	слуга, бабу
Seuchenschutzbehörde	санэпидслужба
Hofrat	советник двора
Rapport	рапорт, доклад, отчёт, донесение
Debakel	разгром, поражение
Gleichgewichtssinn	чувство баланса
Stromkreis	электрическая цепь
Abschaltung	отключение
Teufelszeug	чертовщина, дрянь
Contessa	графиня
Blutrache	кровная месть
Schrottkiste	развалюха
Schieber	техн. заслонка, шибер; задвижка
Drehzahl	число оборотов
Superidee	супер-идея
Bodenprobe	проба грунта
Pygmäe	пигмей
Fahrstuhlschacht	шахта лифта
Herausgeberin	издатель; редактор (женщина)
Seiteneingang	вход через боковую дверь; боковой вход
Querele	передряга
Kantor	кантор
Hanf	конопля
OP-Saal	мед. операционная
Prozac	прозак
Pute	индейка, индюк
Unehrlichkeit	нечестность
Gerüchteküche	разг. неодобр. очаг сплетен
Propan	пропан
Stubenmädchen	горничная, служанка
Säuferin	неодобр. пьяница (о женщине)
Absperrband	сигнальная оградительная лента
Knackarsch	разг. аппетитная [соблазнительная] попка
Vizegouverneur	вице-губернатор
Flugschule	лётная школа
Gewichtsverlust	потеря в весе; падение веса (человека)
Zellstruktur	клеточная [ячеистая] структура
Besprechungsraum	переговорная, комната для переговоров
Selbstsicherheit	самоуверенность; самонадеянность
Schmuggelware	контрабанда
Jugendgefängnis	тюрьма для несовершеннолетних
Mistding	дрянь, хреновина
Rationierung	нормирование, карточки
Leitstelle	командный пункт; пост управления
Ostfront	восточный фронт (особенно во время Первой и Второй мировых войн)
Schwebezustand	неустойчивое (шаткое) положение (состояние)
Elektroschocker	электрошокер
Darmspiegelung	колоноскопия
Philanthrop	филантроп
Vermarktung	маркетинг
Jugendstrafanstalt	колония для несовершеннолетних
Entschlüsselung	расшифровка
Requiem	религ. заупокойная месса
Samenbank	банк спермы
Bowle	крюшон
Schwindlerin	мошенница
Vogelfutter	птичий корм, птицекорм
edelmütig	благородный, великодушный
Erstickung	удушье, асфиксия
Iridium	иридий
Schneidbrenner	газовый резак
Zeitungsausschnitt	газетная вырезка, вырезка из газеты
Botulismus	ботулизм
Reichsmark	рейхсмарка
Anstecker	горн. помощник маркшейдера
Prätorianer	истор. преторианец
wahrheitsgetreu	правдиво, достоверно
Karabiner	карабин
Stadtpolizei	городская полиция
Wasserpfeife	водяная трубка
Reiterin	наездница
Psychopathin	психопатка
Walhall	Вальхалла
Clinch	клинч
Rektum	прямая кишка
Vorraum	передняя, вестибюль
Verkehrskontrolle	проверка на дороге
Verzichtserklärung	заявление об отказе
Septime	септима
Comanche	Команч
Mambo	мамбо
Walze	техн. каток (машина для разравнивания дороги)
Maisbrot	кукурузный хлеб
fairerweise	справедливости ради
verknoten	завязывать узлом, связываться, запутаться
Hitlerjugend	истор. (сокр. HJ) "гитлеровская молодёжь", гитлерюгенд (молодёжная организация в фашистской Германии)
Schreckschraube	груб. старое пугало (о женщине)
Einzeltäter	одиночка-преступник
Megabyte	мегабайт
Satteltasche	седельная сумка
vorausschicken	посылать вперёд
Gefühlsduselei	слащавость
Kath	Кэт
Vamp	вамп, женщина-вамп
Leichenbestatter	гробовщик
verstehste	понимаешь
davonstehlen	скрываться
überhand	чересчур, через край
erogen	эрогенный
gleichkommen	сравняться
Sehtest	тест на проверку зрения
Rauferei	драка, потасовка
Mannequin	манекенщица
gemeingefährlich	общественно опасный, социально опасный
Gladiole	ботан. гладиолус
nachrechnen	пересчитывать, проверять счёт
lädiert	повреждённый, помятый
Notdienst	дежурная служба
ausbuddeln	выкапывать, вырывать; выковыривать; вскапывать
Dissident	диссидент
Rechtswesen	правовое устройство, правопорядок
Lammkotelett	бараньи отбивные
Hippo	бегемот
derb	крепкий, дюжий
Topmodel	топ-модель
mitdenken	думать вместе (с кем-л.)
Desperado	отчаянный, десперадо
abgeschnitten	отрезанный, отрубленный
zukleben	заклеивать
Dublone	дублон
Luftloch	вентиляционное отверстие, отдушина
Rauschgiftdezernat	отдел по борьбе с продажей наркотиков
Hühnerdieb	куриный вор
Generalleutnant	генерал-лейтенант
Photonentorpedo	фотонная торпеда
Gedächtnisstütze	поддержка памяти
anzahlen	давать задаток, уплачивать
FlaK	зенитка
Schneckchen	улиточка, милашка
Jakobsmuschel	гребешо́к
Troubadour	истор. трубадур
winkeln	сгибать (под углом)
polstern	набивать (волосом, ватой, напр., мебель)
Unsichtbarkeit	невидимость
Todeskandidat	обречённый; смертник
Ankauf	закупка
lumpig	жалкий, паршивый
Drogenschmuggel	контрабанда наркотиков
Forst	лес
dahingehen	идти, шагать
Sonderausgabe	спецвыпуск
astrein	несуковатый
gruppieren	группировать
glasig	стекловидный, стекловатый
Rohypnol	рогипнол
Paintball	пейнтбол
Ladefläche	грузовая платформа
Rohling	заготовка
Morgenübelkeit	утренняя болезнь
Fussel	катышек
Themawechsel	смена темы
zusammenreimen	рифмовать
Gigabyte	гигабайт
Eventualität	возможность, условность
draufhalten	целиться, палить
schreddern	измельчать, шредить
Heimtücke	коварство, вероломство, предательство; скрытая злоба
Furt	брод
aushorchen	выве́дывать, вы́ведать
zunichtemachen	уничтожать; разбивать, разрушать (надежды и т. п.); срывать, расстраивать, перечёркивать (планы)
Leberpastete	печёночный паштет
Frachtflugzeug	грузовой самолёт
Mitwisser	посвящённый во что-л.; соучастник, сообщник, укрыватель
Transe	транс, трансвестит
morbide	не́мощный, нездоро́вый, боле́зненный
Schreiberling	презр. писака
Fernsehkamera	телевизионная камера
Familienstreit	семейный конфликт
Lüstling	сластолюбец
i-Tüpfelchen	изюминка, финальный штрих
einschießen	воен. пристреливать, вести пристрелку; приводить (оружие) к нормальному бою
zusammenkratzen	наскрести
finanziert	финансируемый
Minne	куртуазная любовь
Gangmitglied	член банды
Blasmusik	духовая музыка
Platine	печатная плата
Haarprobe	анализ волос
Pazuzu	Пазузу
Ska	ска
Industriespionage	промышленный шпионаж
Kurskorrektur	коррекция курса
Notunterkunft	нежилое помещение, приспособленное для жилья; временное жилище; временное расположение
anrücken	придвигать, пододвигать; подвозить
Cyanid	хим. цианид
Alkoholspiegel	мед. содержание алкоголя (в крови)
vorstehen	выдаваться вперёд, выступать
Banshee	банши
Pflegevater	приёмный отец
franko	франко
Fremdeinwirkung	внешнее воздействие
Mortadella	мортаделла
Gefangenenaustausch	обмен пленными
Papsttum	папство
reinschreiben	вписать, написать
betrüben	огорчать
abtöten	убивать, уничтожить (бактерии и т. п.)
latent	латентный
Antriebssystem	система привода; система пуска
verlaust	вшивый
hinausschicken	выслать, отправить
Tetanusspritze	прививка от столбняка
meutern	восставать, бунтовать
Niederschrift	ед. ч. записывание; написание; изложение (на бумаге); протоколирование
abringen	вырвать, вырывать, заставить себя
Hitzewallung	прилив (крови при климаксе)
abdriften	отплывать
Primadonna	театр. примадонна
Schausteller	балаганщик, ярмарочник
inhalieren	затягиваться (при курении)
einhauchen	вдыхать
Zitze	сосок
Zuckerstange	брусок сахара-рафинада
Missbildung	мед. уродство; порок развития; деформация
einschmieren	смазывать
bespringen	вскакивать (на что-л.)
klargehen	разг. идти гладко, получаться
Öde	пустынная местность
ausloten	промерять (измерять) лотом (глубину чего-л.)
Gruppentherapie	групповая терапия
zusammenklappen	захлопывать; складывать
zersägen	разрезать, пило́й
Zauberkunst	колдовство, волшебство, магия
Kanonendonner	канонада
Telegraf	телеграф
Fehleinschätzung	просчёт, ошибочная оценка
aufknöpfen	расстёгивать, пристёгивать
umgarnen	пленять
überbraten	врезать, отлупить
distinguiert	изысканный, утончённый
Sachverständige	эксперт
latschen	волочить ноги; шлёпать; шаркать
Flugzeugentführung	угон самолёта
Insiderhandel	инсайдерская торговля
Sauerstoffsättigung	сатурация кислорода
verbauen	схалтурить
Meningitis	менингит
Busenfreund	близкий друг, закадычный друг
radieren	стирать, гравировать
Kanalratte	канализационная крыса
schnaufen	сопеть, пыхтеть, тяжело дышать; храпеть (о животных)
Gutsherr	(крупный) землевладелец
Papiertuch	бумажное полотенце
Meuterer	мятежник
Stiefkind	пасынок
Pappnase	клоун, дурак
Autoritätsperson	авторитет, начальник
Insubordination	неподчинение
Plakatwand	рекламный щит
Kampfeinsatz	боевое применение
Atropin	атропин
Heizungskeller	котельная
Seilrutsche	троллей, канатный спуск
reinstopfen	запихнуть
frivol	фривольный, не совсем пристойный; легкомысленный
Zeitangabe	дата, указание времени
ruchlos	гнусный, подлый; жестокий
Gürtelschnalle	пряжка ремня
schrullig	капризный, своенравный
Gekicher	хихиканье
monogam	моногамный
Spielzeugpistole	игрушечный пистолет
Blutkonserve	донорская кровь
Leuchtkugel	сигнальная ракета
kross	хрустящий
Einzel	одиночный, одиночка
Haarspray	лак для волос
Hotelpage	коридорный
Enthaltung	отказ (от чего-л.), воздержание; довольствование малым, умеренность
Gründervater	отец-основатель
hellseherisch	ясновидческий
Lila	лиловый
Gehirnschaden	повреждение мозга
schicksalhaft	судьбоносный, фатальный
Infanterieregiment	пехотный полк
Einschuss	место попадания пули; попадание (в стрелковом спорте)
Knallfrosch	петарда
ausbalancieren	уравновешивать, приводить в равновесие; сбалансировать (тж. перен.); выбалансировать
okkult	оккультный
Luftwiderstand	сопротивление воздуха
Schweißnaht	сварной шов
Wetteinsatz	ставка
Bevollmächtigte	уполномоченный
Cidre	сидр
Unglücksrabe	разг. неудачник, несчастливец
Halterung	крепление; устройство крепления; держатель; зажим
Schuhabdruck	след обуви
Aushilfsjob	подработка
einschicken	посылать, присылать, засылать
mitleiderregend	жалкий, вызывающий жалость
Rohrbombe	самодельная бомба
Hexenprozess	истор. суд над ведьмами (с средние века)
einscannen	отсканировать
Scharfschützengewehr	снайперская винтовка
Vermisstenmeldung	заявление о пропаже
gamen	играть в игры
Videoaufzeichnung	видеозапись, видеорегистрация
rubbeln	тереть, натирать
Membran	мембрана
Kniff	щипок
Kipper	самосва́л
Trickserei	жульничество
Neuner	разг. (число, цифра, номер) девять, девятка
Autobombe	бомба в автомобиле
angrinsen	хохотать над кем-либо
Emo	эмо
motten	сдать на хранение, законсервировать
herzlichst	сердечно
Schädelbruch	пролом черепа
Flunder	камбала
Jakobit	истор. якобит
Jugendfreund	друг детства
Taucherin	водолазка, ныряльщица
Mocca	мокко
Mamba	мамба
Abwehrmechanismus	защитный механизм
Hopi	хопи
komprimiert	сжатый
bundesstaatlich	федеральный
Rothschild	Ротшильд
Fleischpastete	мясной паштет
fetzig	разг. классный, замечательный
rationalisieren	рационализировать
hundsgemein	отвратительный, мерзкий, подлый
Privatraum	отдельная комната
Schinkensandwich	сэндвич с ветчиной
astrologisch	астрологический
entzündet	воспалённый
abreagieren	дать волю (чувству), освободиться действием (от психологического комплекса)
karibisch	карибский
Schweinebauch	свиная грудинка
kurbeln	вращать (крутить) ручку (рукоятку)
Pornoheft	порножурнал
hochtrabend	уничиж. высокопарный, напыщенный
Wasserwerk	водопроводная (насосная) станция
Fondue	фондю
Frauensache	женское дело
Weiler	деревушка, (небольшая) деревня; хутор
Endorphin	эндорфин
Geschäftsidee	бизнес-идея
Floppy	дискета
Polyester	полиэфир, полиэстер
Einschluss	включение
Chorgesang	пение хором, хоровое пение
dezimieren	истор. казнить каждого десятого
lochen	буравить, просверливать; пробивать отверстия (в чём-л.), перфорировать
Bor	бор
unbescholten	безупречный, незапятнанный, беспорочный
Pastis	пастис
aufschreien	вскрикивать; закричать; взвыть
Ex-Soldat	бывший солдат
Ehrwürden	ваше преподобие
Jahrgangsbester	лучший выпускник
pushen	поддерживать, проталкивать, протежировать (кого-то куда-то)
boomen	процветать; быстро расти (напр о цене)
Torus	тор
lasterhaft	порочный, развратный; развращённый; безнравственный, испорченный; греховный
Gazpacho	гаспачо
Meteoritenschauer	метеоритный дождь
Estragon	эстрагон, тархун
wegfegen	сметать, убирать, сносить, проноситься
Kinderporno	детское порно
zuschnappen	хватать (зубами), кусать (о собаке)
herausstechen	выделяться
boing	бум, бац
scharlachrot	алый
hinabsteigen	спускаться, сходить (вниз); слезать (вниз)
Checker	знаток, чекер
Gehirnchirurg	нейрохирург
Drescher	молотильщик
blitzblank	начищенный (натёртый) до блеска; сверкающий чистотой
Mitläufer	полит. попутчик
Brillanz	блеск, великолепие
Mief	спёртый воздух, вонь
Lebensgefährtin	спутница жизни
Friedensstifter	миротворец
Auflistung	список, перечень
Wildhüter	егерь, лесник, охотничий сторож
Direktheit	откровенность, прямота
Grüppchen	небольшая группа, группка
Biosphäre	биосфера
Raute	ромб, рута
Bandscheibenvorfall	грыжа межпозвоночного диска
Schlammschlacht	игра на размытом поле (после дождя – напр о футболе)
Menschenmögliches	всё возможное
Arbeitsgebiet	область работы, сфера деятельности
entrümpeln	выносить хлам
Kurzsichtigkeit	близорукость
Schuldenberg	разг. гора долгов
Ermunterung	ободрение, поощрение
anknüpfen	основываться, исходить
Gejammere	нытьё
Grippeimpfung	прививка от гриппа
ungeliebt	нелюбимый
Klopapierrolle	рулон туалетной бумаги
Einteilung	подразделение, разделение; распределение; классификация
unleidlich	невыносимый, несносный
Unverfrorenheit	наглость, дерзость
Souffleur	суфлёр
Effektivität	эффективность
Kleiderständer	вешалка (стоячая)
Antiquitätenladen	антикварный магазин
Heidenspaß	адское веселье
Zickzack	зигзаг
Eiseskälte	стужа, леденящий холод
überhitzt	перегретый
Herzinsuffizienz	мед. сердечная недостаточность
Touristenattraktion	достопримечательность
Objektivität	объективность
Verstellung	перестановка
unzulänglich	недостаточно
Nordost	северо-восток, северо-восточный ветер
Tanzlokal	танцзал
Hypophyse	анат. гипофиз, питуитарная железа
Hinfahrt	поездка, путешествие (туда) (к определённому месту)
Lebensgröße	натуральная величина
Heilverfahren	метод (способ) лечения, лечебный метод
umwickeln	перематывать
Rauchwolke	облако дыма
zigmal	сто раз, многократно
einprägsam	запоминающийся
Spielverderberin	зануда, портящая веселье
schlottern	дрожать
Liebkosung	ласкание, ласка
Volksvertreter	представитель народа; депутат
Silberhochzeit	серебряная свадьба
Parallelwelt	параллельный мир
allerhöchstens	в самом крайнем случае
mitverantwortlich	разделяющий ответственность с кем-л.
Kräftemessen	состязание сил
Croc	крокс, крокодил
Löwenanteil	львиная доля
Wartesaal	зал ожидания (для пасажиров)
Unikum	уникум, единственный (в своём роде)
Wunderlampe	волшебная лампа
Sitzfleisch	усидчивость
Haartrockner	фен для сушки волос
Selbstliebe	любовь к себе
trippeln	семенить
Blockhaus	сруб
herausfallen	выпадать (наружу)
Wettkämpfer	спорт. участник соревнований
entgegensehen	ожидать, смотреть вперёд
Massenhysterie	массовая истерия
Eigenbrötler	одиночка; оригинал
Liebreiz	миловидность, привлекательность, прелесть, обворожительность, очарование, обаяние
Lichtschwert	световой меч
Brotdose	контейнер для бутербродов, тормозок
Lulatsch	разг. ein langer ~ верзила, дылда, каланча; долговязый малый
Riesenhunger	зверский голод
verschlampen	разг. запустить, развалить (дело)
Schuldzuweisung	юр. обвинение
Türrahmen	дверная обвязка, обвязка (филенчатой двери)
kanarisch	канарский
Reifenpanne	спущенное колесо
überallher	отовсюду
Eignung	способность (zu D к чему-л.); пригодность; качество, необходимое для какой-л. профессии
Nesthäkchen	младшенький, любимчик
Männerkleidung	мужская одежда
groggy	измотанный, никакой
Unantastbarkeit	неприкосновенность
unbefristet	бессрочный
sturzbesoffen	вдрызг пьяный
Ziesel	суслик
Bienenkorb	улей
bildhaft	картинный, образный, наглядный
Mokassin	мокасин
Besäufnis	пьянка, попойка
Flüsschen	речка
mitverfolgen	следить, отслеживать
Hoheitsgebiet	государственная территория, территория суверенного государства
Ausnüchterungszelle	вытрезвитель
Hochgenuss	наслаждение, лакомство
umherstreifen	бродить, бродяжничать
Putzlappen	тряпка для уборки
verkrachen	разг. обанкротиться, прогореть
Krustentier	ракообразное
Säuger	млекопитающее
Privatisierung	Приватизация
Gegenrichtung	обратное (встречное) направление
suhlen	охотн. валяться (ворочаться) в грязи (в луже) (о кабанах)
Rufzeichen	позывные, позывной сигнал
Kunstlehrerin	учительница рисования
Überquerung	пересечение дорог
Gleichstellung	уравнивание, уравнение
Weiterreise	продолжение путешествия, дальнейший путь
Schranktür	дверь шкафа
ankleben	приклеивать, приклеиваться
Petersdom	Собор Святого Петра
Selbstmordgedanke	мысль о самоубийстве
Kutschfahrt	поездка на карете
abgeschlagen	разбитый, измотанный
Regierungssitz	резиденция правительства
federleicht	лёгкий как перышко
Seemannsgarn	матросская байка, рассказывание небылиц
Tilgung	устранение; уничтожение; выброс (в корректуре)
Wehrpflicht	воинская повинность
Ohrenentzündung	мед. воспаление уха, отит
aufbrezeln	приукрашивать, подавать товар лицом, показывать наиболее выгодные стороны
Fundstelle	место находки, бюро находок
repressiv	репрессивный, подавляющий; мешающий
Tautropfen	капля росы
Fallrückzieher	удар через себя (в футболе)
Kellertür	подвальная дверь
Quellcode	Исходный код
Kleinwagen	малолитражный автомобиль
Sparkasse	сберегательная касса
Aasfresser	стервятник
Masterarbeit	магистерская работа
Umtausch	обмен, мена
Schneekugel	снежный шар
Rigel	Ригель
Pfirsichblüte	цветок персика
Platzanweiser	билетёр, капельдинер
Blindekuh	жмурки
Tierhaltung	содержание животных
Musterbeispiel	показательный пример, образец
Floskel	пустая фраза, общее место
Vollbremsung	экстренное торможение
Swahili	суахили
Wolfsrudel	волчья стая
Phon	фон (единица громкости)
Kalkstein	известняк
behütet	оберегаемый, защищённый
Rollstuhlfahrer	инвалид-колясочник
verwünschen	проклинать
Pumpernickel	гастрон. пумперникель (род тяжёлого, тёмного, долго выпекаемого немецкого хлеба)
Wolldecke	шерстяное одеяло
Stagnation	застой, стагнация
Todgeweihter	обречённый на смерть
entkoffeiniert	без кофеина
Gedenkstätte	памятник
erhitzt	разгорячённый, возбуждённый
fruchten	приносить плоды, плодоносить
kostümieren	костюмировать; наряжать, переодевать
Selbsthilfe	самопомощь; самооборона
frohgemut	бодрый, весёлый
unangefochten	непревзойдённый, неоспоримый
Antisemit	антисемит
millionenfach	многомиллионный, в миллион раз
grölen	орать, горланить
unbewiesen	бездоказательный
Rollmops	рольмопс; маринованная селёдка, свёрнутая кольцом
Utensil	принадлежность
Graphen	графен
aristokratisch	аристократический; аристократичный
Gewehrkugel	пуля
sagenumwoben	легендарный, овеянный легендами
Maßanzug	костюм на заказ
ungedeckt	незакрытый, непокрытый; ненакрытый (тж. об обеденном столе)
freiräumen	расчищать, освобождать
Ulmer	ульмский
Spanne	промежуток, отрезок
Inkubator	инкубатор
Schießbefehl	приказ открыть стрельбу
Hauptteil	основная часть
Weltraumstation	космическая станция
Großhandel	оптовая торговля
Sumpfgebiet	болотистая местность
Steinschleuder	рогатка
rührselig	сентиментальный
Bergkamm	гребень (горный)
Offiziersclub	офицерский клуб
Befall	инфекция, заражение
Sitzungssaal	зал заседаний
nachhaken	разг. перебивать вопросами
Waffenschrank	оружейный шкаф
Aufnahmegerät	звукозаписывающая аппаратура
Midlife-Crisis	кризис среднего возраста
Klatschspalte	колонка сплетен
Trübsinn	уныние, меланхолия, хандра
Sonnenbank	солярий
aufmotzen	разг. принарядить, приукрасить
Reisezeit	сезон путешествий, туристский сезон
Wahlkreis	избирательный округ
Privatsammlung	частная коллекция
Friseurladen	парикмахерская
verplanen	допустить ошибку в планировании
promoten	продвигать, раскручивать
Frauenabend	девичник
Flugverbotszone	бесполётная зона
Verhafteter	арестованный, задержанный
US-Soldat	американский солдат
Würdigung	признание
Autovermietung	аренда автомобиля
unhygienisch	антисанитарный, негигиеничный
Nasenoperation	операция на носу, ринопластика
Rinnsal	ручеёк; водосток; русло; канавка, борозда (промытая дождём)
Eindämmungsfeld	сдерживающее поле
Checkliste	контрольный список
vogelfrei	вне закона; отверженный
Kaleidoskop	калейдоскоп
Hypnotiseur	гипнотизёр
Eispickel	ледоруб
Schekel	сикль, шекель
Mundwasser	полоскание для рта
Naturalien	натура (оплата товаром)
Quäntchen	капелька, чуточка
Welttournee	мировое турне
Jagdhütte	охотничий домик
Strafgericht	уголовный суд
Langfinger	разг. вор, воришка
Hantel	гантель, штанга
Stimulierung	стимулирование
Drehkreuz	турнике́т
Öffner	ключ для откупоривания бутылок; консервный нож
Blindflug	полёт вслепую
unbewohnbar	не пригодный для жилья, нежилой
Eisenhütte	металлургический завод
Stadthaus	ратуша; дом городского совета
Abweisung	отказ
Schnellverfahren	ускоренное разбирательство
topfit	в отличной форме
Fotomodell	фотомодель
tiefgefrieren	замораживать
Reißwolf	щипальная машина; разрыхлительный волчок
Schmuckkästchen	шкатулка для украшений
Imperialist	империалист
Schriftsatz	полигр. набор
Filmpremiere	премьера фильма
Außenhaut	техн. наружный покров, наружная плёнка (корка)
Krankheitserreger	возбудитель болезни
Grenzschutz	охрана границ
Beulenpest	бубонная чума
Hundehalsband	собачий ошейник
hautnah	мед. расположенный непосредственно под кожей
Deaktivierung	деактивация
Seemeile	морская миля
Untergrundbewegung	подпольное движение
Fleischeslust	плотское желание
Landgang	морск. увольнение на берег
Müllschlucker	мусоропровод
Blutlache	лужа крови
Testamentsvollstrecker	юр. душеприказчик; исполнитель завещания, исполнитель последней воли (по завещанию)
Augenmerk	цель
Ärmchen	ручонка
Milchbubi	разг. молокосос, сопляк, маменькин сынок
Klafter	клафтер, маховая сажень (мера длины)
Pomade	помада (для волос)
Trittbrettfahrer	подражатель, примазавшийся
Schießplatz	полигон, стрельбище
Leutchen	люди, народец
Überleitung	переход, связка
Werbetrommel	реклама, шумиха
Plastiksack	пластиковый мешок
Nationalversammlung	национальное собрание (название законодательных и иных представительных органов)
Gemischtwarenladen	магазин смешанных товаров (небольшой магазин с широким ассортиментом, напр., "товары повседневного спроса")
Kampfrichter	судья (в спорте)
Trennwand	перегородка
Routineuntersuchung	очередное обследование, очередной осмотр
Malzbier	солодовое пиво
Eileiter	яйцевод
Subkultur	субкультура
verletzbar	уязвимый; обидчивый
Anhängsel	привесок, придаток
Kampfszene	сцена драки
potthässlich	страшно уродливый
Snuff-Film	снафф-фильм
Holzboden	лесная почва
Badlands	бэдлендс, пустоши
Basketballplatz	баскетбольная площадка
Geldtransport	инкассация
Felsvorsprung	выступ скалы
freizügig	имеющий право свободного передвижения и повсеместного проживания, пользующийся правом свободного передвижения
Soundcheck	саундчек
Bezirksgefängnis	окружная тюрьма
Flugzeugwrack	обломки самолёта
Gerenne	беготня, суматоха
lossagen	von D отказываться, отрекаться (от чего-л., от кого-л.)
Bariton	баритон
aktenkundig	зафиксированный в деле
Hochseil	канат (для канатоходца, натянутый на большой высоте)
Trainingsprogramm	программа тренировки
reinwürgen	запихивать, впихивать в себя
Abgleich	сравнение, сопоставление, коррекция, выравнивание, балансировка
Startplatz	спорт. старт, место старта
Patrouillenschiff	патрульный корабль
Versorger	кормилец
Plattenvertrag	контракт с звукозаписывающей компанией
Endrunde	спорт. решающий этап (соревнований)
Besucherin	посетительница; гость, гостья
Busticket	билет на автобус
Suchaktion	розыск, поиски
Fingerchen	пальчик
Paravent	ширма
Venezianer	венецианец
Feuermelder	пожарный датчик
Totenfeier	три́зна
Schulkamerad	школьный товарищ
Hosenbund	пояс брюк
Glasperle	стеклянная бусина
schreckhaft	пугливый
Beurlaubung	отпуск, отстранение
Grafiker	художник-график
Panzerung	бронирование
abtransportieren	отправлять, отгружать; увозить
Würgegriff	удушающий приём, удушение
dahinsiechen	чахнуть, угасать
Bringer	податель
Kriegstanz	танец войны
Tonstudio	студия звукозаписи
kampfunfähig	небоеспособный
Mitverschwörer	соучастник заговора
steuerbord	морск. правый борт
Konzerthaus	концертный зал (здание)
Echtzeit	реальное время
bombensicher	бомбоустойчивый, непробиваемый бомбами (и тяжёлыми снарядами)
Kurzurlaub	краткосрочный отпуск
Verführerin	соблазнительница, совратительница, обольстительница
Scherge	приспешник, палач
Patientenverfügung	завещание о лечении
unbeherrscht	несдержанный
Riesenparty	грандиозная вечеринка
Dienstwagen	ж.-д. служебный вагон
Goldschatz	золотой клад
Titelkampf	чемпионат, первенство
klumpig	комковатый, в комках, свернувшийся в комья
Pinkel	писюн; фифа
Silo	силос
Treppenabsatz	лестничная площадка
Atomschlag	ядерный удар
swingen	играть свинг
Jugendzentrum	молодёжный центр
behämmern	обрабатывать молотом, стучать (ударять) молотом (по чему-л.)
Kaffeeklatsch	сплетня, сплетни
Brandmal	клеймо, ожог
Garderobiere	костюмерша
Herzbeutel	околосердечная сумка, перикард
Warenlager	(товарный) склад
Luftröhrenschnitt	трахеотомия
Sicherheitsabteilung	отдел безопасности
Landurlaub	увольнение на берег
Minnesänger	миннезингер
Tagesgeschäft	сделка (торговая операция), подлежащая исполнению в течение трёх дней
Wonneproppen	шутл. карапуз, пузан (об упитанном ребёнке)
Schwarzpulver	порох
getötet	убитый
Abschussliste	список на устранение
Zielfernrohr	воен. оптический прицел; визирная трубка
Läuterung	очистка; очищение
Eisfischen	подлёдная рыбалка
Keuschheitsgelübde	обет целомудрия
Hausflur	сени; передняя, прихожая; площадка этажа
Brandbeschleuniger	зажигательная смесь
hussen	рег. (бав., австр.) травить (зверя)
materialisieren	книжн. материализовать, материализовывать
Hirnstamm	анат. мозговой ствол
behandelbar	поддающийся лечению, излечимый
Infizierung	инфицирование, заражение
Patriarchat	патриархат
Freiwild	лёгкая добыча
Wirtskörper	организм-носитель
Herzchirurg	кардиохирург
Harnröhre	мочеиспускательный канал, уретра
Zwangsneurose	невроз навязчивых состояний
Meistbietender	тот, кто предложил больше всех
Zivilistin	гражданская (не военная)
Ministrant	служка, министрант
Initiationsritus	обряд посвящения
Taxameter	таксометр
Untiefe	геогр. отмель
Menschenjagd	охота на людей
Kaltfront	метеорол. холодный фронт
Mentorin	наставница
Politbüro	Политбюро
Teleprompter	телесуфлёр
Kitzler	клитор
Reisegeld	деньги на дорогу
Kennzeichnung	обозначение
zurückschalten	переключаться назад
Wilderei	браконьерство
Silberdollar	серебряный доллар
Tobak	табак
Hummus	хумус
Riesenloch	огромная дыра
Arschkarte	спорт. красная карточка
Blondchen	блондиночка
Weihnachtsbeleuchtung	рождественская иллюминация
Ausbildungslager	тренировочный лагерь
Verlobungsgeschenk	подарок на помолвку
Touristenklasse	туристский класс (на морском и воздушном транспорте самые дешёвые места)
Bewacher	охранник, сторож
Glibber	слизь
Scherbe	черепок, осколок
Sexspielzeug	сексуальная игрушка
ausfallend	грубый, резкий
Landluft	деревенский воздух
Heilkunst	врачевание
Edikt	эдикт
Heilanstalt	лечебное учреждение (заведение); лечебница
Jachthafen	яхтенная гавань
Schlafrock	домашний халат, шлафрок
hinscheiden	умереть, скончаться
Weggang	уход, отбытие
Hassverbrechen	преступление на почве ненависти, преступление ненависти
strafversetzen	перевести в наказание
Tauchgang	процесс погружения и всплытия наверх
Sportsgeist	спортивный дух
Dienstweg	юр. официальный канал, служебный канал
Begonie	бегония
Sklavenmarkt	невольничий рынок
panzern	обшивать бронёй, бронировать
Kundenliste	список клиентов
Zauberhand	волшебная рука
Arzthelferin	фельдшерица
Mumu	разг. киска (женский половой орган), вульва
Glutamat	глутамат
Pfarrei	приход, епархия
Hitparade	хит-парад
Tusch	туш
Schutzheiliger	святой покровитель
Ermittlerin	следовательница
Heimflug	вылет (полёт) (на самолёте) домой (на родину)
unchristlich	нехристианский; не подобающий христианину
reinnehmen	впустить, забрать внутрь
Diktiergerät	диктофон; магнитофон (для записи и воспроизведения речи)
Surrealist	искусств. сюрреалист
Beretta	беретта
Wasserkraftwerk	гидроэлектростанция
abkommandieren	откомандировать, направлять
Brotkasten	хлебница
Lieblingssong	любимая песня
Nüchternheit	трезвость
Knilch	злючка, обижака
Ratespiel	викторина
Merlot	мерло
Lateiner	латинист
ausknocken	спорт. нокаутировать
Weltausstellung	всемирная выставка
Anabolikum	анаболик
Flugsicherung	обеспечение (безопасности) полётов; управление воздушным движением; служба управления воздушным движением; авиадиспетчерская служба
Strafverfahren	юр. производство по уголовному делу
Isolationshaft	одиночное заключение
Zirkusleute	цирковые артисты
Augenschmaus	шутл. загляденье, красивое/великолепное зрелище
Sechster	шестой
Forschungslabor	научно-исследовательская лаборатория
zurückpfeifen	дать отбой, отменить (что-л.)
Sündenpfuhl	очаг разврата
Steinsalz	каменная соль
Normalbürger	обычный гражданин
Knochenbrecher	костолом
Offenlegung	раскрытие, разглашение
Straßenköter	бездомная собака
Erzbistum	архиепархия
Schattenwolf	ужасный волк
Schuldeingeständnis	признание вины
Bärin	медведица
Achillesferse	Ахиллесова пята
Elternabend	родительское собрание
Marktforschung	изучение рынка
Atomangriff	атомное нападение
Diözese	епархия
Kunstprojekt	художественный проект
Scheißtür	чёртова дверь
Ödnis	пустошь, глушь
Südländer	южанин
unausgeglichen	неуравновешенный; невыдержанный
Sportreporter	спортивный репортёр
Wahlkampagne	предвыборная кампания
vorspulen	перематывать вперёд
Kardinalskollegium	коллегия кардиналов
Alterungsprozess	процесс старения
Kommandantin	комендантша
Kampfhandlung	боевое действие
Folterkammer	камера пыток
Gesöff	груб. бурда, пойло
abgebrochen	прерванный, сломанный
Wintergarten	зимний сад
Lehrkrankenhaus	базовая больница, клиника (медицинского учебного заведения)
Innenbahn	внутренняя дорожка
Außenseiterin	аутсайдерша
Prepaidhandy	телефон с предоплатой
Schlagabtausch	спорт. обмен ударами (в боксе)
Gitarrenkoffer	гитарный кофр
Strippenzieher	кукловод, серый кардинал
Weißeiche	белый дуб
Zelot	фанатик, зелот
Sittenpolizei	полиция нравов
Entscheidungskampf	решительный бой (тж. перен.)
Tagesmarsch	воен. суточный переход; дневной марш
Knickerbocker	бриджи, гольфы
Implosion	лингв. имплозия
Spinnerin	прядильщица; пряха
Truchsess	сенешаль
grüezi	привет (швейц.)
Sexualverbrechen	юр. половое преступление
Subtilität	нежность, тонкость; утончённость; изящество; хитроумность
Westflügel	западное крыло
Spezialrezept	особый рецепт
Mystiker	мистик
Sportsmann	спортсмен
Spektralanalyse	cпектральный анализ
Batteriesäure	аккумуляторная кислота
Zeremonienmeister	церемониймейстер
Fremdkörper	инородное тело; примесь, постороннее вещество; механическая примесь (напр., в смазочном масле)
Kastration	кастрация, оскопление
Hutschachtel	шляпная картонка
small	маленький
Bordcomputer	бортовой компьютер
Jauche	с.-х. навозная жижа, жидкое навозное удобрение; фекальная жидкость
Bootsunfall	несчастный случай на лодке
Stehvermögen	спорт. выносливость
Snuff	снафф
Grappa	граппа
Taxifahren	езда на такси
Buckelwal	горбач, длиннорукий кит
Damenunterwäsche	женское бельё
Verwaltungsrat	совет директоров
Geleitschutz	авиац. сопровождение истребителями, конвоирование
Shylock	Шейлок
Schlitzer	потрошитель
Kamikaze	камикадзе
Zirkusdirektor	директор цирка
Barke	барка
Zwischenstation	подстанция
Sodomie	скотоложество, скотоложство
Kunststudentin	студентка-художница
Kriegsmaschine	военная машина (совокупность брошенных на войну сил и средств)
Baronesse	баронесса
Lachgas	веселящий газ
Poliklinik	поликлиника
Pulsschlag	биение пульса, пульсация, пульс
Gyroskop	гироскоп
Whisker	ус (вибрисса)
Rauchvergiftung	отравление дымом
Müsliriegel	батончик мюсли
Südost	юго-восток, юго-восточный ветер
Sportnachricht	спортивная информация
Ratatouille	рататуй
Geschreie	крик, вопли
IT-Abteilung	ИТ-отдел
Einsatzkraft	лицо, находящееся на задании
Blutspritzer	брызги крови
Jura-Studium	изучение права
Kommunikationssatellit	спутник связи
Ersthelfer	первый помощник (на месте ЧП)
Geldmittel	денежные средства; денежный фонд
Ölplattform	нефтяная платформа
Bewaffnung	вооруже́ние
Verkleinerung	уменьшение
Soma	сома
Büttel	служка, пристав
Ambiente	обстановка, атмосфера, окружение
Kleie	отруби
Eisenwaren	собир. железные (скобяные) изделия
Ratsversammlung	городской совет, городской совет депутатов, муниципальное собрание
Blutgeld	кровавые деньги
Geta	гэта
Platzwunde	рваная рана
Plättchen	пластинка
Hexenjäger	"охотник за ведьмами"
Schummler	жулик, мошенник
Rückverfolgung	отслеживание
Hundsfott	негодяй, сволочь
Kniebeugen	приседания
Preisrichter	судья (на конкурсе)
Wasserkopf	мед. водянка головного мозга, гидроцефалия
Schwertfisch	рыба-меч
Störsender	глушилка
Sozialleistung	социальное обеспечение
Kampflinie	воен. боевая линия (рубеж)
Tide	прилив и отлив
Kaffeekränzchen	посиделки, кофейный кружок
Rechnungsprüfer	ревизор, проверяющий бухгалтерскую отчётность
Kampfspur	следы борьбы
Hafenarbeiter	портовый рабочий, докер
Verschleierung	маскировка; завуалирование, сокрытие
Hergang	дорога, путь (сюда)
Budgetkürzung	сокращение бюджета
Funkverkehr	радиосвязь
Privatklinik	частная клиника
Körperkontakt	телесный контакт
Kurzatmigkeit	одышка, учащённое дыхание; удушье; астма
Messalina	Мессалина
Silberstreif	проблеск надежды
Terrorakt	террористический акт, теракт
Hausbesetzer	домовладелец
Hochofen	доменная печь
Vollzug	ж.-д. полносоставный поезд
Regler	регулятор; стабилизатор
Stride	шаг, поступь
Nachbeben	афтершок
Obsidian	обсидиан
Affentheater	балаган, цирк
Schlussszene	финальная сцена
Heißsporn	горячая голова
Schmarrn	чепуха, ерунда
Simulant	симулянт
Berufsverbot	запрет на профессию
Skinhead	скинхед
Schellfisch	пикша
Schmaus	устар. или шутл. вкусная, обильная пища; пир, пиршество, (праздничное) угощение; праздничный ужин [обед]
Privatdetektivin	частная детективша
beritten	верхом, конный
fahrbereit	готовый к поездке
biochemisch	биохимический
Damenwahl	белый танец
Gesellschafterin	компаньонка, партнёрша
einarmig	однорукий
Ermächtigung	полномочие
Reseda	резеда
Großaufnahme	крупный план
Erfrierung	обморожение
entriegeln	отодвигать задвижку
rückständig	отсталый
schnöde	презренный, оскорбительный
summieren	складывать
Dörrfleisch	сушёное мясо, вяленое мясо
abgrasen	объедать траву (на лугу)
Bläser	духовик
Mithäftling	сокамерник
Kaufpreis	цена
Steuerschuld	задолженность по уплате налогов
Signalhorn	сигнальный рог; сигнальный горн
visualisieren	визуализировать
vermindert	уменьшенный, пониженный
Holzschnitt	гравюра на дереве, ксилографическое клише
bespucken	плевать (на что-л.), оплёвывать (что-л.)
Aye-Aye	ай-ай (лемур)
Grazioso	грациозо
Ölquelle	нефтяной источник, нефтяная скважина
Drohanruf	угрожающий звонок
Mondflug	полёт на Луну
Presseleute	пресса, журналисты
Postmeister	начальник почтового отделения
Hochzeitseinladung	приглашение на свадьбу
wegfallen	отпадать, не состояться; отменяться, упраздняться
Lackaffe	пижон, франт
Kriegsspiel	военная игра
resolut	решительный, энергичный
Schädlingsbekämpfung	борьба с вредителями
Bruchstelle	место излома, излом
feministisch	феминистский
Lieblingspatient	любимый пациент
zehnfach	десятикратный
Offiziersmesse	офицерская кают-компания
Klopfzeichen	перестукивание (сигнал)
Kuhglocke	бубенчик, колокольчик (на шее коровы)
debil	дебильный
faltig	мятый, морщинистый
festschnallen	пристегнуть
Haarspange	заколка для волос
Galeone	галеон
Freiberufler	фрилансер
erstürmen	воен. брать (взять, овладевать) штурмом (приступом), штурмовать, захватывать
Matrone	матрона
Schote	стручок
Verformung	деформация
Rachegefühl	чувство мести
ankratzen	поцарапать, поскоблить
Geheimgesellschaft	тайное общество
Kabbala	Каббала
wachrütteln	растолкать (спящего), разбудить
triangulieren	триангулировать
unidentifizierbar	неопознаваемый
Wasseranschluss	подключение воды
Herzklappe	сердечный клапан
pochiert	пашот
Capa	Капа
einscheißen	обосраться
ausdünnen	с.-х. прореживать; удалять лишние побеги (плодовых деревьев)
Monstrosität	чудовищность; безобразность
Bodega	бодега, винный погребок
exorzieren	изгонять, заклинать
Entführungsfall	дело о похищении
Samthandschuh	бархатная перчатка
Reichsmarschall	рейхсмаршал (самый высший чин в вооружённых силах фашистской Германии)
Selbsterhaltung	самосохранение
Computergenie	компьютерный гений
Kleinkriminelle	мелкий преступник
Ärzteteam	команда врачей
tuten	трубить
Liebesspiel	любовная игра
Eisbrecher	ледокол
entstellt	искажённый, извращённый
Hickory	гикори, кария
Lieblingsgeschichte	любимая история
eingesperrt	запертый, посаженный
Nanna	нянька, бабушка
O-Saft	апельсиновый сок
Replik	ответ, возражение; реплика
Gefangenentransport	перевозка (транспорт) пленных
Calvados	кальвадос
Hintermann	идущий (стоящий, сидящий) позади
Nixe	мифол. никса, русалка
Wahljahr	год выборов (напр., в парламент)
Überraschungsgast	неожиданный гость (напр телешоу, радиоэфира)
identifizierbar	идентифицируемый
umspannen	перепрягать, трансформировать
unbeschädigt	неповреждённый, невредимый
Sturmgewehr	автомат
Langstrecke	长дистанция, дальняя дистанция
verhaftet	арестованный
SS-Offizier	офицер СС
erbaulich	назидательный, поучительный
Dekorateur	декоратор
Ballkleid	бальное платье; вечерний туалет
Knasti	зэк, заключённый
Darjeeling	дарджилинг
Scone	скон, булочка
Naturell	натура, характер, нрав
stationär	стационарный, неподвижный, постоянный
bocken	брыкаться, вставать на дыбы; артачиться, упрямиться
Nachbrenner	форсаж, дожигатель
Metallplatte	металлическая пластина
wegzerren	оттаскивать
unberührbar	неприкосновенный
fachmännisch	специальный (об образовании, о навыках); профессиональный; компетентный
Strommast	опора ЛЭП, столб
schlagend	меткий, убедительный
Jubelruf	возглас ликования
beschlagnahmt	конфискован, изъят
altbewährt	испытанный, (издавна) зарекомендовавший себя
Obergruppenführer	обер-группенфюрер (генерал-полковник войск СС в фашистской Германии)
Efendi	эфенди
Todesschwadron	эскадрон смерти
Knastbruder	сокамерник
Sore	жарг. краденое имущество
Boxenstopp	пит-стоп
Asi	быдло, гопник
antäuschen	финтить, обманным движением
Doppelname	двойная фамилия; двойное имя
forcieren	форсировать, ускорять
hochspringen	вскакивать, напрыгивать, запрыгивать, прыгать в высоту
Lobeshymne	славословие
Ortskenntnis	знакомство с местностью, знание местности
Selbstmordkommando	отряд смертников
Whistleblower	разоблачитель, информатор
überfüllen	переполнять
elektrostatisch	электростатический
Landstreicherin	бродяжка, бездомная
abkauen	обгладывать; пережёвывать
Chemiebaukasten	набор юного химика
einreiten	объезжать под верх, выезжать (лошадь)
Geigenmusik	скрипичная музыка
Eiersalat	яичный салат
Shifu	шифу, учитель
Kopfstoß	удар головой
bestbezahlt	самый высокооплачиваемый
Vendetta	кровная месть
Wandmalerei	настенная живопись, фрески
Gesprächsfetzen	обрывки разговора
rätseln	гадать; теряться в догадках
Erinnerungsstück	сувенир, памятный подарок, подарок на память
Spielgeld	игрушечные деньги
Stierkämpfer	матадор, тореадор
Korsar	корсар, пират
Walfang	китобойный промысел
Öhi	дедушка (в горах)
Pips	пипс, очко
Kapellmeister	капельме́йстер
Zaza	заза
Geröll	скатанные обломки пород (валуны, булыжники, галька)
Liesch	камыш
Schafhirte	чабан, пастух
Sicherheitskarte	карта доступа
Machtstruktur	структура власти
absterben	умирать
vernetzt	связанный, объединённый в сеть
reinsetzen	усадить, посадить
Lagebesprechung	обсуждение (сложившегося) положения
Byte	байт
Geschäftsfreund	деловой партнёр
Yamashita	Ямасита
Freiwurf	штрафной бросок (баскетбол, ручной мяч)
Filius	сынок, отпрыск
Baske	баск
Banause	невежда, обыватель
Tauchstation	погружение, залечь на дно
Kuppler	сводник
Ohnmachtsanfall	обморок
Büroraum	рабочее помещение, офис
Hasenohr	володушка
reinrassig	породистый
Machtposition	властная позиция
Sauerstoffmaske	кислородная маска
Schnellboot	быстроходный катер
psychosomatisch	психосоматический
Ochsenfrosch	лягушка-бык
Topas	топаз
aufgebläht	раздутый, вздутый
Investmentgesellschaft	инвестиционная компания
Lunchpaket	ланч-бокс, сухой паёк
einkalkulieren	включать в калькуляцию; засчитывать; зачислять
Laudanum	лауданум
Geschlechtsakt	половой акт
zurückverwandeln	превращать [преобразовывать] в прежнее состояние
entthronen	свергнуть с престола, низложить
Rank	интрига, козни
Schlangenmensch	человек-змея
Punjabi	панджаби
enteignen	лишать собственности, экспроприировать, отчуждать
Wasserrohr	водопроводная труба
Toleranzgrenze	граница (поля) допуска
Privatgemach	личные покои
verhasst	ненавистный, презренный, презираемый
Nummernkonto	номерной счёт
Rechtsmedizin	судебная медицина
sechsmonatig	шестимесячный
Schlappohr	шутл. вислоухий (о зайце, собаке)
Gottvertrauen	упование на Бога
Sturmbannführer	штурмбаннфюрер
Abwehrsystem	система обороны
festbeißen	вгрызаться, вцепляться
zurückkönnen	иметь возможность вернуться
Privatzimmer	отдельная палата, личная комната
Fairplay	честная игра
Spann	подъём (ноги)
Sauhund	сволочь, скотина
Brennstab	физ. топливный стержень
Negermusik	негритянская (джазовая) музыка
Erziehungsberechtigter	опекун, законный представитель
rumballern	палить, стрелять почём зря
gleichtun	es j-m gleichtun — подражать кому-л.
Schnuckel	милашка, лапочка
Lorbeerblatt	лавровый лист
gesperrt	заблокирован, закрыт
Sardar	сардар
Hühnerknochen	куриная кость
vorschicken	посылать вперёд
Yuppie	яппи
subversiv	разрушающий; низвергающийся
Katzenpisse	кошачья моча
hochkarätig	крупный (о драгоценном камне)
gehörnt	рогоносец
Ahn	предок, родоначальник, дед, дедушка
Dollarschein	долларовая купюра
Ger	метательное копьё (у древних германцев)
Bestsellerliste	список бестселлеров
Verhaltensänderung	поведенческое изменение, изменение поведения
Lemur	лемур
errungen	завоёванный, достигнутый
Ticktack	тик-так
Wildpferd	дикая лошадь
Tamale	тамале
Sekundenkleber	суперклей
Glaubensfrage	вопрос веры
Sammelalbum	общий альбом (для фотографий, почтовых марок, открыток)
Seelöwe	морской лев, сивуч
angaffen	атаковать, глазеть, уставиться
Gekreische	визг, пронзительные крики
Vierjähriger	четырёхлетний
Bussard	канюк, сарыч
Virologe	вирусолог
austicken	разг. свихнуться
Karrierefrau	карьеристка
Überwachungsfoto	снимок с камеры наблюдения
Vicomte	истор. виконт
Blutfehde	истор. кровная вражда, кровная месть
Sicherheitsfrage	контрольный вопрос
Jogginghose	спортивные штаны, треники
Stepptanz	чечётка
Polaroid	полароид
Chronos	Хронос
lax	вялый, слабый; ненатянутый; расслабленный
Schaltplan	схема соединений (напр., электрических)
Filmstudio	киностудия
Gorgo	горгона
Sklavenhalter	рабовладелец
Nihilist	нигилист
neunjährig	девятилетний
ausgefeilt	продуманный, отточенный
Antiterroreinheit	антитеррористическое подразделение
verwickelt	замешан, впутан
Reservist	резерви́ст
tektonisch	тектонический
besiegt	побеждён
verstohlen	украдкой, тайком
Walgesang	пение китов
unerklärbar	необъяснимый
schnittig	элегантный, стремительный
wegzaubern	убрать как по волшебству
überreif	перезрелый, переспелый
buhlen	устар., поэт. миловаться, ласкаться, любезничать (с кем-л.)
Daumenabdruck	отпечаток большого пальца
liebäugeln	любезничать, кокетничать, переглядываться с кем-л.
Pellet	пеллеты
waffenfähig	способный носить оружие
arteriell	анат. артериальный
Jacquard	жаккард
Bleifuß	тяжёлая нога (лихач)
Ladendieb	магазинный вор
vorgefertigt	готовый, сборный
Telefonanschluss	телефонная линия
Schulbank	школьная скамья
Geldadel	денежная знать
Befehlsverweigerung	отказ от исполнения приказа, невыполнение приказа; неповиновение приказу
Lebenslust	жизнелюбие
Handhabung	обращение (с чем-л.); владение, пользование, управление (чем-л.); орудование, манипулирование (чем-л.)
Sprengkörper	взрывное устройство
Listenpreis	прейскурантная цена
schuldbewusst	виноватый
lausen	искать вшей (у кого-л.)
zweitälteste	второй по старшинству
Aschenbrödel	Золушка
Friedensabkommen	мирный договор, мирное соглашение
Fischladen	рыбный магазин
Straßenrennen	уличные гонки
Funktionsweise	принцип работы; принцип действия
weichherzig	мягкосердечный
Friedensbewegung	движение в защиту мира
Restaurantkritiker	ресторанный критик
Schnäpschen	шнапсик
Erkennungszeichen	отличительный признак
Traumtänzer	мечтатель (о человеке, далёком от реальной жизни)
Liebesdinge	любовные дела
Schilderung	описание, изображение; характеристика
spiralförmig	спиралевидный, спиралеобразный, спиральный
Minütchen	минутка
Maori	маори
bestürzen	поражать, ошеломлять, озадачивать, смущать
Themenpark	тематический парк
Hilfsgut	гуманитарная помощь
Nachrichtenagentur	информационное агентство, агентство новостей
Takelage	такелаж; снасти (судна)
Chemikerin	химик (о женщине)
Versenkung	потопление (судна)
seelenruhig	невозмутимый; безучастный; безмятежный
Papierkrieg	бумажная волокита
Betreiber	оператор
Reibach	жарг. выгодное дельце
zugegebenermaßen	по общему признанию
Terpentin	скипида́р
Reiswein	рисовое вино, саке (японский алкогольный напиток из риса)
inbrünstig	усердный, ревностный; пылкий, страстный
Schufterei	разг. тяжёлый (непосильный) труд; каторга
Tombola	лотерея, томбола
Bauholz	строевой лес (лесоматериал)
Rationalität	рациональность
korpulent	тучный, полный
Mauseloch	мышиная нора (норка)
Tuchfühlung	близкий контакт, вплотную
Fahrschule	автошкола
zaghaft	робкий, боязливый; трусливый
unverletzlich	неприкосновенный, нерушимый, неотъемлемый (о праве, законе и т. п.)
Gartenhaus	беседка; (садовый) павильон
höchstselbst	собственной персоной
Rohrbruch	разрыв трубы, повреждение трубы
Sanftheit	мягкость
letzthin	недавно, на днях
fleischgeworden	воплощённый
Geringschätzung	презрение
Köfferchen	чемоданчик
popeln	груб. ковырять в носу
Machogehabe	мачизм, понты
Mehrwert	прибавочная стоимость
Musikunterricht	преподавание музыки; урок(и) музыки
Golfspiel	игра в гольф
Seeluft	морской воздух
Rückspiel	ответная встреча, матч-реванш
Durchblutung	кровоснабжение
Kriegsgott	бог войны, Марс
Amtmann	чиновник, управляющий
Abschiedsfeier	прощальная вечеринка
Zivilfahnder	оперативник в штатском
Rinderfarm	скотоводческое ранчо
hervorkommen	проявляться, выступать наружу; прорезываться (о зубах)
Kleidchen	платьице, одежонка
Rundfahrt	экскурсия (напр., по городу); турне
patzig	дерзкий, наглый, бесстыжий, надменный
Vietnam-Krieg	война во Вьетнаме
Schulfreundin	школьная подруга
Schnüffelei	слежка, вынюхивание
Zwergstern	карликовая звезда
unabkömmlich	незаменимый
Rettungsplan	план спасения
gleichstellen	равнять, ставить наравне (на одну доску), сравнивать, уравнивать (кого-л., что-л. с кем-л., с чем-л.)
Balustrade	балюстрада
Pik	пики, пик
Adoptivvater	усыновитель
Magengrube	анат. подложечная ямка (впадина)
Hochzeitsgast	гость на свадьбе
Zäpfchen	анат. язычок
Schwimmflügel	нарукавники
stinkwütend	взбешённый
Philharmonie	филармония
Hochdruck	высокое давление
Lustgarten	декоративный парк (сад)
Anklagebank	скамья́ подсуди́мых
Rechtschreibprüfung	проверка правописания
verringert	уменьшен, сокращён
Wettessen	состязание в еде
Komposthaufen	компостная куча
Rebellin	бунтарка, мятежница
poliert	отполированный
Stotterer	заика
Privatadresse	домашний адрес
Friedenszeit	мирное время
durchplanen	планировать через
Straßenschild	табличка с названием улицы
Morsecode	азбука Морзе
Hellebarde	алебарда
Odem	дыхание, дух
Edelmut	великодушие
vertilgen	истреблять
gezwungenermaßen	поневоле
Quäker	квакер
Kinderstuhl	детский стул
Halswirbelsäule	шейный отдел позвоночника
losbrechen	отламывать, начинаться
Arbeitgeberin	работодательница
Sport-BH	спортивный бюстгальтер
Landpartie	загородная прогулка
Dreiecksbeziehung	шведская семья
Entenjagd	утиная охота
Hauptspeise	главное (мясное) блюдо (в меню)
Betriebsleiter	заведующий производством; технический директор
Verschlechterung	ухудшение
Dreißiger	тридцатые, тридцатилетний
Bauweise	способ возведения, метод строительства
Wunschzettel	список желаний
löchrig	дырявый, продырявленный
Narkosemittel	наркоз, анестетик
umhüllt	окутанный, обёрнутый
Traualtar	алтарь
Scheit	полено
Fotomontage	фотомонтаж
Routinesache	рутинное дело
weiteressen	продолжать есть
auffindbar	обнаруживаемый, находимый
Gutshof	усадьба имения
Verdauungssystem	пищеварительная система
feststehend	установленный, твёрдый
Staatsmacht	государственная власть
Kärtchen	карточка
Übermittlung	передача; пересылка
Zierrat	украшение
Schlösschen	замок, дворец
Rechtsmittel	кассационная жалоба, апелляция (как средство пересмотра не вступившего в силу постановления)
Hoteldirektor	директор отеля
riesenhaft	гигантский, исполинский
Steigbügel	стремя, стремечко
Übernachtungsmöglichkeit	возможность (пере)ночевать (остановиться на ночлег)
Schränkchen	шкафчик
bestaunen	смотреть с удивлением (на кого-л., на что-л.), дивиться (кому-л., чему-л.); любоваться (чем-л.)
Menschenhand	рука человека
Bazar	базар
gegründet	основан
Lichthupe	световой сигнал (подаваемый фарами автомобиля)
Frührente	досрочная пенсия
fußen	базироваться, основываться
Apfelstrudel	яблочный штрудель
Höhlenbewohner	пещерный человек, троглодит
Trümmerhaufen	куча обломков
nachteilig	невыгодно
aufbürden	взваливать
zuschnüren	зашнуровывать; затягивать
Schärpe	лента, кушак
Aristokratin	аристократка
aufbauend	конструктивный, созидательный
Fastnacht	карнавал
Machtverhältnis	соотношение сил
Nahverkehr	местное (пригородное) сообщение; перевозки на малые расстояния
Erfinderin	изобретательница
Weinverkostung	дегустация вина
Festlegung	установление, определение
milchig	молочный
Mäzen	меценат
Pflücke	сбор, урожай
Amtseinführung	введение в должность
Schlachtung	убой, забой
Sirenengesang	пение сирен
Gutdünken	усмотрение
Selbstverständnis	самопонимание, самовосприятие, представление о себе, самоидентификация
schauspielerisch	актёрский, артистический
Blutuntersuchung	исследование крови
Affenarsch	обезьянья задница
Ahorn	клён
Eigenständigkeit	самостоятельность
Bredouille	дилемма, затруднительное положение
obsolet	устаревший
ungerührt	хладнокровный, спокойный, невозмутимый; равнодушный
verplappern	разг. проболтать попусту (какое-л. время)
Laborkittel	лабораторный халат
straucheln	спотыкаться
Angebeteter	возлюбленный, обожаемый
Ankerplatz	якорная стоянка; рейд
Vogelbad	купальня для птиц
Unversehrtheit	невредимость, целость, целостность; неприкосновенность (границ, имущества)
paradoxerweise	парадоксально
ungesichert	незащищённый, без покрытия
Milchmädchen	молочница (только по отношению к девушкам, иначе см. Milchfrau)
Trugschluss	обманчивое заключение
Benzol	бензол
Hundeblick	преданный взгляд
Finanzmarkt	финансовый рынок
Standbein	опорная нога (напр., у гимнаста, скульптуры)
Monatslohn	месячная заработная плата
Bärenfell	медвежья шкура
Außenministerin	министр иностранных дел (ж)
Chancengleichheit	равные возможности; равенство возможностей
Zahnarztpraxis	стоматология, приёмный кабинет (стоматолога)
Saxofon	саксофон
Phönizier	Финикийцы
dämmen	гидрол. запруживать
vergüten	возмеща́ть
Wasserstoffperoxid	пероксид водорода
Schubkarren	тачка, тележка
auszehren	истощать, изнурять
Ausweisung	высылка; выдворение (из пределов государства)
gruseln	(в конструкциях с es) пугать
Pfennigfuchser	разг. скряга, крохобор; копеечник
Zwangsräumung	принудительное выселение
Brüstung	парапет
Rüde	кобель
Querschnitt	поперечный разрез
herrschsüchtig	властный, деспотичный
Ohrloch	ушное слуховое отверстие
Vesta	Веста
Scheißwetter	мерзкая погода
Furchtlosigkeit	бесстрашие, безбоязненность, неустрашимость
Motorradrennen	мотогонки
Exhibitionismus	сексол. эксгибиционизм
Strichcode	штрихкод
Wiedergabe	исполнение (напр., произведения); передача (содержания); перевод (чего-л. на другой язык); воспроизведение
Apothekerin	аптекарша
Uneinigkeit	несогласие, разногласие; разлад, размолвка; ссора
Dermatologie	дерматология
Achtklässler	восьмиклассник
Wasserpumpe	водяной насос
Aloe	алоэ
Schleudersitz	катапультируемое сиденье
Festsaal	банкетный зал
Extremsport	экстремальный спорт
Kurznachricht	короткое сообщение
Neuwahl	переизбрание, перевыборы
Schnittlauch	лук скорода, лук резанец
Westwind	западный ветер
Konferenzsaal	конференц-зал
Erbsenzähler	разг. скупец, скряга; крохобор, мелочный человек
Unterernährung	недоедание
Stirnrunzeln	наморщивание лба
Grundschullehrerin	учительница начальных классов
Heimatsprache	родной язык
Fachidiot	узкий специалист, ограниченный专家
Aufdeckung	вскрытие, раскрытие, обнаружение
Ingenieurwesen	инженерное дело
Paprikaschote	стручок паприки
Schelte	нагоняй, взбучка
Puritaner	пуританин
Katechismus	катехизис
Zögling	питомец, питомица, воспитанник, воспитанница
ausbüxen	разг. пускаться наутек
pornografisch	порнографический
achtjährig	восьмилетний
gekennzeichnet	помеченный, обозначенный
sacken	насыпать (ссыпать; вкладывать) в мешок (в мешки); набивать мешок (чем-л.)
Operette	оперетта
parodieren	пародировать, спародировать
Mulch	мульча
Spielgefährte	товарищ по играм
formbar	пластичный, способный принимать ту или иную форму; формующийся
Klappstuhl	складной стул
Tennisarm	теннисный локоть
siebzehnmal	семнадцать раз
Völkerball	игра в мяч
Krill	криль
gefleckt	в пятнах, пятнистый; пёстрый; в крапинку, крапчатый; рябой (разг.)
Pferdeapfel	разг. конский навоз, экскременты лошади
Karobube	бубновый валет
Netzstrumpf	сетчатый чулок
wölben	округляться, изгибаться, возвышаться
Boa	боа
Kanonenfutter	пу́шечное мя́со
Organist	органист
Klassifizierung	классификация
vorlügen	лгать; соврать, наврать (что-л. кому-л.)
sticheln	уколоть
Aufwendung	мн. ч. затраты, издержки, расходы; ассигнования, отпущенные средства
unausgesprochen	unausgesprochener Sinn — подтекст
ächten	истор. объявлять вне закона; подвергать опале; изгонять
fächeln	обмахивать веером
frühreif	скороспелый
Schiffbrüchiger	человек, потерпевший кораблекрушение
Speerspitze	остриё, авангард
Plombe	пломба
kurvenreich	извилистый (напр., о дороге)
Grapefruitsaft	грейпфрутовый сок
verstellbar	переставляемый, передвижной, перемещаемый (тж. тех.)
einölen	смазывать маслом (растительным или минеральным)
aufrührerisch	бунтовской, подстрекательский, крамольный
Partygast	гость вечеринки
sumpfig	болотистый, топкий
tüfteln	заниматься кропотливой работой
stattfindend	происходящий, проводимый
einhändig	однорукий
antisemitisch	антисемитский
Sudoku	судоку
Richtigstellung	исправление, уточнение; поправка
filmisch	кино-
Jahrtausendwende	рубеж тысячелетий
dazwischenfunken	вмешаться, помешать
aktualisiert	обновлён
schnalzen	щелкать пальцами
Ratenzahlung	уплата в рассрочку, уплата отдельными взносами
Martinshorn	сирена, мигалка
weiterverkaufen	перепродавать
Bauernmarkt	фермерский рынок
Zuweisung	направление, назначение (на работу); распределение
Raumfahrzeug	косм. космический корабль; космический аппарат
saugfähig	впитывающий
geistern	бродить как призрак
Einerlei	однообразие
uniformiert	в форме, обмундированный
verarmt	обнищавший
Campingausrüstung	снаряжение для кемпинга
kybernetisch	кибернетический
gewerblich	промышленный; промысловый; ремесленный
Passagierflugzeug	пассажирский самолёт
aufstöbern	разыскивать, откапывать
prophetisch	пророческий
Orientierungspunkt	ориентир
Zielgruppe	целевая группа, аудитория
gurgeln	полоскать горло
selbstredend	конечно
Sonate	соната
davonschleichen	улизнуть, ускользнуть
Gehaltsabrechnung	расчёт, начисление заработной платы
anspruchslos	невзыскательный, нетребовательный, скромный; не имеющий претензий, непритязательный, неприхотливый
brennbar	воспламеняющийся, огнеопасный
vitaminreich	богатый витаминами, содержащий много витаминов, витаминозный
Großwild	крупная дичь
Königtum	королевство
marode	разг. утомлённый, усталый, изнурённый, измученный, разбитый; неспособный двигаться дальше
Biochemiker	биохимик
gekünstelt	искусственный, наигранный
vorschießen	авансировать, выбегать, ринуться, устремляться
Großherzog	истор. великий герцог
Glimmer	слабый свет, мерцание
Einzeller	одноклеточное
Anbeter	поклонник, обожатель
Senke	депрессия
mürbe	мягкий, нежный (о мясе, жарком и т. п.)
Ausguss	слив
Teufelsbraten	сорванец, чертяка
Aufwiegelung	подстрекательство (к бунту, неповиновению)
niedermähen	с.-х. скашивать
Kakerlak	энтомол. таракан
erregbar	возбудимый, раздражительный
Überlebenswille	воля к жизни
Unhold	чудовище, урод
Lund	орнитол. тупик
weiterfliegen	продолжать полёт
Schließer	техн. замыкатель
Kartengeber	сдающий карты
Schabbes	шаббат
Kassettenrecorder	кассетный магнитофон
Poststempel	почтовый штамп
Riesensprung	огромный скачок
nid	не (диал.)
Familienähnlichkeit	семейное (фамильное) сходство
Gigahertz	физ. гигагерц
verschmoren	кулин. переварить; пережарить
Extraportion	дополнительная порция
Kunsthandwerk	художественное ремесло
Erzherzog	эрцгерцог
Anstifter	подстрекатель, зачинщик
Königinmutter	королева-мать
Stadtgrenze	граница города
dawai	давай
Altersvorsorge	пенсионное страхование
Gewinnzahl	выигрышный номер
Ku-Klux-Klan	Ку-клукс-клан
Presseerklärung	заявление для прессы
Zerschlagung	разрушение, уничтожение, крах
Büfett	буфет, фуршет, шведский стол
Stutzer	щеголь, франт, пижон, денди
Innenohr	анат. внутреннее ухо
Führungszeugnis	свидетельство о поведении
Schalttafel	щит управления, пульт
Kronrat	коронный совет
gentechnisch	основанный на генной инженерии
Semtex	семтекс
Willkommensparty	вечеринка-новоселье
blutbefleckt	залитый кровью
Tagschicht	дневная смена (на предприятии)
Unmoral	безнра́вственность
Durchzug	сквозняк
Heizdecke	электроодеяло, электрическое одеяло
Werbefilm	рекламный фильм
Militärlager	военный лагерь
Hadschi	хаджи
mitschicken	посылать вместе (одновременно) с чем-л.
Kurbel	рукоятка, кривошип
transportfähig	транспортабельный
Pizzabäcker	пиццайоло, пекарь пиццы
zionistisch	сионистский
Imbissstand	закусочный киоск
Zeitungskiosk	газетный киоск
Landwirtschaftsministerium	министерство сельского хозяйства
Klemmbrett	планшет с зажимом
Kriminologie	криминология
desweiteren	кроме того, далее
Rausschmiss	разг. увольнение
Cowgirl	ковгёрл
Kriegerkaste	каста воинов
Spaghettifresser	макаронник
Wohltätigkeitsball	благотворительный бал
Entnahme	изъятие
herumhüpfen	попрыгать
Reaktivierung	повторное приведение в действие
Fernstudium	заочное обучение
Feinkostladen	деликатесный магазин
Auffrischung	освежение, повторение
Siegeszug	победное шествие, триумфальное шествие
Filmcrew	съёмочная группа
Wissensstand	уровень знаний
Konfrontationskurs	курс на конфронтацию
Fußballen	подушечка стопы
Computerfirma	компьютерная фирма
Einmarsch	вступление (войск)
Attaché	атташе
Bombenattentat	бомбовая атака
Stadtgebiet	территория города
Gesichtsoperation	пластическая операция
Hirntod	смерть мозга
Hirnrinde	кора головного мозга
Schmöker	книжка, чтиво
Nachhilfestunde	занятие с репетитором
Marter	мука, мучение, пытка
Priesterseminar	духовная семинария
Erzdiözese	архиепископство (в католической церкви)
Vestalin	Весталки
Südküste	южное побережье, южный берег
Abtransport	отправка, отгрузка
Sackratte	груб. мандавошка; лобковая вошь
Garçon	гарсо́н
Sechzig	шестьдесят
Palladium	палладий
Soutane	сутана
Schlaukopf	разг. хитрец
Zentralkomitee	центральный комитет
Imbissbude	закусочная, ларёк
Vollblut	чистокровка
Ballbesitz	спорт. владение мячом
Brennerei	винокуренный (спирто-водочный) завод
Absetzung	смещение, отстранение
Wochenblatt	еженедельник
Abschirmung	защита, прикрытие, ограждение; экранирование
Christenheit	христианский мир
Schlagbolzen	боек; ударник
Dresche	молотьба
Nachtlicht	ночник
Schwimmflosse	ласт, плавник
zulächeln	улыбаться (кому-л.)
Zeta	дзета (буква греческого алфавита)
Mittelgewicht	средний вес (борьба, тяжёлая атлетика); второй средний вес (бокс)
Streichung	поглаживание (тж. приём массажа)
Kommunikationsgerät	устройство сопряжения человека с машиной
Lichtmaschine	альтернатор
Gangschaltung	переключение передач
Spontaneität	самопроизвольность, спонтанность; стихийность
Eisscholle	льдина, глыба
Abzocke	обдираловка, грабёж
Hospiz	хоспис
Fluchtfahrzeug	транспортное средство, используемое для побега
Routinekontrolle	рутинная проверка
Berufskrankheit	профессиональное заболевание
Charade	шарада
Schulbeginn	начало учебного года
Überbrückung	наводка (постройка) моста
Telegrafenamt	телеграф
Ferienjob	работа на время каникул
Brautführer	шафер, дружка
Gummizelle	палата с мягкими стенами
Drecksvieh	скотина, тварь
Kleister	клейстер
Folterer	палач, мучитель
Priesterweihe	рукоположение
Schanklizenz	лицензия на продажу алкоголя
Räumung	чистка, уборка
nervenaufreibend	изматывающий, нервотрёпный
Verleih	прокат (напр., фильма)
Kaninchenbau	кроличья нора
Abwassersystem	канализация
schussbereit	готовый к выстрелу [стрельбе]
Giftmörder	отравитель
Polizeihauptquartier	полицейское управление
Käseblatt	грязный бульварный листок
Tanzwettbewerb	танцевальный конкурс
Hühnerbein	куриная ножка
Cree	кри
Planwagen	фургон
Farmarbeit	работа на ферме
Treibstofflager	топливный склад
Autotelefon	автомобильный телефон
Getreuer	верный соратник
Genetiker	генетик
Hüfthalter	пояс, грация
Missis	миссис
Maismehl	кукурузная мука
untadelig	безупречный, безукоризненный
Pesto	песто
wegoperieren	удалить (операцией)
Ölgeschäft	нефтяной бизнес
Busstation	автобусная станция
Vorführer	демонстратор
zerstechen	исколоть; искусать (о насекомых)
Dolchstoß	удар кинжалом
Prachtexemplar	великолепный экземпляр
verdichten	сгущать; уплотнять; конденсировать
Erziehungsanstalt	исправительное учреждение
Aufwiegler	подстрекатель, смутьян
vorzeichnen	показывать, как рисовать (что-л. кому-л.); нарисовать для образца (что-л. кому-л.)
Kinderzeit	детство
hörig	истор. крепостной; зависимый
Raki	раки
Musikbox	автомат для проигрывания грампластинок (в кафе и т. п.)
Enterhaken	абордажный крюк
Trockendock	сухой док
Tarnvorrichtung	маскировочное устройство
Bahnlinie	железнодорожная линия
Bauerntrampel	деревенщина, дерёвня, рагуль
modulieren	модулировать
unschicklich	неподобающий, неприличный, непристойный (напр., о поведении)
Schwanzlutscherin	минетчица, членососка
Privatsekretär	личный секретарь
Kilotonne	килотонна
apart	отдельно, своеобразный
Schwarzhandel	нелегальная (незаконная) торговля; спекуляция; торговля на чёрном рынке
Totgeburt	мертворождение
Plastikspielzeug	пластиковая игрушка
Siegesfeier	празднование победы
Ultraschallbild	снимок УЗИ
Sklavenschiff	невольничий корабль
Superschurke	суперзлодей
Schlipsträger	клерк, офисный работник
Vorratsraum	помещение для склада; провиант-камера (на судне)
Drogenkrieg	война с наркотиками
Fluchtrisiko	риск побега
Schulsprecher	представитель школьного актива, председатель школьного совета, спикер школьного совета
Überfüllung	переполненность
Märchenfigur	сказочный персонаж
Atemluft	вдыхаемый воздух, выдыхаемый воздух
Rückversicherung	перестрахование
Schreibtischjob	кабинетная работа
Pieks	укол
Emporkömmling	выходец из низов; карьерист; выскочка
Verfilmung	экранизация
Himmelbett	кровать с балдахином (с пологом)
Hilfskellner	помощник официанта
einhämmern	вдалбливать, твердить, талдычить, забивать
Destille	перегонный куб
Familienanwalt	семейный адвокат
Wams	камзол; (ватная) куртка, фуфайка; безрукавка
austauschbar	заменимый; взаимозаменяемый; сменный
Fürsprecherin	заступница, защитница
vorsagen	подсказывать
Tischordnung	порядок рассадки (гостей) за столом
Froschmann	аквалангист
Munitionszug	взвод боепитания
Hochzeitsvorbereitung	подготовка к свадьбе
Urintest	анализ мочи
Fitzelchen	кусочек, чуточка
Kanüle	канюля
Vasektomie	вазэктомия
Benzingeld	деньги на бензин
Suchmeldung	розыск, ориентировка
doppelläufig	двуствольный, двухствольный
Schlagkraft	сила удара; ударная сила (войск)
Wanst	брюхо
Schwinger	боковой удар, свингер
Briefkopf	фирменный бланк
Langzeitfolge	отдалённые последствия
Nachlassverwalter	管理 душеприказчик
Satellitenfoto	спутниковый снимок
Versiegelung	запечатывание; опечатывание (напр., описанных вещей при обыске и т. п.)
Geschäftsplan	бизнес-план
schniefen	всхлипывать, сопеть
Beschlagnahme	конфискация, арест имущества
zerkauen	разжёвывать, перекусывать, искусать
Präsentkorb	подарочная корзинка (б. ч. с деликатесами)
Sozialdienst	социальная служба
Grundversorgung	первичная медицинская помощь
Konglomerat	конгломерат
Wettrüsten	гонка вооружений
Plaudertasche	болтун, болтушка
verwachsen	срастаться (тж. перен.)
Frühstücksfernsehen	утреннее телевидение
abdreschen	вымолачивать; заканчивать молотьбу
rabiat	грубый, свирепый
untersucht	обследованный, изученный
Aufmarsch	демонстрация, (торжественное) массовое выступление; парад; (торжественное) построение
Schizophrener	шизофреник
Elektrozaun	электроизгородь, электропастух
durchschütteln	встряхивать; взбалтывать
Handstreich	удар рукой
Industriegebiet	промышленный (индустриальный) район; промышленная (индустриальная) область
Schambein	лобковая кость
Hauswirt	владелец (хозяин) дома, домохозяин
Sterbehilfe	эвтаназия
Stalkerin	преследовательница
Einstichstelle	место укола
Plazenta	плацента
Verzweiflungstat	отчаянный поступок, поступок, совершённый в отчаянии
Majo	майонез
vorstellig	bei j-m vorstellig werden — сделать представление кому-л.
Machtwechsel	смена власти
Brandbombe	зажигательная бомба
wegschütten	выливать, выплёскивать
Selbstdarstellung	самоизображение, самопрезентация
Mathestunde	урок математики
Suspensorium	суспензорий, бандаж
Verkabelung	система кабелей
Wischmopp	швабра
Drogenring	наркосеть
Handlungsspielraum	свобода действий (маневра)
Schiffsarzt	судовой врач
Leibarzt	личный врач; лейб-медик
Arrondissement	округ, район
unaufhaltbar	неудержимый (напр., о потоке, наступлении); безудержный (напр., о рыдании)
Widerruf	опровержение (собственных утверждений)
Bärtchen	бородка; усики
durchgucken	разг. просматривать (что-л. насквозь)
bekackt	паршивый, хреновый
Amoklauf	перен. одержимость, неистовство, безумие
Kaka	кака
weggelaufen	сбежавший, убежавший
bombastisch	высокопарный, напыщенный; раздутый
Lenkung	рулевое управление
Miesmacher	нытик, скептик, критикан, придира
Geldfälscher	фальшивомонетчик
Bop	боп
Muskelmann	качок, силач
nachlegen	добавлять, прибавлять, подкладывать (напр., дрова в огонь)
Handelsschule	торговая школа, торговое училище
Lieblingswaffe	любимое оружие
Steilhang	крутой берег; обрыв
Zartgefühl	чуткость, деликатность, такт
Kommandantur	комендатура
Kriminalfall	уголовное дело
Entwicklungsphase	фаза развития (организма)
zwangsversteigern	продать с торгов
Druckverband	мед. давящая повязка
Abstoßung	отторжение
Hauptbühne	основная сцена, главная сцена
Splittergruppe	мелкая (отколовшаяся) группировка
Gedenkgottesdienst	поминальная служба
Grabstelle	место погребения
ungesühnt	высок. неотомщенный, ненаказанный; неискупленный (о вине)
Geldwäscher	лицо, занимающееся отмыванием денег
Amygdala	миндалина
preschen	рег. (н.-нем.) мчаться, бежать; торопиться, спешить
Masseurin	массажистка
draufstehen	стоять на чём-то
Gefängnisarzt	тюремный врач
Besichtigungstour	обзорная экскурсия
Seuchenschutz	борьба с эпидемией
Handhabe	основание, зацепка
Prämisse	посылка, предпосылка, предположение, условие (необходимое для достижения цели)
Rattenfänger	крысолов
Zehnfaches	десятикратное
Piratenschatz	пиратский клад
Neugestaltung	перестройка, переустройство; преобразование; реформа, реорганизация; переделка; новое оформление
Stromquelle	источник тока
Laufschuh	беговая кроссовка
Polizeikraft	полицейские силы
Hockeyschläger	хоккейная клюшка
Einflussnahme	влияние, воздействие
Feinschliff	доводка, шлифовка
Kontoinhaber	бухг. владелец (личного) счёта
Zapfhahn	кран (пивной)
vorgreifen	опережать, превосходить (кого-л. в чём-л.)
Audiodatei	аудиофайл
Pressesprecherin	пресс-секретарь
verjubeln	разг. прокутить, промотать, растранжирить (деньги); разбазаривать
Endzone	зачётная зона
Lesereise	литературное турне
Kriegsbeginn	начало войны
Aussetzung	высаживание (растений); выпуск (мальков); выгрузка, высадка (людей с судна); спуск (на воду) (шлюпок); выставление (напоказ, для продажи)
würdelos	недостойный; лишённый достоинства; унизительный
Zephyr	Зефир
autark	автаркический (экономически независимый от ввоза - б. ч. стратегического сырья)
Zwerchfell	диафрагма
aufgekratzt	возбуждённый, взбудораженный
Temporallappen	анат. височная доля
Scharmützel	перестрелка, стычка
Abschleppdienst	буксировочная служба; служба эвакуации аварийных машин (судов)
Nachttopf	ночной горшок
Blechtrommel	жестяной барабан
Kochschule	поварская школа
Heimatfront	внутренний фронт
patschnass	промокший насквозь
Familiengruft	фамильный (родовой) склеп
Hauptaktionär	главный акционер
Zuschauerzahl	число зрителей
Computerdatei	компьютерный файл
Spezialanfertigung	специальное исполнение
Aufwind	восходящий ветер (воздушный поток)
Erstschlag	первый удар
Sägemühle	лесопилка
Privatwirtschaft	частное (частновладельческое) хозяйство
Heizer	истопник, кочегар
Verlobungsparty	помолвочная вечеринка
Widerstandsbewegung	движение сопротивления
Blankoscheck	карт-бланш
Hinterhand	вторая рука (игрок)
linsen	разг. глазеть
Anwaltschaft	адвокатура
Schlaufe	петля
Drachme	драхма
Bäuchlein	животик
Blockierung	блокировка, блокирование
Ledersitz	кожаное сиденье
Sabbatjahr	творческий отпуск
Supersturm	супершторм
Dröhnung	жарг. наркотическое опьянение
Haferschleim	овсяный кисель, овсяный отвар
katatonisch	мед. кататонический
Deckenventilator	потолочный (электро)вентилятор
Naseweis	крайне любопытный
Arzttasche	врачебный саквояж
Bedürftigkeit	нуждаемость
Narzissmus	нарциссизм
Oralsex	сексол. оральный секс
penibel	скрупулёзный
Zuständiger	ответственный
Maschendraht	проволока для сеток
Kriegsbeute	военные трофеи
Alkoholtest	тест на алкоголь
dargestellt	изображённый, представленный
Staffelei	мольберт
Einberufung	призыв
Beamtenbeleidigung	юр. оскорбление представителя власти, оскорбление должностного лица (специальный состав преступления в немецком праве)
Löwenbaby	львёнок
Schüreisen	кочерга
Schühchen	башмачок
Tael	таэль
Alabaster	алебастр
Spürnase	нюх, ищейка
Stola	стола (женское одеяние в древнем Риме)
Wirtschafterin	экономка
Lastenaufzug	грузовой лифт, грузовой подъёмник, грузоподъёмник
juchhe	ура
Nubier	нубиец
handgearbeitet	ручной работы
Kronzeugin	свидетельница обвинения
Sakrileg	святотатство
Vierer	четвёрка
Puffmutter	бандерша
stämmig	коренастый
Spielproblem	игровая зависимость
Widerständler	участник сопротивления
Toningenieur	звукорежиссёр
Mieterin	квартирантка, съёмщица
Steuerfahndung	вскрытие (обнаружение) случаев нарушения налогового законодательства
Erstausstrahlung	премьерный показ (фильма, сериала), премьера
Kacker	засранец
Körperfett	жир тела
Verzweifelter	отчаявшийся
Auslaufmodell	модель (товара), снятая с производства
abspeisen	отделаться, отмахнуться
Streicheleinheit	разг. шутл. похвала
Mäppchen	пенал
Irrglauben	заблуждение
Hausordnung	правила внутреннего распорядка; режим (в санатории и т. п.)
Hausdurchsuchung	обыск
Hollandaise	голландский соус
Fahrradkurier	велокурьер
Triage	сортировка (раненых)
Kunstliebhaber	любитель искусства
Frevler	нечестивец, грешник
Herzogtum	герцогство
widerhallen	отзываться; отражаться (о звуке)
Hedgefonds	хедж-фонд
Dienstagmorgen	утро вторника
Notendurchschnitt	средний балл
Serenade	серенада
ergiebig	плодородный (о почве)
Nadelstich	укол иголкой
Riesenscheiße	полное дерьмо
Hausbar	домашний бар (шкафчик с винами)
Schandmaul	злой язык; клеветник
Fischfutter	корм для рыбы
nachtrauern	оплакивать (кого-л., что-л.), горевать (о ком-л., о чём-л.)
Menschenkenner	знаток людей
Steißbein	копчик
Haarnetz	сетка для волос
Fiedel	скрипка
Geniestreich	гениальная находка, гениальный ход, блестящая идея (неожиданное и остроумное решение)
treffsicher	меткий, точный, верный
mitlaufen	бежать вместе с кем-л.; бежать за другими
Almanach	альманах
Harpunier	гарпунщик, гарпунёр
ausstehend	незавершённый, ожидающий
Nordstaatler	северянин
Seeungeheuer	мифол. морское чудовище
Gesamtbetrag	общая сумма, итог, итого
Rasseln	лязгать, звенеть, звонить
Schädelfraktur	перелом черепа
erfragen	(рас)спрашивать, справляться, осведомляться, (раз)узнавать (о чём-л.)
Sterberate	уровень смертности
Pilgerreise	паломничество
Zeitstempel	штемпель времени (поступления писем)
Glaskasten	стеклянный ящик
fehlinterpretieren	ошибочно интерпретировать
Geheimnummer	кодовое число, секретное число
Tross	свита, обоз
Wunderwerk	чудо (искусства, техники)
Tubus	тубус, трубка
Klappbett	складная кровать
Testresultat	результат теста
Aktivistin	активистка
Hinterhältigkeit	скрытность
Rachedurst	жажда мести (мщения)
Vernehmungsraum	комната для допросов
manisch-depressiv	психиатр. маниакально-депрессивный
Autokolonne	автоколонна
Ziegelei	кирпичный завод
Entrückung	отрешённость, погружённость в свои мысли, погружение в свои мысли, отрешение
Sechstklässler	шестиклассник
ätsch	так тебе и надо
Absacker	посошок
bewegungsunfähig	неподвижный; лишенный подвижности (маневренности)
Begleichung	уравнивание
erzen	металлический
Exhumierung	эксгумация
Mittagszug	полуденный поезд
Jugendhaft	лишение свободы с содержанием в колонии для малолетних правонарушителей
Führungsrolle	направляющий ролик
Kalifat	истор. халифат
Plauderstündchen	болтовня, посиделки
Landungsschiff	десантный корабль
Flammenmeer	море огня
herausquetschen	выдавить, вытянуть
Datenspeicher	накопитель данных
Teeblatt	чайный лист
Trauerkloß	разг. унылая личность, зануда
Hitliste	хит-парад
scheißkalt	до усрачки холодный
Großbank	крупный банк
Schneck	улитка, малыш
Omama	бабуля
Bergstamm	горное племя
Kampfarena	боевая арена
Höhenmesser	высотомер
Molekularstruktur	молекулярная структура
Empanada	эмпанада
Flugmeile	бонусная миля
Teufelsanbeter	сатанист
Abschlussparty	выпускная вечеринка
Hühnerbrust	куриная грудка
Sensibelchen	неженка
Zivilperson	гражданское лицо
Melasse	меласса, кормовая патока
Hunderennen	собачьи бега
Geflügelsalat	салат из птицы
Sonderanfertigung	изделие на заказ
Wortwechsel	спор, пререкания, препирательство
Lockenstab	плойка, электрощипцы для завивки волос
Atemfrequenz	частота дыхания
Hexenschuss	прострел, люмбаго
Brandeisen	клеймо
Küchenabfall	пищевые отходы
Nichtskönner	(человек) ничего не умеющий делать; профан; бездарность
Tonleiter	муз. гамма
Pflaumensaft	сливовый сок
Monteur	монтёр
Schürhaken	кочерга
Reederei	судоходная компания
Messerwerfen	метание ножей
Sklaventreiber	рабовладелец, надсмотрщик
Rohmaterial	сырьё
Vertrauensperson	доверенное лицо
Wundheilung	заживление раны
Oberstaatsanwalt	прокурор земли, старший прокурор ( ФРГ)
Mumpitz	чепуха, вздор
Untermensch	истор., уничиж. недочеловек, представитель низшей расы, неариец
Fet	жир
Primärziel	первостепенная цель, основная цель
Standartenführer	штандартенфюрер (полковник войск СС в фашистской Германии)
Sadistin	садистка
Gottlosigkeit	безбожие
Bohnenfresser	бобоед (мексиканец)
Sicherheitsüberprüfung	проверка безопасности
Berufssoldat	кадровый солдат (военный)
Bodenpersonal	наземный персонал
Raubmord	убийство с целью ограбления
Beherrscher	властелин, повелитель
Waldläufer	зоол. фифи
Drachenblut	драконья кровь
Bernhardiner	сенбернар
Sorbet	шербет
Babysprache	детский лепет
Einkäufer	закупщик
Kindermörder	детоубийца
Kurzwelle	короткая волна
Diakon	дьякон, дьяк
Polkappe	полярная (ледяная) шапка
Absaugung	вытяжка, откачивание, отсасывание, отсос
Generalkonsul	генеральный консул
Nasenbär	носуха, коати
Fernsehansprache	выступление (речь) по телевидению
Amyloidose	амилоидоз
Spaßbremse	кайфолом, брюзга, душнила
Mucki	мускул, бицепс
Gefahrenzone	опасная зона
Massenkarambolage	массовое столкновение
Panikraum	комната-убежище
Acerola	ацерола
Skunk	скунс
Redaktionsschluss	подписание в печать
Schatzjäger	охотник за сокровищами
Polarität	полярность
Zeitvergeudung	пустая трата времени
Pilzinfektion	грибковая инфекция
Kanonenboot	канонерская лодка
Scheißleben	дерьмовая жизнь
Bauchspeicheldrüsenkrebs	рак поджелудочной железы
Kreditgeber	кредитор
Zulieferer	поставщик
Barfrau	барменша
Schrägstrich	косая черта
Ersatzspieler	запасной игрок
Öhrchen	ушко́
Rotlicht	красный свет
Seesack	вещмешок
Benzinkanister	канистра с бензином
Anästhesie	обезболивание, анестезия
Spezialauftrag	спецзадание
Allerheiligen	Навий День, День Всех Святых
Ladykiller	сердцеед
Blasebalg	меха
Nadir	надир
Weitwinkel	широкий угол
Vorhofflimmern	мерцательная аритмия
Verletzbarkeit	ранимость, уязвимость
Fernlicht	дальний свет
Alkoven	альков
Oxycodon	оксикодон
Sternenbanner	звёздный флаг (флаг США)
Hinkebein	хромая нога
Aderpresse	жгут
Tagesstätte	группа продлённого дня
Zynikerin	циник
Neapolitaner	неаполитанец
Walfänger	китолов, китобойное судно
Direktverbindung	прямое соединение
Kriegsgefangenenlager	лагерь для военнопленных
Narbengesicht	лицо со шрамом
Birdie	бёрди
Hühnerscheiße	куриное дерьмо
Autostopp	автостоп
Pastrami	пастрами
Sauerstoffgehalt	содержание кислорода
adagio	адажио
Atemgeräusch	дыхательный шум
Folterung	пытка, мучение; мука
Wahrscheinlichkeitsrechnung	теория вероятностей; исчисление вероятностей
Justizvollzugsanstalt	юр. юридическое учреждение, ведающее вопросами отбытия наказания
Flötenmusik	музыкальное произведение для флейты (пьеса, концерт)
Sperrung	перекрытие, блокировка
Heimdall	Хеймдалль
Neurotransmitter	нейромедиатор
Treffsicherheit	меткость, точность
Kilowatt	киловатт
Gebärmutterhals	шейка матки
Geschädigte	потерпевшая
Weiberheld	сердцеед, волокита, женский угодник
Leihe	заём, прокат
Wasserzeichen	водяной знак
Pegel	физ. уровень
Eckbüro	угловой кабинет
Wart	устар. хранитель, страж
Stahlplatte	стальная плита
Vermittlerin	посредница
Toilettenpause	перерыв в туалет
Blutplättchen	кровяная пластинка
Jägermeister	начальник охоты, Егермейстер
Endzeit	время окончания (напр., измерений)
Endspurt	финишный рывок
Myrte	мирт, мирт обыкновенный
Segeltuch	парусина
Allradantrieb	привод на все колёса
Seppuku	сэппуку
Torwächter	привратник, страж
Shona	шона
Stalljunge	конюх
Ehebrecherin	нарушающая супружескую верность; прелюбодейка
Mutagen	мутагенный
Spartiat	спартанец
Beschlagnahmung	конфискация
Reinette	ранет (сорт яблок)
Cab	такси
Hefezopf	дрожжевая коса (выпечка)
bleu	с кровью (о мясе)
ideell	идеальный (нематериальный)
Stinger	стингер (переносной зенитно-ракетный комплекс FIM-92 Stinger)
ordnungswidrig	нарушающий порядок, противоречащий порядку (правилам)
Düngemittel	удобрение
Päderast	педераст
tackern	скреплять степлером
Wasserratte	водяная крыса
onanieren	онанировать
Mistel	омела
zusammendrücken	сжимать, сдавливать
Henna	хна
Kritzelei	каракули, неразборчивое письмо
Bebop	сухой как порох
Fernsehzuschauer	телезритель
knochentrocken	бибоп
Tet	Тет
Höhenflug	полёт на больших высотах, высотный полёт
Strikeout	страйкаут
Hauer	клык, рубщик
einhängen	навешивать (раму и т. п.)
Scherzartikel	мн. ч. безделушки, карнавальные принадлежности (бумажные шапочки, картонные носы, маски, хлопушки и т. п.)
ausschlüpfen	вылупляться, ронять
abstecken	откалывать (приколотое)
Dienstalter	выслуга лет
Strohfirma	подставная фирма
Locher	дырокол
Badesalz	ароматная соль для ванн, соли для ванн
Großalarm	общая тревога
Müllpresse	мусорный пресс
genmanipuliert	биол. подвергшийся генной манипуляции
Schwindelgefühl	ощущение головокружения
Risswunde	рваная рана
Sekundenbruchteil	доля секунды
suizidgefährdet	подверженный угрозе суицида
etabliert	устоявшийся, признанный
Stahlseil	стальной трос, стальной канат
Simsalabim	симсалабим
unbesetzt	незанятый, пустой; вакантный, незамещённый (о должности)
Eierpunsch	яичный пунш
Schmierenkomödiant	кривляка, фигляр
bieder	честно
uneinnehmbar	неприступный (о крепости)
Fellatio	фелляция
platschen	плескаться, шлёпаться, хлопать, шлёпать
Staranwalt	звёздный адвокат
Gesundheitsrisiko	риск для здоровья
ableisten	отбывать, отбыть
Impertinenz	наглость, дерзость, бесстыдство, нахальство
herumreichen	передавать по кругу
abjagen	загонять
Unabhängiger	независимый
Sesterz	сестерций (денежная единица в древнем Риме)
Mehlsack	мешок (куль) с мукой; мешок для муки
Bettgeschichte	интрижка, романчик
Kurztrip	короткая поездка
Visconte	виконт
Caddie	кэдди
Schubdüse	реактивное сопло
aufkleben	наклеивать, налеплять
Tatortbericht	отчёт с места преступления
erniedrigt	униженный
Mountie	конный полицейский
Proktologe	проктолог
Geburtstagskerze	свеча на торте
Zeitungsmann	газетчик
dahaben	иметь в запасе; иметь в распоряжении
Gaudi	веселье, гулянка
Hemdchen	рубашонка, рубашечка
Blechbüchse	жестянка
überholt	устаревший, обогнавший
zuhauen	обтёсывать (камни)
Trockenfleisch	вяленое мясо
triezen	мучить, надоедать
Großfürst	великий князь, великая княгиня
Torero	тореро
Geometer	геодезист
Pernod	перно
hochfliegen	взлетать
Binder	связующее, папка
kandiert	засахаренный
nachreisen	ехать (путешествовать) вслед (за кем-л.)
Kontaktanzeige	объявление о знакомстве
Reaktorkern	активная зона реактора
Sportstipendium	спортивная стипендия
Billardsalon	бильярдная
Lug	устар. ложь
quartieren	квартовать
extragroß	очень большой
undiszipliniert	недисциплинированный
verscherbeln	разг. разбазаривать, продавать за бесценок
wegschleichen	улизнуть, ускользнуть
Kriegsschauplatz	театр военных действий
Spitzenmann	лучший человек, лидер
Babypuder	детская присыпка
beschleunigt	ускоренный
gelöst	решённый, расслабленный
Bubu	бо-бо
weiterwachsen	продолжать расти
Kindermund	детский рот
aufstauen	запруживать, поднимать (запрудой) (воду); накапливать
Kriegsbemalung	военная окраска
Opernmusik	оперная музыка
Befestigungsanlage	оборонительное сооружение, укрепление
Spaniel	спаниель
Zuwiderhandlung	нарушение (установлений)
untot	нежить, немёртвый
belladonna	белладонна
Elektroschocktherapie	электрошоковая терапия
Ziegenhirte	козопас
zwiegespalten	раздвоенный, двойственный
Filmdose	коробка для плёнки
ausbrennen	догорать, догореть
brüskieren	обращаться резко, оскорблять
Ouzo	узо
Grundbuch	поземельная книга, поземельный кадастр
Stiletto	женская туфля на каблуке-шпильке
Mah-Jongg	маджонг
Talon	талон, коготь
exhumieren	эксгумировать, извлекать из земли (труп для судебно-медицинского исследования)
Datensatz	запись
trübselig	унылый, печальный, грустный, мрачный; плачевный
KGB-Agent	агент КГБ
Barrio	район, квартал
vervierfachen	учетверять, увеличивать вчетверо
schwanzlutschend	членосос
Mudschahed	моджахед, муджахид
Hirnfunktion	функция мозга
anhauen	надрубать; надсекать; насекать
Hähnchenflügel	куриное крыло
Heimatstaat	отечество, родина
Betablocker	бета-блокатор
verschreibungspflichtig	отпускаемый только по рецепту (о лекарственном средстве)
Epidermis	эпидерма, эпидермис
durchknallen	перегореть
Bursch	парень, юноша
Schrulle	разг. причуда, каприз, прихоть; выверт
Tagesordnungspunkt	пункт повестки дня
untertänigst	покорнейше
Vergissmeinnicht	незабудка
Lasterhöhle	притон разврата, вертеп
verbleichen	тускнеть, выцветать
Bremsrakete	тормозная ракета; тормозной ракетный двигатель
Swami	свами
Polizeimeister	городничий
hochgeboren	высокородный
freikämpfen	отвоевать, вырваться
erschwindeln	мошеннически выманивать, обманным путём добиться (чего-л.); мошеннически нажить (что-л.)
postpartal	послеродовой
Korse	корсиканец
schwerbewaffnet	воен. тяжеловооружённый
wegschleppen	утащить
Ölgesellschaft	нефтяная компания
anlernen	обучать (какой-л. профессии кого-л.)
ausnüchtern	отрезвлять, давать протрезвиться
pfuschen	халтурить, небрежничать
Mordkommando	банда наёмных убийц
Herzensangelegenheit	сердечное дело
Achselhaar	волосы подмышкой
Phiole	хим. колба
Heizofen	печь, обогреватель
Schutzmauer	парапет; подпорная стенка
Zweifler	скептик
pinkfarben	розовый
durchrechnen	делать расчёт (подсчёт) (чего-л.), вычислять (что-л.); пересчитать, сосчитать (что-л.)
Stromstoß	эл.-техн. импульс тока, толчок тока
Konditionierung	кондиционирование
Verbindlichkeit	обязательность
Verbraucherschutz	защита потребителя
Jacuzzi	джакузи
unwesentlich	несущественный, незначительный
versteifen	оцепенеть; потерять подвижность
Pferdehuf	копыто лошади
bleifrei	неэтили́рованный
Vermisstenfall	дело о пропавшем
Dominostein	костяшка домино
Scheinheiliger	лицемер, ханжа
Wählerin	избирательница
Fußsoldat	пехотинец
Maggi	магги (приправа)
Volldepp	полный придурок
Holzdiele	деревянный настил
Pferdewette	ставка на скачках
Morgengebet	утренняя молитва
verschleiert	скрытый, завуалированный
nadeln	осыпаться (о )
Testflug	испытательный полёт
herlaufen	прибегать; прибежать
Irokese	ирокез
Pusteblume	белый одуванчик
existenziell	книжн. экзистенциальный
Verteidigungsstellung	полоса обороны, оборонительная позиция
Einser	единица, один, однёрка
Erstklässler	первоклассник
Notstrom	аварийное питание
Freistoß	свободный удар (футбол)
dehnbar	эластичный, растяжимый
unterbelichtet	тупой, недалёкий
herumstolzieren	расхаживать, важничать
erlaucht	сиятельный, светлейший, августейший
vollquatschen	заболтать
maßstabsgetreu	в точном масштабе
abgebrannt	без денег, разорённый
Krankenbericht	врачебное заключение, медицинское заключение, история болезни
Planetoid	малая планета
aufwiegeln	подстрекать
Lunchbox	ланчбокс
Schoko	шоколадка, шоко
schrottreif	годный в металлолом
unveräußerlich	неотчуждаемий
verleiden	портить, отравлять (напр., удовольствие кому-л.); внушать отвращение (к кому-л., к чему-л.); отбивать охоту (к чему-л. у кого-л.)
ausgewiesen	высланный, обозначенный
Beluga	белуга
naturgetreu	верный природе, естественный
Kampftruppe	боевая (организационная) единица
Geschlechtsteil	анат. половой орган
abrollen	разматывать (катушку)
Mime	лицедей
zurückdatieren	датировать задним числом
Onkelchen	дядюшка
Geldverleiher	кредитор, заимодавец
anknabbern	грызть, обгрызать; надгрызать
Lemming	лемминг
Fliegenfischen	нахлыст, рыбалка на муху
wahnhaft	бредовый
Flüssigstickstoff	жидкий азот
Klepper	разг. кляча, лошадёнка
paramilitärisch	военизированный, полувоенный
Kopfwunde	рана (ранение) в голову
Waschung	умывание; обмывание; промывание; промывка
Warg	варг
aufbegehren	протестовать
herunterreißen	срывать; сдёргивать; сносить (ветром, водой)
Giftpfeil	отравленная стрела
Zielanflug	выход (заход) на цель
verhaken	техн. сцеплять (соединять) крюком
Motorgeräusch	шум двигателя
Spielstein	шашка, шахматная фигура
beratend	совещательный
umherziehen	бродить, кочевать
praktischerweise	кстати, удобно
Reeder	судовладелец
Fluggeschwindigkeit	скорость полета
Caballero	кабальеро
Kaschemme	кабак, притон
Meeresrauschen	шум моря
Heap	куча, хип
Banku	банку
Geldmenge	фин., экон. денежная масса
Salpeter	селитра
wegbrennen	выжигать, сжигать
Leistengegend	паховая область
Autohupe	автомобильный гудок
Trine	дура, растяпа
hochsteigen	подниматься, взбираться
obduzieren	вскрывать (труп)
überantworten	передавать, направлять (кого-л., что-л. кому-л., куда-л.); вверять
Kieferorthopäde	ортодонт
Mädchenhandel	торговля девушками
herumfragen	расспрашивать повсюду
überteuern	завышать цену (на что-л.)
Striplokal	стриптиз-клуб
Synergie	физиол. синергия
heimholen	вернуть домой
Interferon	биохим. интерферон
Brandschutztür	противопожарная дверь
Orangenblüte	цветок апельсина
Schädeldecke	черепная крышка
Kopfnuss	подзатыльник
hineindenken	вдумываться
anstechen	протыкать, пробивать
Babysitting	няньчить, бэбиситтинг
Amin	амин
Volldampf	полный ход
entmannen	оскоплять, кастрировать, холостить
subkutan	подкожный
Basilisk	василиск
Ruderer	гребец
Schuldkomplex	комплекс вины
Impresario	импресарио
verdingen	наниматься
Sprengstoffexperte	специалист по взрывчатке
Kriegstag	день войны
Diesellok	тепловоз
verschweißen	сваривать, заваривать, приваривать
Feindflugzeug	самолёт противника
vorehelich	добрачный
Augenzeugenbericht	рассказ [сообщение, показания] свидетеля [очевидца] (события, происшествия)
Sexualdelikt	половое преступление
Streitpunkt	спорный пункт
Messerwerfer	метатель ножей
ausleiern	срабатывать, скручивать (напр., винт в гнезде)
Megahertz	мегагерц
spitzenmäßig	первоклассный
Ammoniumnitrat	нитрат аммония, аммиачная селитра
UV-Lampe	УФ-лампа
Schickse	шикса
Palmach	Пальмах
gluckern	булькать (о воде)
Aggregat	агрегат
Berglöwe	горный лев
Latzhose	комбинезон
Abartigkeit	извращённость (мыслей, наклонностей)
Sturmangriff	атака, штурм
Bober	бобёр
Rigatoni	ригатони
Tannin	хим. танин
kleinbürgerlich	мелкобуржуазный; мещанский, обывательский
dahinscheiden	умирать
Pappmaché	папье-маше
öff	оп
vollpinkeln	обоссать
Fehlurteil	неправильный (ошибочный) приговор
Tapir	тапир
Speckschwarte	свиная шкурка
tantrisch	тантрический
Jugendbande	банда подростков
Vitaminpille	витаминка
Zentaur	кентавр, Кентавр
Monsun	муссон
Straferlass	освобождение от наказания; амнистия
Bückling	(подобострастный) поклон
Absonderung	отделение, обособление; разобщение; изолирование; сепарация
Landarzt	сельский врач
Energiesystem	энергосистема
buttern	масляный, из масла
Zerberus	цербер
Feldstein	валун
Lupine	люпин
Tele	теле-, телевик
Ischias	пояснично-крестцовый радикулит
Transsexuelle	транссексуалка
Milchtüte	пакет молока
Endokarditis	эндокардит
Hotte	Хотте
Nockenwelle	распределительный вал
fassbar	конкретный, явный, чёткий
Ambrosia	амброзия
Derivat	дериват
Tabakfirma	табачная фирма
Marktanteil	удельный вес на рынке, доля рынка
Transportmöglichkeit	возможность перевозки
Radiologe	радиолог
Sutra	сутра
Alki	алкаш
dreimalig	трёхразовый, трёхкратный, троекратный
sphärisch	сферический, шаровидный
Gammastrahlung	физ. гамма-излучение
Hohlladung	кумулятивный заряд
Verhaltensstörung	расстройство поведения
Körpertreffer	попадание в корпус
Blendgranate	светошумовая граната
Forstamt	лесничество
Nichterscheinen	неявка
Irrläufer	письмо, доставленное не по адресу
Sitzkissen	подушка для сидения
Laufstall	помещение для беспривязного содержания скота
Esplanade	эспланада, площадь, открытое место (перед зданием)
Matinée	утренник, матине
Überdruck	техн. избыточное (манометрическое) давление
Zielvorrichtung	прицел
Kommerzienrat	коммерции советник
Morgentoilette	утренний туалет
Kupplerin	сводница
hochheilig	einen hochheiligen Eid leisten — поклясться всем, что есть святого
Hotelsuite	гостиничный люкс
Kubikzentimeter	кубический сантиметр
Neuerscheinung	новинка (б. ч. о книге)
durchzählen	считать, пересчитать (всё целиком)
Goldsucher	золотоискатель, старатель
Großenkel	правнук, правнучка
Zwangsvollstreckung	принудительное приведение в исполнение судебного решения, принудительное взыскание
Gangsterboss	главарь банды
Antrittsrede	речь по случаю вступления в должность (руководителя учреждения и т. п.)
Einzelbild	отдельный кадр
Barmixer	бармен
sic	так (sic)
Brautschau	смотрины
Frischluft	свежий воздух
Familienfarm	семейная ферма
Gnadenschuss	контрольный выстрел
Funksender	радиопередатчик
Süßholzraspler	подхалим, льстец
Gewehrfeuer	ружейно-пулемётный огонь, огонь стрелкового оружия
Horrortrip	плохой трип
Rassel	погремушка
Malde	Мальде
Ketzerin	еретичка
prädestinieren	предназначать, предопределять
Gangplatz	место банды
unangreifbar	неприступный (напр., о крепости)
Weltraummüll	космический мусор
Tesafilm	скотч, клейкая лента
Sakristei	сакристия
Klingonin	клингонка
Knötchen	узелок
Frontmann	фронтмен
Nitroglyzerin	нитроглицерин
Funktelefon	радиотелефон
Schiffsschraube	гребной винт
Funkstation	радиостанция
Brathuhn	жареная курица
Koller	вспышка ярости, приступ гнева
Schänke	кабак, трактир
Yama	Яма
Riesenhit	суперхит
abmischen	сводить, микшировать
Mundstück	мундштук
Purim	Пурим
nachmessen	перемеривать, повторно измерять; проверять (контролировать) размеры (чего-л.)
Urinal	мочевой
Waffenschmied	оружейный мастер
Statut	юр. статут, устав
hinstarren	пялиться
Blätterteig	слоёное тесто
Ineffizienz	неэффективность
Ruheraum	комната отдыха
Sonnenöl	масло для загара
Fuchsjagd	охота на лис
Extrageld	приработок, лишние деньги
Nebengleis	ж.-д. запасный путь; параллельный путь
herumtelefonieren	разг. обзванивать (кого-л)
unautorisiert	несанкционированный
befrieden	обносить изгородью; охранять законом (памятники архитектуры)
Marsmännchen	марсианин
Zwillingstochter	дочь-близнец
Bluter	гемофилик
Schwarzbrennerei	подпольная винокурня
Schwurgericht	суд присяжных
Erntefest	праздник урожая
Minenschacht	шахтный ствол
Schuldverschreibung	облигация, выпущенная акционерным обществом
Hackbeil	тесак
Lauge	щёлочь
Reitunfall	несчастный случай на лошади
Flanellhemd	фланелевая рубашка
Auktionator	аукционист
Kornett	муз. корнет
Affekthandlung	действие в состоянии аффекта
Polizeihubschrauber	полицейский вертолёт
Inserent	помещающий объявление в газете
Empfangsraum	гостиная
Aufbewahrungsort	место хранения, хранилище
Sommerresidenz	летняя резиденция
Krapfen	пончик
Rednerpult	трибуна, кафедра
Startbefehl	команда на старт
Ferienort	курорт, место отдыха
abschöpfen	снимать (напр., пену); скачивать (пену, шлак)
FBI-Bericht	отчёт ФБР
festhängen	застрять
Siebener	семёрка
Gottesgabe	дар Божий
Pinscher	пинчер
Privatsektor	частный сектор
einschleppen	втаскивать
Spielhaus	игровой домик
Sprachzentrum	анат. центр речи
Nachahmungstäter	подражатель
Branchenbuch	справочник фирм
Saldo	сальдо
Racheplan	план мести
hippokratisch	гиппократов(ский), медицинский, врачебный
Anwaltskosten	судебные издержки
fünftens	в-пятых
Preisausschreiben	конкурс-лотерея, розыгрыш призов
Senffleck	пятно от горчицы
Rechtslage	правовое положение, правовой статус
Teamleiter	руководитель коллектива
aufstecken	подкалывать; накалывать
umkehrbar	обратимый (о процессе)
Stasis	стаз, стазис
Klebreis	клейкий рис
Zocker	игрок, азартный
Genießer	потребитель
Reisepapier	проездной документ
Staatskosten	за счёт государства
Heuer	в этом году
Ejakulation	эякуляция, семяизвержение, семяизлияние
Hochstand	высокий уровень
kleinkariert	ограниченный, мелочный
Kriegsrat	военный совет
Schleimerei	подхалимство
abwracken	разбирать на лом
Glasfaser	стекловолокно
Kunstschatz	художественное сокровище
Kaffer	чурка, ниггер
Regatta	регата
Verletzlichkeit	ранимость
Nachtmarkt	ночной рынок
antippen	слегка касаться (напр., пальцем)
Frühwarnsystem	система раннего предупреждения
Festsetzung	установление, назначение, решение
Fußkettchen	браслет на ногу
Spund	техн. шпунт
Resozialisierung	ресоциализация
Angedenken	память, воспоминание
Lebensmittelhändler	бакалейщик
Tischlerei	столярная мастерская
Twi	чви (язык)
US-Flagge	флаг США
Dienstrevolver	табельный револьвер
Baptistin	баптистка
Grippewelle	волна гриппа
Nordküste	северное побережье, северный берег
Tafelrunde	компания (сидящая) за столом
schauerlich	жуткий, ужасный, страшный, зловещий
Gamasche	гамаша
Wachtposten	часовой
Spezialabteilung	спецотдел
Vestibül	вестибюль, холл
Grammofon	граммофон
Todesstunde	час смерти, смертный час
Waffenlieferant	поставщик оружия
Hirnzelle	клетка мозга, мозговая клетка
Gesocks	сброд, шпана
Profiboxer	профессиональный боксёр
Sparringspartner	спарринг-партнёр
Aufsteiger	спорт. команда, переходящая (перешедшая) в более высокий класс
Wandzeitung	стенгазета
Hete	натуралка
Verteidigungsanlage	оборонительное сооружение
Totenglocke	религ. муз. погребальный колокол
Nachtflug	ночной полёт
Vorplatz	площадь перед каким-л. зданием; предфасадная площадь (напр., привокзальная)
Tauschgeschäft	экон. бартер, обмен
Nebelbank	полоса тумана
Ausguck	наблюдательный пост, дозорный
Mähre	кляча, одёр
Rizinusöl	касторовое масло
hellsichtig	ясновидящий
Bezirksgericht	районный суд
Scheißerchen	засранчик
Muselmann	мусульманин
Schlachtfest	праздник забоя свиньи
Ostium	устье, отверстие
Geheimzimmer	тайная комната
Claret	кларет
todtraurig	очень грустный
Riesenstreit	огромная ссора
zurückschieben	отодвигать, двигать назад
Geldquelle	источник денег
Rassistin	расистка
Diaphragma	диафрагма
Swinger	свингер
Fliegengitter	москитная сетка
Auswuchs	нарост, отросток
Schnapsdrossel	пьяница
Gis	соль-диез
Bauchladen	разг. лоток разносчика
erschauern	испугаться, трепетать
Brautbett	брачное ложе
Titelgeschichte	заглавная статья
Nitrat	нитрат
Fruchtwasser	мед. околоплодные воды
Getuschel	шёпот, шушуканье
Nachrüstung	техн. оснащение (чего-л)дополнительным устройством
nieten	клепать, заклёпывать
Bouillon	бульон
Wertvorstellung	представление о цене
Pfeifchen	трубочка
Eisladen	магазин мороженого, кафе-мороженое
Gepäckablage	багажная сетка, багажная полка
körnig	зернистый; крупчатый
kortikal	корковый
Gedenktag	день памяти, годовщина
vorherrschen	преобладать, господствовать, занимать господствующее положение, главенствовать
Schneideraum	монтажная
Gespielin	любовница
Priesterschaft	священство, духовенство
Blender	очковтиратель, обманщик
Striemen	рубец, полоса
unerklärlicherweise	необъяснимо
Halbwertzeit	период полураспада
Sandfloh	песчаная блоха
Schlagring	кастет
Werbeabteilung	рекламный отдел
Stammspieler	спорт. игрок основного состава команды
Gottesgeschenk	дар божий
Riesentitte	огромная сиська
Souk	базар, сук
Atombunker	противоатомное убежище
Viehbestand	поголовье скота
Heuballen	валок (сена), рулон (сена)
Leberfunktion	функция печени
Weltwirtschaftskrise	мировой экономический кризис
Kenntnisnahme	принятие к сведению, ознакомление
Friedensmission	миротворческая миссия
Perlmutt	перламутр
Mahnmal	памятник жертвам трагических событий (в предостережение потомкам)
Wumme	пушка, ствол
Riesenhaufen	огромная куча
Autoscheibe	стекло машины
Großraum	большое помещение
Drumherum	разг. мелочи, приклад; украшения
Faustpfand	ручной заклад
Telefonkabel	телефонный кабель
Hauptaugenmerk	основное внимание
Stinkwut	разг. неистовая ярость, бешеная злость
Schafbock	зоол. баран
Standardausrüstung	стандартное снаряжение
Fassadenkletterer	домушник-верхолаз
Hitzeschild	теплозащитный экран; жаростойкий защитный слой
Spielfeldrand	край поля
Geburtstagsessen	праздничный ужин на день рождения
Unfallopfer	жертва аварии
Sowjetarmee	Советская армия
Mondaufgang	восход луны
gnädigerweise	милостиво
Stahlarbeiter	сталелитейщик; сталевар
Beiwerk	украшение; убранство; мишура; аксессуары
Molch	зоол. саламандра; тритон
Damenwelt	шутл. женщины, дамы
Versammlungsort	место собрания
einsargen	положить в гроб
Computerwissenschaft	информатика
salü	привет, салют
Reeperbahn	Репербан
Textbuch	либретто, текст
aufzehren	поедать, истощать, изнурять себя
Intendant	директор; художественный руководитель; главный режиссёр (театра, радиовещательной или телевизионной станции)
Insigne	знак отличия
surren	жужжать
Gewäsch	разг. болтовня, сплетни
beidrehen	морск. ложиться в дрейф
umformen	придавать другую форму (чему-л.); изменять форму (чего-л.); деформировать (что-л.)
Rollkragen	водолазка
Filmkarriere	карьера в кино
Umgehung	обход
Schnörkel	росчерк (подписи); завиток (украшение)
Unterkiefer	нижняя челюсть
Feldforschung	полевое исследование
Schweinegrippe	свиной грипп
Strandkorb	плетёное кресло с тентом (на пляже)
Realitätssinn	чувство реальности
Sondersitzung	чрезвычайная сессия; чрезвычайное заседание
Necronomicon	Некрономикон
Stammkneipe	любимый бар
Pfandleihe	ломбард
Leichtgewicht	лёгкий вес
Täterbeschreibung	описание преступника
Teflon	тефлон
Begrüßungskomitee	приветственный комитет
Crevette	креветка
hauptberuflich	по основной профессии
Aspik	заливное, студень, желе, холодец
Präsidentensuite	президентский люкс
Zulassungsprüfung	вступительный (приёмный) экзамен
Showmaster	шоумен, ведущий
farblich	цветовой
Sülze	холодец, заливное
Ostufer	восточный берег
Ottomane	оттоманка
Kuratorin	кураторша
Souterrain	(полу)подвал, (полу)подвальный этаж
Kracher	разг. развалина (о дряхлом человеке, о разбитой вещи)
Abnormität	ненормальность
Klatscher	хлопальщик
Doppelagentin	двойной агент (жен.)
Schneeschuh	снежный ботинок
Verderbnis	(по)гибель
Fehlschuss	непопадание, промах при стрельбе
Heimleiter	заведующий общежитием
Hartholz	твёрдое дерево, дерево твёрдой породы, твёрдая древесина
zusammenwürfeln	собрать вместе, смешать
Vollkorn	цельнозерновой
Kettenhemd	кольчуга
Bauart	способ возведения, метод строительства
Geheimlabor	секретная лаборатория
Vulkanierin	вулканка
Mageninhalt	содержимое желудка
entschuldbar	простительный, извинительный
Affenscheiße	обезьянье дерьмо
prädestiniert	предопределённый
Scharte	амбразура, седловина
Glanzleistung	блестящее достижение; высокое мастерство
Bändchen	уздечка
Bankdrücken	жим лёжа на скамье
Gegenoffensive	контрнаступле́ние
Selbstbräuner	автозагар
Sarin	зарин
gehaltvoll	нава́ристый, содержа́тельный
Höllenangst	смертельный (панический) страх
Revolutionärin	революционерка
Hinduismus	индуизм
Freiersfüße	сватовство, ухаживание
Sittich	попугай
Geldbündel	пачка денег
unterprivilegiert	не пользующийся привилегиями, лишённый привилегий
hochtreiben	усиливать, увеличивать (напр., напряжённость); взвинчивать (цены)
Sittsamkeit	благонравие
Ehrenlegion	орден Почётного легиона
Grundstücksgrenze	граница участка
Spalier	шпалеры
klaffen	зиять
pulverisieren	распылять
Vogelstimme	птичий голос
Hauptzeugin	главная свидетельница
Salutschuss	салют, залп
Gaswerk	газовый завод
Gerangel	разг. стычка; схватка; столкновение; драка; потасовка (с кем-л)
Spitzenpreis	лучшая цена
Schiffswerft	верфь, судоверфь
Markteinführung	внедрение на рынок
Wurfarm	плечо лука
zusammenrotten	собираться толпой
Erzfeindin	заклятая врагиня
Hundebaby	щенок
Arbeitsessen	деловой обед
Plattensammlung	коллекция пластинок
Bildsprache	визуальный язык
unsanft	неделикатный; неласковый; резкий, суровый, грубый
fleischig	мясистый
Gepäckfach	багажная полка
Frauenleiche	труп женщины
Abschlussexamen	выпускной экзамен
Teilabdruck	частичный отпечаток
Hauptschlagader	анат. аорта
Unterdeck	нижняя палуба
Süßigkeitenladen	кондитерская, магазин сладостей
Maskenbildnerin	гримёрша, визажистка
Koksdealer	торговец кокаином
Peeling	пилинг, скраб
Sonderausstattung	специальное снаряжение (оборудование, оснащение)
Wildschweinjagd	охота на кабана
begrabschen	разг. лапать, облапать, тискать, трогать
Hundezwinger	псарня, вольер
Schweinefarm	свиноферма
Verstrahlung	облучение, радиоактивное заражение
VIP-Bereich	VIP-зона
Kufe	ушат, кадка, чан, бочка
Venusfliegenfalle	венерина мухоловка
Ödem	отёк
Mindesthöhe	минимальная высота
Erste-Hilfe-Koffer	аптечка
septisch	септический
Laderampe	погрузочная платформа
umhergehen	бродить, разгуливать, расхаживать, ходить, ходить взад и вперёд
Tupelo	Тьюпело
Schulwechsel	смена школы
Beanspruchung	требование (чего-л.), заявление претензии (на что-л.)
Schaukasten	витрина, стенд
einkesseln	окружать, окружить
Privatkrieg	личная война
Blutanalyse	анализ крови
ausschalen	вылущивать; очищать от кожуры (от корки)
Moralkodex	моральный кодекс
Zuckerstück	кусочек сахара
lethargisch	летаргический
Drecksschlampe	грязная шлюха
Entjungferung	мед. дефлорация
unspezifisch	неспецифический
Mordrate	уровень убийств
Regentanz	танец дождя
Komplizenschaft	соучастие
Jugendliebe	юношеская любовь
Bandwurm	солитёр
Forschungsbericht	отчёт о (научно-)исследовательской работе
Verteidigungsausschuss	комитет по обороне
Gerichtsbarkeit	юстиция
Filmgesellschaft	киноорганизация
Bestattungsunternehmer	похоронный агент
Blutzuckerspiegel	уровень сахара в крови, содержание сахара в крови
Dienstleister	экон. производитель услуг, поставщик услуг; предприятие сферы обслуживания
umbuchen	бухг. перенести с одного счёта на другой
Waffenschmuggler	торговец оружием
Gestade	морской берег, побережье
Bezwinger	победитель, укротитель
Judensau	жидовская морда
Plastikding	пластиковая штука
Filmgeschichte	история кино
Omme	тётка, баба
Jungfernhäutchen	девственная плева
reihenweise	рядами
Missionsstation	миссия, миссионерская станция
Sonderschule	специальная школа
Mordakte	дело об убийстве
Mittellinie	матем. медиана
Selbstmordanschlag	покушение на самоубийство
Verfassungszusatz	поправка к конституции
Goldgräberin	золотоискательница
Sternenstaub	звёздная пыль
Extraschicht	дополнительная смена
koksen	разг. нюхать кокаин
saudisch	саудовский
Brontosaurus	бронтозавр
Sparstrumpf	чулок с накоплениями, заначка
Mischer	миксер
Gegendarstellung	опровержение в прессе, публичное опровержение (самооправдание лица, обвиняемого в прессе, по радио или по телевидению)
Zwitter	гермафродит
festklammern	sich ~ an A крепко ухватиться (за что-л.)
Zeitungsstand	газетный киоск
Breitseite	морск. борт с орудиями на нём; бортовой залп
brandschatzen	налагать контрибуцию; вымогать угрозами поджога и опустошения
Diwan	диван, тахта
Frühstückspension	пансион с завтраком
ausschildern	оборудовать дорожными знаками
Therapiegruppe	терапевтическая группа
Skihütte	горнолыжный домик
Kampfroboter	боевой робот
Barmädchen	барменша, девушка из бара
zusammenraufen	сработаться, притереться
Restgeld	сдача, остаток денег
beschichten	покрывать слоем (воска, резины и т. п. что-л.)
Lieblingsbruder	любимый брат
Hackmesser	косарь; сечка, тяпка
kontrollierbar	контролируемый; подлежащий контролю
Ermittlungsakte	следственное дело (документы)
Gesundheitszentrum	медицинский центр
Antigen	антиген
Gehilfin	помощница; подручная; ассистентка
flambieren	обжигать, опаливать
Teestunde	чаепитие, время чая
Berufskiller	наёмный убийца
Sommergast	летний гость, дачник
Löwenbändiger	укротитель львов
Hauptmotiv	главный (побудительный) мотив
Verwalterin	управляющая, заведующая
Fuchsbau	лисья нора
Gouverneursamt	пост губернатора
Stechschritt	печатный шаг (прусский парадный шаг)
Zechgelage	попойка, пирушка
Hausangestellte	домашняя работница
renken	вправлять, вывихнуть
Gefühlslage	эмоциональная диспозиция, эмоциональный настрой
Haarteil	накладка, шиньон
Zwischendeck	нижняя палуба
Glockenläuten	колокольный звон
Lieblingsfrau	любимая жена
Militärschule	военное училище
einheiraten	войти в семью через брак
Hotelfenster	окно гостиницы
Sittendezernat	отдел по борьбе с преступлениями в сфере нравственности (отдел уголовной полиции)
Wachhaus	караульное помещение, караулка
Eisfach	морозильная камера (холодильника)
Schneiderei	швейная мастерская, ателье
Täuschungsmanöver	воен. отвлекающий манёвр
Streikposten	пикет забастовщиков
Aussöhnung	примирение
Wölbung	сводчатость; кривизна, выпуклость
Unterzeichner	(ниже)подписавшийся
Spielzeugsoldat	игрушечный солдатик
Billigladen	дешёвый магазин, магазин низких цен, дискаунтер
Containerschiff	контейнеровоз
Rentabilität	рентабельность, доходность, прибыльность; выгодность; самоокупаемость
Fristverlängerung	продление срока, отсрочка
perfide	коварный, подлый, предательский, вероломный
Arztberuf	профессия врача
dazwischenschieben	втиснуть, вклинить
Trinkspiel	игра на выпивку
Favela	фавела, трущобы
Lieblingsschüler	любимый ученик
Druckplatte	строит. плита, работающая на сжатие
Hosenmatz	разг. мальчуган, малыш
Gönnerschaft	покровительство; протекция
Plié	плие
Zehncentstück	десятицентовик
Wasserträger	водонос
ruiniert	разорённый, погубленный
Gauch	рег. (ю.-нем.) кукушка обыкновенная
Gürteltier	броненосец
Wunschbrunnen	колодец желаний
Kleiderladen	магазин одежды
niedertrampeln	затоптать, измять (ногами)
Drogendealerin	наркоторговка
Verfechterin	сторонница, защитница
Dienstwohnung	служебная квартира
Angriffsplan	воен. план наступления
Kindesentführung	похищение ребёнка
Kriegsgeschichte	военная история
Elektronikladen	магазин электроники
bundesweit	в масштабах федерации, на всей территории ФРГ
abluchsen	выуживать, выманивать
nachhängen	предаваться, отдаваться (чему-л.)
Atomprogramm	ядерная программа
Gnadenfrist	отсрочка, помилование
Blutstrom	кровоток
Ballspieler	игрок в мяч
Streuung	рассеивание, рассеяние
sachdienlich	полезный, целесообразный, пригодный
läppern	рег. (н.-нем.) хлебать; потягивать (маленькими глотками)
Juristin	юрист
enthaaren	удалять (состригать, вырывать) волосы; сгонять волос (с чего-л.)
Kameltreiber	погонщик верблюдов
Tanke	заправка
Masochistin	мазохистка
Kammermädchen	горничная, камеристка
Gesetzlosigkeit	беззаконие
Curveball	крученый мяч
zerstoßen	толочь, растолочь
Osmose	осмос
Kernspaltung	деление ядра
Bettbezug	пододеяльник
Militärkarriere	военная карьера
schwindend	убывающий, угасающий
Personalversammlung	собрание персонала
Zoloft	золофт
Traumleben	жизнь мечты
Chemieprofessor	профессор химии
Verkaufsgespräch	консультация продавца о товаре
Erweckung	пробуждение, возрождение
Zirkusnummer	цирковой номер
Truppenstärke	численность войск
Sampan	сампан
durchwachsen	прорастать (сквозь что-л.)
Karosse	карета
Holzhändler	торговец лесом
Töff	мотоцикл, мопед
Stiefelchen	сапожок
zahlbar	подлежащий оплате
happig	жадный, алчный, ненасытный
Wachstumsrate	темп роста
Haushaltsgeld	деньги на хозяйство
unterbezahlen	недоплачивать
Führerhaus	кабина водителя (машиниста, оператора); кабина управления
Tuchhändler	торговец тканями
Schildchen	бляшка, пластинка, фавус волосистой части головы, чешуйка
Bullenschwein	мент поганый
Genickbruch	перелом шеи
Spottdrossel	пересмешник
Registratur	регистратура, канцелярия
Galgenfrist	отсрочка казни
Viertürer	четырёхдверный автомобиль
Straßenkreuzer	мощная легковая автомашина
Wochenbett	роды; послеродовой период
Rotlichtviertel	квартал красных фонарей
Trauerrede	надгробная речь, надгробное слово, траурная речь (на похоронах)
Zementfabrik	цементный завод
verflüssigt	сжиженный
Biomasse	биомасса
vatern	отцовствовать, быть отцом
Geschäftsbuch	бухгалтерская книга
Minenarbeiter	шахтёр
Puderdose	пудреница
Selbstläufer	самокат, дело само пойдёт
Bettpfosten	столбик кровати
Notarin	нотариус
Zeitkapsel	капсула времени
Fässchen	бочонок, чанок (кадка ёмкостью в 1/2 бочки, т. е. 60 л)
Blaskapelle	духовой оркестр
Gemüsehändler	зеленщик, торговец овощами
Kreuzbandriss	разрыв крестообразной связки
Jagdflieger	лётчик-истребитель
Schwengel	рукоятка, коромысло
passierbar	проходимый; переходимый
abgesichert	застрахованный, обеспеченный
Südflügel	южное крыло
Zitronenkuchen	лимонный пирог
Seitenausgang	боковой выход
Altmetall	металлоло́м
Filmaufnahme	киносъёмка
Aufbaustudium	последипломное обучение
Urheberin	создательница, автор
Aktienoption	опцион на акции
Bermuda-Dreieck	Бермудский треугольник
Leitstrahl	радио. ведущий луч
hochstecken	заколоть, поднять волосы
aushauchen	выдыхать (воздух); испускать
Exklusivbericht	эксклюзивный репортаж
Beglaubigung	удостоверение, скрепление подписью (какого-л. документа); засвидетельствование (подписи, копии)
Urteilsfähigkeit	компетентность, способность судить о чём-л.
Handelsware	готовые изделия, закупаемые промышленными предприятиями для комплектования выпускаемой ими продукции
Terminplaner	ежедневник, планировщик
Viehmarkt	скотный рынок
Mini-Kühlschrank	мини-холодильник
Konformität	согласие
dadrin	там внутри
Straßenmädchen	уличная девица, проститутка
Betonklotz	бетонная глыба
Fabrikarbeiter	фабричный (заводской) рабочий
Firmenzentrale	штаб-квартира компании
Vorruhestand	преждевременный выход на пенсию
tupfen	притрагиваться, прикасаться
Kampfsportler	боец, единоборец
Schlüsselanhänger	брелок
loseisen	вырвать, выцарапать
Polizeifoto	полицейское фото
Nüster	анат., ноздря (обычно у лошадей и некоторых других копытных животных)
hinreiten	подъехать верхом
Abbuchung	списание, снятие со счёта
Nachtluft	ночной воздух
hinübergehen	переходить (на другую сторону улицы и т. п.)
Gesamtwert	общая стоимость
Körpersaft	телесные жидкости
zahnärztlich	зубоврачебный; зуболечебный
Tretboot	водный велосипед
Geldsache	денежный вопрос
Gnadenbrot	милостыня
Vaquero	вакеро, пастух
Sexualverhalten	сексуальное поведение
Fimmel	посконь (мужское растение конопли)
Keile	рег. (н.-нем.) побои
Waffentransport	транспорт (транспортировка) оружия
reinbeißen	откусить, вгрызться
Hänfling	коноплянка
abkönnen	рег. (н.-нем.) б. ч. с отрицанием abkönnen — (не) переносить
zermatschen	превращать в месиво, раздавить
Samstagnacht	субботняя ночь
Hausmutter	хозяйка дома; мать семейства
Pferdepisse	лошадиная моча
Bolschewismus	большевизм
Gutsbesitzer	помещик, владелец имения
Solitär	пасьянс, солитер
Perso	паспорт, удостоверение
Pustel	мед. пустула
Belastbarkeit	нагрузочная способность; грузоподъёмность
Schiffsmast	корабельная мачта
eimerweise	вёдрами
Wohnungsamt	жилищное управление
bezeichnend	характерный, показательный
kratzbürstig	колючая, вредная
Abschiedsvorstellung	театр. прощальное представление (выступление)
Finanzier	финансист, денежный туз
unbelastet	неотягчённый, необременённый
Dragoner	драгун
Solotänzerin	танцовщица-солистка
Schluchzer	всхлипывание, рыдание
verblenden	ослеплять; вводить в заблуждение; околдовывать
Strychnin	стрихнин
Sargträger	носильщик гроба
Schwenk	поворот, панорама
Springteufel	чёртик из коробки
Oszillation	колебание, осцилляция
herumzicken	капризничать, кривляться
jubelnd	ликующий
Zivilprozess	гражданский процесс
Pistolengürtel	пояс с кобурой
Diphtherie	мед. дифтерия, дифтерит
degenerativ	дегенеративный
Regierungsvertreter	представитель правительства
zuschanden	вдребезги, дотла
Sandler	бродяга, бомж
Machtübernahme	приход к власти
Kinofassung	киноверсия
Betäubungspistole	электрошокер
Begleitschutz	сопровождение, конвоирование
Verbrecherjagd	охота на преступников
Trägerwelle	несущий сигнал
Subunternehmer	субподрядчик
Westfront	воен. западный фронт
A-Dur	ля-мажор
Arbeitstitel	условный заголовок, условное название (неопубликованной работы)
Arzneischrank	аптечка, шкафчик с лекарствами
Beobachtungsposten	наблюдательный пост
Gewerbeschein	промысловое свидетельство
Zweibeiner	двуногий
Arbeitstisch	рабочий стол; верстак
puddeln	барахтаться (плескаться) в воде
räuchern	коптить
Einzelkämpfer	одиночный солдат, одиночный боец
Kackwurst	какашка
Identitätskrise	кризис личности
Heuschreckenplage	нашествие саранчи
Guerillero	партизан
ausschicken	высылать; посылать (кого-л. с поручением)
Blutdurst	кровожадность
Tritium	тритий
Geldspritze	денежное вливание
Nervengift	нейротоксин
beschwindeln	надувать
Nesselsucht	крапивница
Nunchaku	нунчаки
Lieblingsstelle	любимое место
Pentagramm	пентаграмма
Blutmond	кровавая луна
Munitionsdepot	склад боевого питания, склад боеприпасов
Haupthalle	главный зал
Asthmaspray	ингалятор от астмы
Filmchen	фильмец
Erdmännchen	сурикат
Racheengel	ангел мести
zusammenschießen	расстреливать, разрушать стрельбой
Verweigerer	отказник
kristallisieren	кристаллизовать, кристаллизоваться, выделяться, вырисовываться
entmündigen	юр. объявлять (лицо) недееспособным, брать под опеку
Datenträger	информ. носитель данных (информации)
Anlegeplatz	пристань; причал; дебаркадер
anderseits	с другой стороны
Führungsriege	руководство, верхушка
Hintertürchen	лазейка
unbestechlich	неподкупный
Autoversicherung	автострахование
röcheln	хрипеть
Nationalrat	национальный совет
Bezirkskrankenhaus	районная больница
Frontscheibe	лобовое (ветровое) стекло (автомобиля)
Medizinerin	медик; лекарь; (молодой) врач (женщина)
Konzernchef	глава концерна
Seekarte	морск. навигационная карта
Trainingscamp	тренировочный лагерь
Überschwang	чрезмерное рвение, энтузиазм
Trödler	старьевщик
niederschmetternd	сокрушительный, убийственный
Rechenzentrum	дата-центр, вычислительный центр
Verkostung	дегуста́ция
Balkontür	балконная дверь
Hemlock	болиголов
Quinoa	киноа, кинва
Marschkapelle	духовой оркестр
Staatsangelegenheit	государственное дело
Choral	религ. хорал
uninspiriert	невдохновлённый, скучный
Staubtuch	тряпка для пыли
Saufgelage	попойка; пьяная оргия
Zirbeldrüse	шишковидная железа
Coupé	купе
Betrogener	обманутый
Engelmacher	подпольная акушерка
Schleuser	контрабандист людей
Kratzspur	царапина, след от когтей
krampfen	судорожно сжиматься (от страха); корчиться в судорогах
Bereitschaftsarzt	дежурный врач
Ziehung	тираж, розыгрыш
Krankengymnastik	лечебная физкультура
wegwünschen	желать, чтоб не состоялось (чтоб исчезло) (что-л.)
Kampfzone	зона боевых действий
Kugellager	шарикоподшипник
Forschungsinstitut	научно-исследовательский институт
bepacken	нагружать
Chickasaw	чикасо
Beifahrerin	пассажирка
Zweiergruppe	пара, группа из двоих
Paroli	отпор
Häubchen	чепчик
Feuerschein	зарево пожара
Dienstvorschrift	служебное предписание, служебная инструкция
Klampe	утка, клампа
vorwählen	выбирать заранее
Haftzeit	срок заключения
Stichverletzung	колотая рана
Zauberwürfel	кубик Рубика
Abschiedsrede	прощальная речь
Familienangehöriger	член семьи
drinne	внутри
Kunstwelt	мир искусства
Privatgrundstück	частная территория
Geheimdokument	секретный документ
Innenrevision	внутренняя ревизия
Rochen	скат
Transportunternehmen	транспортное предприятие
Amtsenthebungsverfahren	процедура импичмента
Dingens	штуковина
Hmong	хмонг
Kreme	крем
gewöhnungsbedürftig	требующий привыкания, непривычный
Reizung	раздражение
Tramper	человек, путешествующий автостопом
Triebtäter	сексуальный преступник
Stimmrecht	право голоса
Warmwasserboiler	бойлер, водонагреватель
Penisvergrößerung	увеличение члена
Impala	импала
Pups	пук
Artikelserie	серия статей (в газете)
Wagenpapiere	документы на машину
Reinraum	чистая комната
Riesenkrake	гигантский осьминог
Persephone	Персефона
Wahnsinnsgeschichte	безумная история
Autositz	автомобильное сиденье
anknacksen	разг. надкалывать (посуду и т. п.); надламывать (ветку и т. п.)
Orthopädie	ортопедия
Hobbyraum	комната для хобби
Bigamistin	двоемужница
Gastspiel	гастроль, гастрольный спектакль
abheften	подшивать (документ)
Rebellenführer	предводитель восставших
Schadensregulierung	урегулирование ущерба
Schweinepriester	свинья, подлец
Sträußchen	букетик
Bataillonskommandeur	командир батальона
Austrocknen	высушивать; осушать; обезвоживать; иссушать
Büttner	бондарь
Chefsalat	салат от шефа
Cali-Kartell	картель Кали
Überredung	уговоры, убеждение
Kühlerfigur	фигурка на капоте
Eintrittspreis	входная плата
Protestantin	протестантка
Stepper	чечёточник
Malstrom	водоворот, мальстрём
Lügenmärchen	ложь, враньё, выдумка
Steuerbefreiung	освобождение от уплаты налога
Pulvermagazin	пороховой погреб
Wagenlenker	возничий
abspeichern	информ. сохранять (данные на информационный носитель)
mitbestimmen	das Weltniveau mitbestimmen — быть (находиться) на уровне мировых стандартов
Wahlkampfmanager	руководитель предвыборной кампании
Staatssekretärin	статс-секретарь
Stele	стела
Internierungslager	лагерь для интернированных (лиц)
Fantasterei	фантазёрство, бредни
authentifizieren	удостоверять подлинность, подтверждать
Statistin	статистка
Rips	репс
Panzerhandschuh	латная перчатка
vollscheißen	(полностью) засрать, загадить
Gesichtshälfte	половина лица
Dagda	Дагда
Glyzerin	глицерин
Amtsenthebung	отстранение от должности, смещение (с должности)
Widerstandsgruppe	группа сопротивления
Bandenführer	главарь банды
Freundschaftsspiel	спорт. товарищеская встреча
punktieren	мед. пунктировать
Verdienstorden	орден за заслуги
Vernetzung	объединение в сеть
Rechenleistung	вычислительная мощность
Reinform	чистая форма, незамутнённый вид, идеальный образец
pflegeleicht	не требующий особого ухода
Uroma	разг. прабабушка
Herrschaftsbereich	сфера влияния, сфера господства
Druckfarbe	печатная (типографская, полиграфическая) краска
Geigenkasten	футляр для скрипки
Weinbauer	винодел
opportunistisch	оппортунистический
Kontor	контора
Dammweg	пешеходная тропинка (на обочине шоссе, на дамбе, плотине и т. п.)
Stadtplatz	городская площадь
Kernspin	МРТ
Masterplan	генеральный план
Schichtwechsel	пересменка, пересменок, начало (конец) смены
Ehrenrunde	круг почёта
Handwerkszeug	ручной инструмент
Farmhaus	фермерский дом
Scheißproblem	чёртова проблема
Masel	везение, удача
Drachentöter	победитель дракона, змееборец
Körperbehaarung	волосы на теле
Massenvernichtung	массовое уничтожение (истребление)
Finanzgenie	финансовый гений
schmulen	разг. подглядывать, подсматривать
herunterlassen	спускать, опускать
Stahltür	стальная дверь
Bambusstock	бамбуковая палка
Grundbesitzer	землевладелец
Sonntagsessen	воскресный обед
Parteilinie	линия партии
Mampf	жратва, хавчик
Tesa	скотч, клейкая лента
Koda	Кода
Rachegelüst	жажда мести
Destillerie	винокурня, спиртзавод
Bordküche	бортовая кухня
Mondmann	лунный человек
Schänder	осквернитель, насильник
Saatkorn	семенное зерно
Weissagung	предсказание, пророчество
Waidmann	охотник
Eldorado	эльдорадо
Geheimdienstchef	глава разведки
Ibuprofen	ибупрофен
Luftpolsterfolie	пузырчатая упаковка
Druckausgleich	выравнивание (уравновешивание) давления
Haggis	хаггис
Kurswechsel	изменение курса ( политики)
Fleischkloß	мясная фрикаделька
Halsentzündung	мед. ангина
Dramaturgie	драматургия
Thunfischsalat	салат с тунцом
Mindestpreis	минимальная цена
Calumet	калюме, трубка мира
Strafgefangene	заключённый
Produktionsfirma	продюсерская компания
Räumungsverkauf	распродажа
Ambivalenz	книжн. противоречивость, двойственность; амбивалентность
Gerichtskosten	судебные издержки
Wortwitz	шутка, основанная на игре слов, каламбур
Skrotum	мошонка
Fahnder	оперативник, сотрудник полиции, занимающийся оперативно-разыскной деятельностью
Psychotherapeutin	психотерапевт
Schokoladensoße	шоколадный соус
Schlangenbeschwörer	заклинатель змей
Bimsstein	пемза
Kohlefaser	углеволокно
O-Beine	кривые ноги
Modulation	модуляция
Aderlass	кровопускание
Lapsus	ляпсус, ошибка, промах, оплошность
Blackfoot	черноногие
Sonderermittler	спецпрокурор, спецследователь
Bühnenarbeiter	рабочий сцены
Gänseleberpastete	паштет из гусиной печени
Verwirrtheit	спутанность
Aufenthaltsverbot	запрет на пребывание
Cocktailstunde	коктейльный час
Eheglück	семейное счастье, счастье супружеской жизни
Yippie	йиппи, ура
Limonen	лимонен
Effekthascherei	разг. погоня за эффектом
Ausgeglichenheit	уравновешенность
Sozialarbeit	социальная работа
Luo	луо
Abfallentsorgung	сбор и утилизация отходов
Rufmord	злонамеренная клевета
Kak	как
Johanniskraut	ботан. зверобой
Saisonende	конец сезона
Cornerback	корнербек
Kampfflieger	боевой лётчик
Kostenpunkt	предполагаемые расходы, статьи расходов
Aufguss	заварка; настой
Agitation	агитация
Postler	работник почты (связи), почтовый служащий
Führhand	ведущая рука
Butte	рег. (юж.-нем.), австр., швейц. то же, что Bütte
Sammelstelle	сборный пункт
Kampfgeschrei	боевой клич
Herrenrasse	раса господ
Schreibstube	канцелярия (командира подразделения)
Mulatte	мулат
Kerzenwachs	свечной воск
Harrods	Хэрродс
Mariachi	мариачи
Presbyterianer	пресвитерианин
Kommunikationsproblem	проблема общения
Einwurf	вбрасывание, вставка, разрез, щель
Heugabel	сенные вилы
Weißgold	белое золото
Knochensäge	мед. костная пила
Blattgold	сусальное золото
Stringtanga	стринги
Filmkritiker	кинокритик
Szenenbild	декорации
Truppentransporter	транспортёр для войск
Harmonium	муз. фисгармония
Verfärbung	обесцвечивание, изменение окраски
Kartoffelschale	картофельная кожура
Stupor	мед. ступор
Tafelsilber	столовое серебро
Militärgefängnis	военная тюрьма
Sprotte	шпрота
Gehirnblutung	внутричерепное кровоизлияние
Tachyon	тахион
Chefermittler	главный следователь
Lausebengel	разг. сорванец, шкодник, проказник
Sprinkler	спринклер, разбрызгиватель
Kriegstrommel	боевой барабан
Tibia	большеберцовая кость
Störgeräusch	помеха, шум
Müllentsorgung	утилизация мусора
Phallus	фа́ллос
Wachsfigurenkabinett	музей восковых фигур
Haarwasser	лосьон для волос
Fallgitter	опускная решётка ворот
Synchro	озвучка
Küchenpersonal	поварской персонал
Personalchefin	начальница отдела кадров
Nutz	устар. польза
Hundehaar	собачья шерсть
Trinkbrunnen	колодец с питьевой водой
Ausbund	образец, высшая степень, верх (наглости, тупости и т. п.; ирон. тж. совершенства, остроумия и т. п.)
Märchenstunde	сказка на ночь
maschallah	машалла
Transzendenz	трансцендентность
Operationsbasis	операционная база
Promiskuität	промискуитет
Sterilisation	стерилизация, обеззараживание
Töpferei	гончарная
Barre	балетный станок
Sonderbeauftragter	спецпредставитель
Ziegenstall	козий хлев
Polizeiposten	полицейский пост
Inspektorin	инспекторша
Presseausweis	пресс-карта
Sedativ	успокоительное
Vollzeitstelle	полная ставка
Zwölfjährige	двенадцатилетняя
Oxytocin	окситоцин
Zerstückelung	(раз)деление; разбивание (разрезание) на куски; кромсание; раздробление, расчленение
Männerhand	мужская рука
Kabelbinder	кабельный бандаж, кабельная стяжка
Shunt	шунт
Badesachen	купальные принадлежности
Strahlendosis	доза излучения, доза радиации
Meeresbrise	морской бриз
Tagelöhner	подёнщик; батрак
Fettuccine	феттучини
Blutsverwandtschaft	кровное родство
Männerstimme	мужской голос
mauve	лиловый
Jungfernflug	первый полёт
Barium	барий
Sauerstoffzufuhr	подача кислорода
Erdnussöl	арахисовое масло
Jugendarrest	арест для несовершеннолетних
Ölkanne	ручная маслёнка
Playmate	плеймейт
Seitengasse	переулок
Ypsilon	ипсилон
Votum	вотум
Mechanisierung	механизация
Kongressmitglied	конгрессмен
Kesselflicker	(бродячий) паяльщик
Steuerruder	руль
Telemetrie	техн. телеметрия
Axtmörder	маньяк с топором
Tretmühle	техн. ступенчатое колесо, топчак
Offenbarungseid	юр. показания должника в суде под присягой о своём имущественном положении
Maya-Ruine	руины майя
Fortpflanzungsorgan	анат., биол. репродуктивный о́рган, орган размножения
Bauplatz	стройплощадка
Bewährungshelferin	инспектор по надзору
Gewehrsalve	залп
Teewärmer	чехол для чайника
Gruppendynamik	групповая динамика
Empfangschef	администратор, портье
Amtssitz	резиденция
Nisse	гнида
Strahlenschaden	лучевое поражение
Immobilienbranche	рынок недвижимости
Staatsgeschäft	государственные дела
Fahnenflucht	дезерти́рство
Schnupftabak	нюхательный табак
zugig	продуваемый, открытый для сквозняков
Flaschendrehen	бутылочка
Produktionsleiter	директор (кинокартины)
Horrorgeschichte	страшная история
Hundenase	собачий нос
Theaterwissenschaft	театроведение
Alphamännchen	альфа-самец
Kautabak	жевательный табак
Prosciutto	прошутто
Jiu-Jitsu	джиу-джитсу
Freifahrt	ж.-д. бесплатный проезд
Selbstauslöser	автоспуск
Getränkehalter	подстаканник
Lykanthropie	ликантропия
Hydrocodon	гидрокодон
Investmentfirma	инвестиционная фирма
Nachnahme	наложенный платёж
Patentanmeldung	заявка на патент
Liebeszauber	любовные чары
Collie	колли, шотландская овчарка
caramba	карамба
Bierwerbung	реклама пива
Sicherheitsschloss	замок с предохранителем
Aceton	ацетон
Schutzzone	мед. зона санитарной охраны (напр., источника водоснабжения)
Labilität	лабильность
Autoaufkleber	наклейка на машину
Weinhändler	виноторговец
Trauerfall	случай смерти; смерть (члена семьи)
rumhuren	разг. блядовать
Nordstaat	северный штат
Kraftausdruck	сильное выражение; крепкое словцо
Zivilrecht	гражда́нское пра́во
Federkiel	ствол пера (птичьего)
Vermesser	геодезист; топограф; вычислитель
Hausverwaltung	домоуправление
Reposition	вправление
Triptychon	триптих
Startnummer	стартовый номер
Zuchthäusler	каторжник
Chaya	Хая
Geburtswehe	родовая схватка
Wirtschaftsverbrechen	экономическое преступление
Minenwerfer	миномёт
Fetti	толстяк
Bürgerrechtler	правозащитник
Blitzkrieg	блицкриг
Paukenschlag	удар в литавры
Rentenversicherung	пенсионное страхование
Ferkelchen	поросёночек
Rittersporn	живокость, дельфиниум
Trümmerfeld	руины, развалины
Gesichtscreme	крем для лица
Vertragsbruch	наруше́ние догово́ра
Firlefanz	мишура́, барахло, дура́чество, глу́пость
Lametta	мишура
Bleivergiftung	отравление свинцом
Polizeibrutalität	полицейский произвол
Drachenfliegen	дельтапланеризм
Verursacher	зачинщик, виновник (чего-л.)
Schlangengift	змеиный яд
Farbverdünner	разбавитель краски
zigeunern	цыганить, бродяжничать
Liebestraum	грёзы любви
Vogelscheiße	птичье дерьмо
Salatschleuder	сушилка для салата
Rakel	ракель
Entrecote	антрекот
Brotkrume	хлебный мякиш
Aktenzeichen	номер дела
Serienmord	серийное убийство
Eisenhut	борец, аконит
Kerkermeister	истор. тюремщик
Schraps	шнапс
Fischbein	китовый ус
Hiobsbotschaft	дурная весть
Prokurist	прокурист
herausfiltern	отфильтровывать
benachteiligt	обделённый, ущемлённый
Krume	мякиш (хлебный)
Gaze	марля
renitent	строптивый, непослушный, непокорный
floppen	прыгать флопом, прыгать в высоту способом фосбюри-флоп
zurechtbiegen	выпрямлять
Regierungsauftrag	государственный заказ
Gegenklage	юр. встречный иск, встречная жалоба
heranfahren	подъезжать
Bohrung	сверление; бурение
oberfaul	очень ленивый
docken	доковать, вводить (ставить) в док (судно)
Gelegenheitsjob	подработка
Sitzreihe	ряд (в зрительном зале)
aufklappen	открывать, открыть, поднимать
moslemisch	мусульманский (о вероисповедании)
blutsaugend	кровососущий
Weißfisch	зоол. уклейка
dunken	забивать сверху
Sangria	сангрия
Frivolität	фривольность; легкомыслие
schneidig	молодцеватый, подтянутый; энергичный; бойкий, ухарский; ловкий
durchvögeln	перетрахать
Zungenkuss	французский поцелуй, поцелуй взасос
Festumzug	праздничное шествие, (праздничная) демонстрация
Breakdance	брейк-данс
Wandbild	настенная фреска; панно
ungelogen	без вранья, честно
Erdenkind	дитя земли
Hochadel	высшая знать
Wasserplanet	водная планета
Krabbenfischer	ловец крабов
Vernichter	разрушитель, истребитель (чего-л.)
Gedankenverbrechen	мыслепреступление
diszipliniert	дисциплинированный
Quatschkopf	болтун, брехун, пустомеля
verulken	разг. подшучивать (над кем-л.); разыгрывать (кого-л.)
diffus	расплывчатый, неясный, диффузный
Stipendiat	стипендиат
Berggorilla	горная горилла
Mikado	микадо, палочки
hirnrissig	сумасбродный, безрассудный
stocktaub	глухой как пень
nubisch	нубийский
Bezugspunkt	исходная точка
katzbuckeln	раболепствовать, пресмыкаться, низкопоклонничать
löchern	пробивать отверстия, перфорировать
Galerist	галерист
Kamasutra	камасутра
Florentiner	флорентийский
Therapiestunde	сеанс терапии
achteraus	за кормой
Haltepunkt	остановка, точка остановки
abschussbereit	готовый к пуску
Sozi	пренебр. социал-демократ
Bruderliebe	любовь к брату (к братьям)
vollmundig	полноценный во вкусовом отношении (о вине)
Beauftragte	уполномоченная
herumspazieren	разг. гулять, прогуливаться (где-л – в лесу и т. п.)
Familienglück	семейное счастье
durchfüttern	прокормить (кого-л. какое-л. время)
Schlegel	голяшка, окорок
schmeichelnd	льстивый, лестный
Massenselbstmord	массовое самоубийство
komatös	коматозный
Übertretung	проступок; правонарушение
Schmiererei	разг. мазня, пачкотня
Makrone	макарон
halsstarrig	упрямый, твердолобый; упорный
zurückwollen	хотеть вернуться обратно; хотеть отойти (отступить)
Hinkelstein	менгир
Lungenschaden	поражение лёгких
Filmplakat	киноафиша
untertänig	верноподданнический
Großstadtlegende	байка, городская легенда
zivilrechtlich	гражданско-правовой
Nockerl	клёцка
Amputierte	ампутированная
Armbinde	повязка на руку
abpumpen	откачивать, выкачивать
Menthol	ментол
stochern	тыкать
Grabkammer	гробница
Rapier	рапи́ра
Präriehund	зоол. луговая собачка
Amethyst	аметист
bolschewistisch	большевистский
Chronometer	хронометр
Roulade	рулет, рулада
Beschwörungsformel	заговор, заклинание
Polarkreis	полярный круг
abschleifen	обтачивать; оттачивать
Fanal	маяк; сигнальный огонь
Motorsport	моторные виды спорта
ausgereift	зрелый, доработанный
ungeschlechtlich	бесполый
Wasserschlange	водяная змея, морская змея
Übereifer	чрезмерное (неразумное) рвение (усердие), рьяность
Carte	карта
Hofknicks	реверанс
zurücktreiben	отгонять; гнать обратно (назад)
Jagdbomber	истребитель-бомбардировщик
Justitia	Юстиция
zutreten	подходить, приближаться (к кому-л)
Kelp	ламинария
herumirren	блуждать
Konsorte	пренебр. сообщник, (со)участник
Fahnenträger	знаменосец
njam	ням
unstet	непостоя́нный, ненадежный, изме́нчивый, непосе́дливый
Energieniveau	уровень энергии
Dämonenjägerin	охотница на демонов
einflechten	заплетать (волосы); вплетать
Weihnachtsspiel	рождественский спектакль
Forschungsschiff	научно-исследовательское судно
Punkrock	панк-рок
Verdorbenheit	испорченность; развращённость, порочность
durchschnitten	разрезанный, перерезанный
Ökologe	эколог
unumstößlich	непреложный
holografisch	голографический
gepolstert	мягкий, набитый
pinseln	мед. смазывать (кисточкой)
rollig	течный
winterfest	зимостойкий, зимоустойчивый
Beckmesser	педант, придира
weltbewegend	потрясающий, эпохальный
Normalsterblicher	обычный смертный
Metallstück	кусок металла
Entführter	похищенный
nagut	ну ладно
Preiselbeersaft	клюквенный сок
abhärten	закалять, закаляться
Straßenjunge	уличный мальчишка
aberwitzig	сумасбродный, безрассудный
Käsemesser	нож для сыра
geifern	брызгать слюной
Metallurgie	металлургия
höfisch	придворный
gelehrig	понятливый, смышлёный, способный; переимчивый
Seidenpyjama	шёлковая пижама
abklatschen	пренебр. делать оттиск; делать (скверную) копию; изображать
Tucke	педик
gegenzeichnen	ставить, визировать
Landratte	сухопутная крыса
Juror	член жюри
Marone	каштан
personell	кадровый
khaki	хаки
sozialisieren	социализировать
Sauerstoffflasche	кислородный баллон
abhandeln	выторговывать (что-л. у кого-л.)
Wurstfinger	толстые пальцы
unzüchtig	развратный, распутный, безнравственный
hinaufschauen	смотреть вверх
Eliteeinheit	элитное подразделение
Sicherheitsbehörde	служба безопасности
Geiss	коза
Nacktszene	сцена с обнажёнкой
Sozialhilfescheck	чек на пособие
Crescendo	крещендо
A-a	ка-ка
abtörnen	расстроить, испортить настроение
kampferprobt	обстрелянный, закалённый в боях
Craps	крэпс
Concha	раковина
Katalognummer	номер по каталогу
casten	бросать
Stuhlbein	ножка стула
unbefriedigt	неудовлетворённый; неутолённый (о голоде, жажде)
Toxikologe	токсиколог
festketten	приковать
brühen	варить, заваривать, шпарить, ошпаривать
taufrisch	свежий от росы, росистый
anrollen	подкатывать
Ismus	ирон. изм
Festnehmen	арестовывать
abspulen	разматывать
Chorknabe	певчий, мальчик из хора
Arschbombe	прыжок-"бомбочка" (вид прыжка в воду)
Trampelpfad	протоптанная (через газон) дорожка, тропинка
überlappen	перекрывать внахлёстку, перекрывать с напуском
kundschaften	разведывать, исследовать
heillos	разг. ужасный, страшный, очень сильный; скверный
eingestuft	классифицированный, отнесённый
Sauerstofftank	кислородный баллон
Pompon	помпон
Bürozeit	служебное (рабочее) время (в учреждении)
Laserschwert	световой меч
resetten	сбрасывать, ресетить
neunmalklug	умник, всезнайка
Motorenlärm	шум двигателя
Tonlage	залежь глины
Fluglotse	авиадиспетчер
Bananenbrot	банановый хлеб
Oida	чувак
Fünfling	один из пяти близнецов
Göttergatte	муженёк
Diskus	спорт. диск
unbedeckt	непокрытый
wöllen	срыгивать проглоченную шерсть (о хищных птицах)
Giftzwerg	злобный карлик
miefen	рег. (н.-нем.) разг. es mieft hier ≈ здесь спёртый воздух (вонь); здесь хоть топор вешай
Obergefreiter	обер-ефрейтор
aussöhnen	мирить, примирять
Tagesbericht	бюллетень; хроника (за день) (в газете)
Lavalampe	лава-лампа
Facelifting	подтяжка лица
hochgestochen	напыщенный
Glaswand	стеклянная стена
Stilllegung	вывод из эксплуатации
sensibilisieren	спец. сенсибилизировать
segensreich	благодатный; полезный, успешный
kriminalistisch	криминалистический
Lieferschein	накладная
Schädelfragment	фрагмент черепа
nachzahlen	оплачивать дополнительно, оплачивать (выплачивать) задним числом
pieksen	колоть, тыкать
herabregnen	выпадать (об осадках)
verkloppen	разг. продать, спустить
abschnallen	расстёгивать (пряжку); отстёгивать (пристёгнутое пряжкой)
Fettauge	блёстка жира (на супе)
herauspressen	выжимать; выдавливать; выпрессовывать
Kohlrübe	брюква, кольраби
Bandenchef	главарь банды
Konteradmiral	морск. контр-адмирал
Leihgebühr	плата за прокат
Gewalttätiger	буян, насильник
aufblähen	надувать; раздувать (тж. перен.)
losmarschieren	выступать в поход
Fresser	разг. обжора
erzielt	достигнутый
Türriegel	дверная задвижка
verwackeln	фотогр. смазать
festschrauben	завинчивать; привинчивать
Kismet	судьба
Eissalon	кафе-мороженое
Rohleder	сыромятная кожа
verbrutzeln	пережаривать, сжигать
Gesangbuch	сборник псалмов
zureiten	объезжать (лошадь)
rassig	породистый
hochbinden	подвязывать (напр. спадающие вниз ветви, волосы и т. п.)
gediegen	самородный
herumbasteln	разг. возиться (с чем-л), ремонтировать, переделывать (что-л своими руками, обыкн без видимого успеха)
aufblitzen	сверкать, блестеть, вспыхивать
beseelen	вкладывать душу; воодушевять, оживлять, одухотворять; вдохновлять
Reklametafel	рекламный щит
fortschaffen	убирать, уносить, увозить
Innendienst	работа в офисе
mitführen	везти (нести) с собой; иметь при себе; иметь на борту; транспортировать
Feldhockey	хоккей на траве
schwerreich	очень богатый
Hybris	наглая заносчивость
Pad	коврик для компьютерной мыши, коврик для мыши, ватный диск, чалда
Sicherheitsexperte	эксперт по безопасности
hinkönnen	быть в состоянии прийти (туда)
Luxusurlaub	роскошный отпуск
Volksheld	народный герой
Koksen	разг. нюхать кокаин
Hernie	мед. грыжа
Narkotikum	наркотик, снотворное
Zitronenschale	лимонная цедра
Voyeurismus	вуайеризм
voranstellen	es sei vorangestellt, dass... — прежде всего оговоримся, что..
Reinigungskraft	способность (напр., реки) к самоочищению
millionenschwer	ein millionenschwerer Mensch — миллионер
stachelig	колючий
hochklassig	первоклассный (о качестве)
Anmachspruch	фраза для начала знакомства, фраза для подката
alkalisch	щелочной, основной
anbiedern	заискивать
Waisenjunge	мальчик-сирота
Indianerehrenwort	честное индейское
Nekromant	некромант
Fähnlein	флажок
Zuhälterin	сутенёрша
Opapa	дедуля
Strampler	ползунки
Elitetruppe	элитный отряд
einschlägig	соответствующий
ableugnen	отпираться
Bolschewist	большевичка
Glaubensrichtung	вероисповедание
räuberisch	хищнический; грабительский
Autogrammstunde	автограф-сессия
quengeln	ныть, жаловаться, плакаться
Candela	кандела
Bauingenieur	инженер-строитель
Gesetzesverstoß	нарушение закона
umrahmen	вставлять в новую рамку (картину)
Frachtmaschine	грузовой самолёт
Emoticon	смайл
Krebsart	вид рака
Quasar	квазар
anblicken	взглядывать, взглянуть, глядеть, поглядеть
Rallye	авторалли, ралли
Aktfoto	обнажённое фото
Saftpackung	пакет сока
wiegend	покачивающийся
Wachstumshormon	гормон роста
Verbindungsnachweis	детализация звонков
Blutverdünner	антикоагулянт, противосвёртывающий препарат
Beatmung	искусственное дыхание
Pökelfleisch	солонина
Trantüte	размазня, тюфяк
Glimmstängel	разг. сигарета, папироса
mordlustig	кровожадный
Gewehrschütze	стрелок
Schattierung	оттенок
Geheimdienstagent	агент разведки
Designerdroge	дизайнерский наркотик
Medellín-Kartell	Медельинский картель
Sexparty	секс-вечеринка
Hohlspitzgeschoss	экспансивная пуля
Gefängnisessen	тюремная еда
unauflösbar	неразрывный, нерасторжимый
Denunziation	донос
marschbereit	готовый к маршу
gestanden	стоял, выстоял
verengen	сужать
Totalausfall	полный отказ, полный провал
Lackschuh	лакированная туфля
Erguss	излияние, извержение
Damenbesuch	визит дамы
tragischerweise	трагически, по трагической случайности
Platzhalter	человек, занимающий место для другого
durchschieben	просовывать, продвигать, проталкивать
wegsterben	умирать (один за другим), вымирать
Benimm	манеры, воспитанность
Sicherheitslücke	нарушение безопасности
Bewunderin	поклонница
doubeln	дублировать
Kunsttherapie	арт-терапия
Krokette	крокет
Kirchenmitglied	прихожанин, член церкви
eisgekühlt	охлаждённый на льду
Galgenstrick	висельник, негодяй
Betonblock	бетонный блок
Scheißgeschichte	дерьмовая история
photonisch	фотонный
Shiatsu	шиацу
abfieren	спускать снасти, травить трос
Mutz	мишка, медведь (диал.)
Finca	финка, усадьба
Babygeschrei	детский плач, крик младенца
Effendi	эфенди
Pferdehaar	конский волос
Opferritual	жертвоприношение, ритуал жертвоприношения
Spore	спора
überspinnen	обвивать, оплетать, обматывать
